time,open,high,low,close,Volume
2016-02-25,158.09508,159.99984,156.19032,156.19032,1787626
2016-02-26,158.09508,191.42838,158.09508,180.9522,27904302
2016-02-29,179.99982,196.19028,179.99982,186.66648,17030491
2016-03-01,186.66648,189.52362,181.90458,182.85696,6500030
2016-03-02,182.85696,194.28552,182.85696,186.66648,16811041
2016-03-03,190.476,190.476,184.76172,184.76172,9905708
2016-03-04,185.7141,187.61886,183.80934,184.76172,7446607
2016-03-07,190.476,199.04742,186.66648,190.476,54392677.99999999
2016-03-08,196.19028,201.90456,188.57124,189.52362,51153425.00000001
2016-03-10,191.42838,196.19028,189.52362,190.476,13947163
2016-03-11,190.476,190.476,183.80934,185.7141,14533064
2016-03-14,186.66648,189.52362,180.9522,182.85696,16140616
2016-03-15,182.85696,182.85696,175.23792,176.1903,12645687
2016-03-16,178.09506,179.04744,172.38078,177.14268,15534239
2016-03-17,180.9522,187.61886,180.9522,184.76172,40975240
2016-03-18,183.80934,195.2379,183.80934,189.52362,42787541.99999999
2016-03-21,192.38076,195.2379,186.66648,190.476,10365084
2016-03-22,191.42838,201.90456,191.42838,196.19028,32694932
2016-03-23,198.09504,219.99978,197.14266,214.2855,51467376
2016-03-24,213.33312,218.09502,200.95218,200.95218,33176357
2016-03-28,200.95218,227.61882,190.476,227.61882,47447447.00000001
2016-03-29,228.5712,282.85686,228.5712,257.1426,114932063
2016-03-30,257.1426,280.9521,239.99976,253.33308,87438310.99999999
2016-03-31,257.1426,299.9997,254.28546,284.76162,87709737.00000001
2016-04-01,284.76162,291.42828,266.6664,273.33306,39612339
2016-04-04,281.90448,285.714,258.09498,273.33306,31213905
2016-04-05,273.33306,319.99968,268.57116,310.47588,141821541
2016-04-06,311.42826,354.28536,311.42826,327.61872,175390599
2016-04-07,333.333,343.80918,319.99968,323.8092,65816165
2016-04-08,323.8092,328.5711,302.85684,308.57112,46952896
2016-04-11,314.2854,318.09492,292.38066,298.09494,42590141.99999999
2016-04-12,299.04732,312.38064,294.28542,300.95208,32857682
2016-04-13,306.66636,318.09492,305.71398,309.5235,28602028
2016-04-14,314.2854,314.2854,287.61876,291.42828,23934773
2016-04-15,291.42828,294.28542,273.33306,280.9521,21435770
2016-04-18,280.9521,280.9521,256.19022,257.1426,25922950
2016-04-19,259.04736,271.4283,257.1426,262.85688,16100715
2016-04-20,264.76164,269.52354,260.95212,263.80926,24130599
2016-04-21,266.6664,304.7616,266.6664,301.90446,60541485
2016-04-22,301.90446,315.23778,295.2378,296.19018,40834539.00000001
2016-04-25,297.14256,299.9997,281.90448,286.66638,11915936
2016-04-26,287.61876,290.4759,272.38068,278.09496,13281462
2016-04-27,281.90448,299.9997,281.90448,292.38066,23803523
2016-04-28,297.14256,307.61874,296.19018,304.7616,44751568
2016-04-29,304.7616,332.38062,301.90446,319.0473,69780968
2016-05-02,318.09492,341.90442,294.28542,325.71396,53337952
2016-05-03,325.71396,332.38062,317.14254,320.95206,21438395
2016-05-04,320.95206,338.0949,319.99968,325.71396,41941241
2016-05-09,327.61872,335.23776,318.09492,319.99968,16633065
2016-05-10,318.09492,323.8092,288.57114,298.09494,12621536
2016-05-11,303.80922,311.42826,303.80922,307.61874,10320459
2016-05-12,314.2854,314.2854,302.85684,304.7616,3702303
2016-05-13,304.7616,314.2854,299.04732,299.9997,8510257
2016-05-16,300.95208,304.7616,298.09494,299.9997,2730002
2016-05-17,304.7616,313.33302,301.90446,302.85684,7575757
2016-05-18,304.7616,310.47588,301.90446,302.85684,6559355
2016-05-19,302.85684,304.7616,295.2378,295.2378,3290177
2016-05-20,295.2378,300.95208,288.57114,290.4759,2628151
2016-05-23,289.52352,298.09494,280.9521,283.80924,3499652
2016-05-24,281.90448,281.90448,259.99974,261.9045,19262794
2016-05-25,266.6664,280.9521,261.9045,278.09496,20064469
2016-05-26,280.9521,294.28542,279.99972,288.57114,11566285
2016-05-27,290.4759,290.4759,271.4283,272.38068,12810536
2016-05-30,272.38068,279.04734,267.61878,267.61878,6619205
2016-05-31,267.61878,271.4283,264.76164,264.76164,6083180
2016-06-01,266.6664,266.6664,260.95212,262.85688,6316805
2016-06-02,261.9045,278.09496,261.9045,270.47592,13610112
2016-06-03,274.28544,279.99972,267.61878,268.57116,8929733
2016-06-06,270.47592,273.33306,259.99974,260.95212,12756987
2016-06-07,265.71402,269.52354,262.85688,264.76164,11583085
2016-06-08,266.6664,270.47592,262.85688,264.76164,15159389
2016-06-09,266.6664,269.52354,261.9045,264.76164,10920534
2016-06-10,264.76164,266.6664,247.6188,253.33308,33144332
2016-06-13,247.6188,249.52356,239.04738,239.99976,10799260
2016-06-14,239.99976,241.90452,230.47596,231.42834,7166782
2016-06-15,230.47596,257.1426,218.09502,247.6188,31745206
2016-06-16,246.66642,259.99974,246.66642,250.47594,36117410
2016-06-17,251.42832,266.6664,248.57118,266.6664,25422624
2016-06-20,266.6664,296.19018,266.6664,289.52352,84186458
2016-06-21,291.42828,299.9997,281.90448,281.90448,35748335
2016-06-22,282.85686,287.61876,274.28544,275.23782,11996786
2016-06-23,275.23782,275.23782,267.61878,269.52354,5803354
2016-06-24,271.4283,276.1902,257.1426,266.6664,14298913
2016-06-27,266.6664,276.1902,263.80926,266.6664,9194333
2016-06-28,271.4283,275.23782,267.61878,268.57116,5927780
2016-06-29,270.47592,276.1902,265.71402,270.47592,8195257
2016-06-30,275.23782,287.61876,272.38068,285.714,33497657
2016-07-01,291.42828,357.1425,291.42828,356.19012,257890757
2016-07-11,371.4282,371.4282,357.1425,360.95202,86922235.00000001
2016-07-12,359.99964,362.85678,346.66632,348.57108,44102143
2016-07-13,349.52346,349.52346,336.19014,340.95204,29506604
2016-07-14,340.95204,358.09488,331.42824,337.14252,53083852
2016-07-15,338.0949,345.71394,337.14252,340.95204,14485814
2016-07-18,339.04728,348.57108,337.14252,340.95204,10602910
2016-07-19,342.8568,342.8568,328.5711,337.14252,22122996
2016-07-20,337.14252,339.04728,332.38062,332.38062,10367184
2016-07-21,333.333,335.23776,323.8092,326.66634,16053990
2016-07-22,327.61872,330.47586,324.76158,326.66634,2770951
2016-07-25,326.66634,326.66634,316.19016,319.0473,8739682
2016-07-26,319.0473,319.0473,311.42826,314.2854,9042083
2016-07-27,315.23778,328.5711,314.2854,324.76158,9643734
2016-07-28,324.76158,330.47586,324.76158,325.71396,9110333
2016-07-29,327.61872,330.47586,319.99968,320.95206,8511832
2016-08-01,321.90444,321.90444,312.38064,313.33302,11920136
2016-08-02,313.33302,326.66634,309.5235,313.33302,13965538
2016-08-03,315.23778,319.99968,309.5235,309.5235,8644658
2016-08-04,310.47588,319.0473,309.5235,312.38064,6601356
2016-08-05,316.19016,317.14254,310.47588,310.47588,3766353
2016-08-08,314.2854,339.99966,312.38064,336.19014,74169448
2016-08-09,338.0949,353.33298,338.0949,340.95204,64338813
2016-08-10,342.8568,345.71394,327.61872,328.5711,17266216
2016-08-11,329.52348,329.52348,321.90444,323.8092,9993384
2016-08-12,325.71396,335.23776,319.99968,319.99968,11568910
2016-08-15,325.71396,326.66634,303.80922,307.61874,10682710
2016-08-16,309.5235,313.33302,303.80922,307.61874,14278964
2016-08-18,308.57112,318.09492,304.7616,311.42826,10821835
2016-08-19,316.19016,325.71396,311.42826,311.42826,25697724
2016-08-22,315.23778,322.85682,307.61874,316.19016,15899115
2016-08-23,319.0473,347.6187,319.0473,328.5711,82718031
2016-08-24,333.333,338.0949,320.95206,320.95206,20006194
2016-08-25,319.99968,320.95206,309.5235,314.2854,14688989
2016-08-26,314.2854,317.14254,304.7616,306.66636,14189713
2016-08-29,304.7616,312.38064,288.57114,291.42828,20700770
2016-08-30,290.4759,294.28542,276.1902,281.90448,21470945
2016-08-31,279.99972,290.4759,279.99972,289.52352,8429932
2016-09-01,289.52352,289.52352,281.90448,281.90448,3647177
2016-09-02,282.85686,286.66638,280.9521,283.80924,3706502
2016-09-05,285.714,290.4759,284.76162,284.76162,5238980
2016-09-06,289.52352,289.52352,282.85686,282.85686,3621452
2016-09-07,283.80924,286.66638,282.85686,283.80924,2833427
2016-09-08,285.714,285.714,282.85686,283.80924,2541002
2016-09-09,285.714,295.2378,283.80924,287.61876,12213087
2016-09-13,287.61876,292.38066,278.09496,278.09496,6665931
2016-09-14,285.714,285.714,259.99974,262.85688,11448160
2016-09-15,266.6664,270.47592,262.85688,266.6664,5609629
2016-09-16,276.1902,303.80922,276.1902,297.14256,41899241.00000001
2016-09-19,304.7616,315.23778,295.2378,301.90446,44212393
2016-09-20,300.95208,308.57112,291.42828,291.42828,15112139
2016-09-21,293.33304,293.33304,284.76162,290.4759,6986181
2016-09-22,291.42828,299.04732,288.57114,288.57114,10379785
2016-09-23,285.714,291.42828,278.09496,285.714,5668955
2016-09-26,285.714,285.714,279.04734,282.85686,3727503
2016-09-27,282.85686,289.52352,282.85686,286.66638,4217853
2016-09-28,288.57114,304.7616,287.61876,291.42828,34256808
2016-09-29,295.2378,301.90446,291.42828,291.42828,20992145
2016-09-30,292.38066,296.19018,286.66638,291.42828,8249858
2016-10-03,295.2378,302.85684,283.80924,285.714,32768432
2016-10-04,285.714,289.52352,282.85686,284.76162,8571158
2016-10-05,284.76162,286.66638,273.33306,277.14258,21554421
2016-10-06,279.04734,285.714,276.1902,276.1902,11585711
2016-10-07,278.09496,288.57114,277.14258,277.14258,15822990
2016-10-10,278.09496,279.04734,268.57116,268.57116,13206912
2016-10-11,271.4283,278.09496,268.57116,268.57116,18609693
2016-10-12,268.57116,271.4283,265.71402,266.6664,9844283
2016-10-13,266.6664,267.61878,260.95212,263.80926,7301181
2016-10-14,264.76164,271.4283,262.85688,265.71402,15929565
2016-10-17,265.71402,268.57116,260.95212,263.80926,5379154
2016-10-18,263.80926,264.76164,260.95212,260.95212,8727083
2016-10-19,260.95212,264.76164,249.52356,249.52356,17783341
2016-10-20,252.3807,260.95212,249.52356,254.28546,27273776
2016-10-21,276.1902,276.1902,255.23784,263.80926,61426636
2016-10-24,263.80926,269.52354,258.09498,259.99974,14642789
2016-10-25,265.71402,270.47592,260.95212,261.9045,28288077
2016-10-26,262.85688,262.85688,255.23784,257.1426,18487893
2016-10-27,259.04736,260.95212,251.42832,251.42832,12317561
2016-10-28,256.19022,259.04736,249.52356,249.52356,8549108
2016-10-31,249.52356,255.23784,249.52356,249.52356,20942269
2016-11-01,247.6188,249.52356,242.8569,245.71404,11235011
2016-11-02,247.6188,275.23782,246.66642,275.23782,104902978.99999999
2016-11-03,284.76162,316.19016,277.14258,289.52352,307030807
2016-11-04,288.57114,300.95208,278.09496,287.61876,62039836
2016-11-07,287.61876,292.38066,280.9521,280.9521,26707825
2016-11-08,282.85686,283.80924,269.52354,269.52354,31268505
2016-11-09,269.52354,279.04734,253.33308,270.47592,40078013.99999999
2016-11-10,276.1902,280.9521,270.47592,270.47592,19475943
2016-11-11,270.47592,278.09496,259.04736,270.47592,29824229
2016-11-14,270.47592,270.47592,258.09498,261.9045,8045107
2016-11-15,261.9045,262.85688,239.99976,240.95214,34613284
2016-11-16,247.6188,256.19022,246.66642,250.47594,18748293
2016-11-17,250.47594,254.28546,249.52356,249.52356,4691404
2016-11-18,259.04736,262.85688,247.6188,252.3807,8976983
2016-11-21,255.23784,258.09498,252.3807,252.3807,7190407
2016-11-22,259.04736,270.47592,257.1426,263.80926,41198889.99999999
2016-11-23,264.76164,269.52354,258.09498,259.04736,13275163
2016-11-24,258.09498,259.04736,249.52356,249.52356,11639261
2016-11-25,250.47594,257.1426,242.8569,243.80928,29298704
2016-11-28,243.80928,246.66642,235.23786,235.23786,22726222
2016-11-29,237.14262,245.71404,234.28548,234.28548,19720069
2016-11-30,234.28548,241.90452,234.28548,239.99976,15364665
2016-12-01,244.76166,265.71402,244.76166,258.09498,60577185
2016-12-02,262.85688,270.47592,260.95212,260.95212,32302757
2016-12-05,265.71402,266.6664,257.1426,261.9045,17951867
2016-12-06,263.80926,265.71402,257.1426,257.1426,19148868
2016-12-07,258.09498,258.09498,249.52356,253.33308,7598856
2016-12-08,256.19022,257.1426,247.6188,249.52356,14757238
2016-12-09,254.28546,257.1426,250.47594,256.19022,14232238
2016-12-13,263.80926,273.33306,262.85688,265.71402,70660868.99999999
2016-12-14,265.71402,266.6664,259.99974,263.80926,35164009
2016-12-15,261.9045,264.76164,253.33308,256.19022,21984396
2016-12-16,256.19022,258.09498,254.28546,254.28546,5675779
2016-12-19,257.1426,261.9045,244.76166,247.6188,14680589
2016-12-20,243.80928,248.57118,241.90452,242.8569,13902538
2016-12-21,245.71404,250.47594,243.80928,248.57118,10561960
2016-12-22,248.57118,248.57118,232.38072,237.14262,21488795
2016-12-23,241.90452,241.90452,233.3331,234.28548,8136982
2016-12-27,234.28548,244.76166,234.28548,243.80928,17715617
2016-12-28,247.6188,250.47594,244.76166,245.71404,15701190
2016-12-29,247.6188,252.3807,245.71404,247.6188,36811461
2016-12-30,251.42832,251.42832,247.6188,251.42832,31804006
2017-01-03,253.33308,259.04736,250.47594,257.1426,17850542
2017-01-04,257.1426,296.19018,257.1426,296.19018,179443603.00000003
2017-01-05,299.04732,304.7616,274.28544,285.714,110809235
2017-01-06,287.61876,293.33304,279.99972,287.61876,45535918.99999999
2017-01-09,288.57114,290.4759,281.90448,285.714,19477518
2017-01-10,285.714,290.4759,278.09496,284.76162,26758226
2017-01-11,283.80924,292.38066,283.80924,284.76162,32496482
2017-01-12,286.66638,287.61876,279.99972,280.9521,19684369
2017-01-13,280.9521,288.57114,274.28544,277.14258,20540644
2017-01-16,277.14258,284.76162,270.47592,272.38068,11162560
2017-01-17,272.38068,275.23782,264.76164,265.71402,17126041
2017-01-18,266.6664,266.6664,260.95212,264.76164,9847434
2017-01-19,264.76164,264.76164,255.23784,258.09498,22943572
2017-01-20,259.04736,268.57116,255.23784,256.19022,43809718
2017-01-23,259.04736,271.4283,259.04736,268.57116,37471386
2017-01-24,270.47592,275.23782,265.71402,265.71402,25046199
2017-01-25,266.6664,269.52354,259.99974,262.85688,11462861
2017-01-26,264.76164,266.6664,259.99974,263.80926,11250760
2017-01-27,266.6664,270.47592,260.95212,261.9045,8291857
2017-01-30,261.9045,262.85688,259.99974,261.9045,8541758
2017-01-31,264.76164,269.52354,260.95212,264.76164,20690795
2017-02-01,268.57116,291.42828,268.57116,290.4759,103878703
2017-02-02,290.4759,292.38066,281.90448,285.714,35517860
2017-02-03,286.66638,287.61876,278.09496,280.9521,11039710
2017-02-06,280.9521,286.66638,277.14258,278.09496,12854111
2017-02-07,278.09496,282.85686,275.23782,275.23782,13391187
2017-02-08,275.23782,289.52352,273.33306,288.57114,37488711
2017-02-09,288.57114,291.42828,282.85686,286.66638,22455847
2017-02-10,288.57114,329.52348,288.57114,324.76158,219011843
2017-02-13,333.333,388.57104,326.66634,380.952,310659085
2017-02-14,390.4758,438.0948,369.52344,420.95196,200931874
2017-02-16,420.95196,502.85664,415.23768,491.42808,183630482.99999997
2017-02-17,495.2376,542.8566,459.04716,527.61852,224641424.00000003
2017-02-20,533.3328,556.18992,504.7614,504.7614,188545012.00000003
2017-02-21,506.66616,525.71376,481.90428,497.14236,70990045
2017-02-22,497.14236,518.09472,438.0948,478.09476,124421973
2017-02-23,478.09476,537.14232,453.33288,500.95188,142761292
2017-02-24,504.7614,521.90424,485.7138,500.95188,50810600
2017-02-27,497.14236,508.57092,485.7138,485.7138,16780066
2017-02-28,483.80904,489.52332,474.28524,476.19,14200213
2017-03-01,476.19,476.19,443.80908,459.04716,22146097
2017-03-02,468.57096,500.95188,447.6186,489.52332,40124740.00000001
2017-03-03,491.42808,521.90424,489.52332,504.7614,156702681
2017-03-06,506.66616,531.42804,506.66616,514.2852,71992271
2017-03-07,514.2852,523.809,489.52332,502.85664,58429932
2017-03-08,495.2376,518.09472,495.2376,499.04712,29091854
2017-03-09,495.2376,502.85664,483.80904,493.33284,16392615
2017-03-10,491.42808,510.47568,485.7138,495.2376,20573719
2017-03-13,499.04712,504.7614,481.90428,483.80904,29246203
2017-03-14,483.80904,502.85664,483.80904,489.52332,34380183
2017-03-15,500.95188,569.52324,499.04712,559.99944,327843927
2017-03-16,554.28516,584.76132,546.66612,552.3804,168757217.99999997
2017-03-17,554.28516,561.9042,535.23756,546.66612,79124929.00000001
2017-03-20,542.8566,558.09468,540.95184,548.57088,33689283
2017-03-21,548.57088,577.14228,548.57088,556.18992,84133957.99999999
2017-03-22,552.3804,561.9042,548.57088,556.18992,18885318
2017-03-23,556.18992,571.428,552.3804,563.80896,40866040
2017-03-24,567.61848,577.14228,561.9042,569.52324,27640751
2017-03-27,571.428,596.18988,569.52324,590.4756,93020642
2017-03-29,596.18988,638.0946,594.28512,628.5708,96068270
2017-03-30,634.28508,678.09456,634.28508,674.28504,148560972
2017-03-31,678.09456,708.57072,634.28508,666.666,210817634
2017-04-03,666.666,687.61836,647.6184,683.80884,52479051
2017-04-04,691.42788,700.95168,634.28508,634.28508,202697451.99999997
2017-04-05,638.0946,655.23744,605.71368,607.61844,102894327
2017-04-06,619.047,638.0946,592.38036,599.9994,98651273
2017-04-07,609.5232,659.04696,603.80892,659.04696,127623952
2017-04-10,647.6184,670.47552,639.99936,639.99936,87404712.00000001
2017-04-11,647.6184,660.95172,643.80888,647.6184,60735210.00000001
2017-04-12,651.42792,655.23744,641.90412,643.80888,28740103
2017-04-13,645.71364,660.95172,641.90412,645.71364,34483608
2017-04-17,647.6184,649.52316,619.047,628.5708,29485078
2017-04-18,626.66604,641.90412,619.047,622.85652,28284402
2017-04-20,634.28508,634.28508,584.76132,599.9994,60447509
2017-04-21,601.90416,613.33272,592.38036,603.80892,38579663
2017-04-25,603.80892,609.5232,580.9518,590.4756,34244733
2017-04-26,594.28512,609.5232,588.57084,592.38036,57529557
2017-04-27,592.38036,605.71368,590.4756,590.4756,57882881.99999999
2017-04-28,573.33276,596.18988,569.52324,569.52324,50821100.00000001
2017-05-02,567.61848,569.52324,508.57092,508.57092,98314747.00000001
2017-05-03,512.38044,558.09468,504.7614,523.809,117939792.00000001
2017-05-04,525.71376,527.61852,483.80904,493.33284,82902306
2017-05-05,474.28524,500.95188,468.57096,481.90428,52478526.99999999
2017-05-08,489.52332,497.14236,459.04716,460.95192,68806043
2017-05-09,464.76144,472.38048,432.38052,438.0948,79800079.00000001
2017-05-10,439.99956,455.23764,419.0472,420.95196,47594972.00000001
2017-05-12,420.95196,451.42812,420.95196,430.47576,94908543
2017-05-15,434.28528,487.61856,432.38052,487.61856,145545369
2017-05-16,495.2376,531.42804,487.61856,523.809,157518006
2017-05-17,531.42804,531.42804,489.52332,514.2852,74883448.99999999
2017-05-18,514.2852,539.04708,502.85664,519.99948,83506583
2017-05-19,527.61852,535.23756,519.99948,527.61852,43510467.99999999
2017-05-22,533.3328,546.66612,514.2852,516.18996,43318317.00000001
2017-05-23,516.18996,523.809,504.7614,510.47568,23544698
2017-05-24,514.2852,540.95184,510.47568,540.95184,49179423
2017-05-26,527.61852,535.23756,514.2852,527.61852,49522247.99999999
2017-05-29,531.42804,542.8566,525.71376,527.61852,25071924
2017-05-30,533.3328,571.428,529.52328,561.9042,127040676
2017-05-31,561.9042,575.23752,542.8566,573.33276,133459333
2017-06-02,573.33276,577.14228,548.57088,550.47564,28387828
2017-06-05,548.57088,559.99944,533.3328,533.3328,26690501
2017-06-06,535.23756,544.76136,521.90424,531.42804,19626619
2017-06-07,533.3328,540.95184,529.52328,529.52328,14560888
2017-06-08,523.809,529.52328,506.66616,514.2852,64491062.99999999
2017-06-09,516.18996,518.09472,495.2376,510.47568,61695961
2017-06-12,502.85664,510.47568,500.95188,502.85664,9067284
2017-06-13,502.85664,518.09472,502.85664,508.57092,23069047
2017-06-14,510.47568,518.09472,506.66616,510.47568,25349650
2017-06-15,504.7614,508.57092,500.95188,506.66616,17998067
2017-06-16,506.66616,510.47568,497.14236,499.04712,20790545
2017-06-19,500.95188,502.85664,478.09476,479.99952,20733845
2017-06-20,479.99952,481.90428,447.6186,453.33288,82543732.00000001
2017-06-21,447.6186,453.33288,428.571,436.19004,102705327
2017-06-22,432.38052,459.04716,428.571,436.19004,84103508
2017-07-03,451.42812,453.33288,436.19004,443.80908,69623469
2017-07-04,447.6186,455.23764,441.90432,441.90432,42469917.00000001
2017-07-05,445.71384,447.6186,434.28528,438.0948,26493625
2017-07-06,436.19004,436.19004,424.76148,430.47576,27379826
2017-07-07,428.571,436.19004,428.571,430.47576,9734558
2017-07-10,439.99956,441.90432,430.47576,432.38052,17830067
2017-07-11,432.38052,468.57096,432.38052,464.76144,113435287.00000001
2017-07-12,468.57096,476.19,459.04716,468.57096,61671286
2017-07-13,468.57096,470.47572,455.23764,457.1424,23428672
2017-07-14,459.04716,464.76144,451.42812,453.33288,9665259
2017-07-17,466.6662,518.09472,460.95192,518.09472,203756903
2017-07-18,519.99948,531.42804,510.47568,521.90424,97633820.99999999
2017-07-19,525.71376,537.14232,519.99948,519.99948,55704655
2017-07-20,523.809,529.52328,506.66616,519.99948,31336231
2017-07-21,519.99948,525.71376,491.42808,493.33284,29244628
2017-07-24,499.04712,502.85664,476.19,489.52332,24715974
2017-07-25,491.42808,497.14236,483.80904,493.33284,19482769
2017-07-26,514.2852,525.71376,504.7614,519.99948,86084860.99999999
2017-07-27,521.90424,537.14232,504.7614,504.7614,82144207
2017-07-28,514.2852,518.09472,504.7614,514.2852,28792078
2017-07-31,519.99948,521.90424,506.66616,506.66616,21175370
2017-08-01,495.2376,519.99948,495.2376,508.57092,39564039
2017-08-02,508.57092,508.57092,497.14236,500.95188,23217097
2017-08-03,502.85664,508.57092,497.14236,497.14236,7615657
2017-08-04,497.14236,508.57092,497.14236,500.95188,9193283
2017-08-07,504.7614,510.47568,497.14236,499.04712,8818433
2017-08-08,499.04712,508.57092,497.14236,497.14236,14362964
2017-08-09,499.04712,506.66616,497.14236,502.85664,18005417
2017-08-10,506.66616,540.95184,506.66616,537.14232,164540414.00000003
2017-08-11,537.14232,542.8566,518.09472,535.23756,77956277
2017-08-14,533.3328,535.23756,523.809,533.3328,15955290
2017-08-15,529.52328,558.09468,523.809,546.66612,78481278
2017-08-16,548.57088,550.47564,533.3328,537.14232,28638778
2017-08-18,537.14232,544.76136,529.52328,537.14232,16914466
2017-08-21,539.04708,550.47564,539.04708,540.95184,29473529
2017-08-22,540.95184,542.8566,533.3328,540.95184,16984291
2017-08-23,542.8566,567.61848,539.04708,559.99944,98711122.00000001
2017-08-24,559.99944,580.9518,559.99944,571.428,76881600
2017-08-25,571.428,580.9518,556.18992,571.428,28258152
2017-08-28,571.428,592.38036,565.71372,588.57084,69936368.99999999
2017-08-29,588.57084,611.42796,582.85656,590.4756,89948339.00000001
2017-08-30,590.4756,626.66604,590.4756,622.85652,67331841
2017-08-31,622.85652,628.5708,603.80892,628.5708,70461369
2017-09-04,628.5708,641.90412,617.14224,619.047,29884604
2017-09-05,619.047,632.38032,605.71368,628.5708,38243137.99999999
2017-09-06,630.47556,651.42792,626.66604,647.6184,50919800
2017-09-07,649.52316,662.85648,645.71364,645.71364,68779267
2017-09-08,647.6184,664.76124,643.80888,664.76124,63529263
2017-09-11,666.666,723.8088,647.6184,693.33264,102958115
2017-09-12,697.14216,708.57072,655.23744,655.23744,59640058
2017-09-13,655.23744,674.28504,605.71368,613.33272,91879291
2017-09-14,624.76128,632.38032,594.28512,598.09464,67990192
2017-09-15,601.90416,624.76128,563.80896,575.23752,87056373.99999999
2017-09-18,575.23752,582.85656,548.57088,563.80896,59349734
2017-09-19,571.428,647.6184,567.61848,643.80888,160806871.99999997
2017-09-20,647.6184,704.7612,647.6184,681.90408,238333044
2017-09-22,689.52312,716.18976,659.04696,700.95168,163150343.00000003
2017-09-25,700.95168,708.57072,670.47552,670.47552,97760478
2017-09-26,685.7136,693.33264,639.99936,647.6184,223956429
2017-09-27,647.6184,647.6184,586.66608,594.28512,146433408
2017-09-28,594.28512,624.76128,567.61848,620.95176,122903410.00000001
2017-09-29,624.76128,628.5708,586.66608,594.28512,87665111
2017-10-02,594.28512,613.33272,579.04704,609.5232,73298998
2017-10-03,617.14224,628.5708,594.28512,598.09464,126231519
2017-10-04,601.90416,613.33272,594.28512,605.71368,51166812
2017-10-05,605.71368,609.5232,590.4756,605.71368,64566139
2017-10-06,609.5232,624.76128,605.71368,609.5232,70130750
2017-10-09,609.5232,609.5232,598.09464,598.09464,43411243
2017-10-10,598.09464,609.5232,586.66608,605.71368,55834854.99999999
2017-10-11,613.33272,617.14224,598.09464,609.5232,48603761.00000001
2017-10-12,613.33272,617.14224,598.09464,605.71368,81279662
2017-10-13,609.5232,609.5232,598.09464,601.90416,36814742
2017-10-16,598.09464,605.71368,594.28512,598.09464,38432138
2017-10-17,598.09464,609.5232,594.28512,598.09464,46258714.00000001
2017-10-18,601.90416,609.5232,586.66608,594.28512,45986370
2017-10-19,598.09464,601.90416,586.66608,586.66608,43168955
2017-10-20,586.66608,594.28512,571.428,579.04704,41411253
2017-10-23,582.85656,586.66608,571.428,571.428,53720677
2017-10-24,563.80896,579.04704,563.80896,571.428,35305366
2017-10-25,571.428,598.09464,571.428,598.09464,59883659
2017-10-26,575.23752,601.90416,575.23752,594.28512,37777856
2017-10-27,601.90416,617.14224,594.28512,598.09464,67195210
2017-10-30,609.5232,613.33272,601.90416,601.90416,45652469
2017-10-31,605.71368,609.5232,598.09464,601.90416,28203289
2017-11-01,601.90416,605.71368,594.28512,601.90416,40103477.00000001
2017-11-02,601.90416,632.38032,594.28512,598.09464,142200198
2017-11-03,598.09464,601.90416,579.04704,590.4756,57511707
2017-11-06,590.4756,590.4756,567.61848,575.23752,62457211
2017-11-07,582.85656,594.28512,579.04704,579.04704,34507626.99999999
2017-11-08,582.85656,605.71368,579.04704,598.09464,64057675
2017-11-09,598.09464,601.90416,586.66608,594.28512,37087086
2017-11-10,594.28512,601.90416,586.66608,586.66608,31181224
2017-11-13,590.4756,613.33272,586.66608,598.09464,40779677.00000001
2017-11-14,598.09464,617.14224,598.09464,609.5232,77406470
2017-11-15,609.5232,617.14224,605.71368,609.5232,64166350
2017-11-16,609.5232,659.04696,609.5232,651.42792,238826545.00000003
2017-11-17,651.42792,655.23744,628.5708,632.38032,81587048.99999999
2017-11-20,636.18984,689.52312,632.38032,689.52312,236675616.99999997
2017-11-21,693.33264,708.57072,685.7136,693.33264,118385386
2017-11-22,697.14216,723.8088,697.14216,704.7612,163754225
2017-11-23,708.57072,716.18976,700.95168,704.7612,69770075
2017-11-24,708.57072,716.18976,697.14216,704.7612,35314290
2017-11-27,704.7612,712.38024,700.95168,704.7612,73461485
2017-11-28,704.7612,746.66592,674.28504,735.23736,195866014.00000003
2017-11-29,735.23736,754.28496,719.99928,719.99928,89780601
2017-11-30,723.8088,746.66592,712.38024,746.66592,80040398
2017-12-04,750.47544,777.14208,742.8564,769.52304,103868859
2017-12-05,773.33256,788.57064,761.904,780.9516,92362423
2017-12-06,780.9516,792.38016,773.33256,777.14208,89228693.99999999
2017-12-07,777.14208,784.76112,739.04688,761.904,90791621
2017-12-08,757.6712,761.904,689.9464,719.576,97522798
2017-12-11,719.576,728.0416,706.8776,723.8088,54569670
2017-12-12,723.8088,728.0416,711.1104,715.3432,47252173
2017-12-13,715.3432,753.4384,715.3432,749.2056,111208892
2017-12-14,744.9728,749.2056,715.3432,728.0416,104342515
2017-12-15,728.0416,740.74,715.3432,732.2744,74876086
2017-12-18,736.5072,736.5072,715.3432,715.3432,62208584.99999999
2017-12-19,715.3432,728.0416,711.1104,723.8088,76661075
2017-12-20,732.2744,749.2056,715.3432,732.2744,111480461.99999999
2017-12-21,736.5072,740.74,728.0416,728.0416,52218744
2017-12-22,740.74,766.1368,723.8088,757.6712,143368692
2017-12-27,766.1368,778.8352,757.6712,757.6712,81235470
2017-12-28,761.904,770.3696,740.74,753.4384,57711680
2017-12-29,753.4384,761.904,736.5072,753.4384,38584624
2018-01-02,753.4384,770.3696,753.4384,757.6712,45425014
2018-01-03,757.6712,770.3696,753.4384,753.4384,46648081
2018-01-04,770.3696,770.3696,757.6712,757.6712,49596130
2018-01-05,766.1368,812.6976,761.904,804.232,118722122
2018-01-08,829.6288,838.0944,804.232,816.9304,97001630
2018-01-09,816.9304,855.0256,816.9304,838.0944,94741069
2018-01-10,846.56,918.5176,846.56,914.2848,146874409
2018-01-11,914.2848,952.38,905.8192,910.052,84627315.00000001
2018-01-12,910.052,943.9144,910.052,926.9832,71625519
2018-01-15,935.4488,982.0096,935.4488,965.0784,89047202
2018-01-16,939.6816,1075.1312,939.6816,1066.6656,185410839
2018-01-17,1066.6656,1092.0624,1020.1048,1075.1312,109379016
2018-01-18,1083.5968,1168.2528,1066.6656,1100.528,156439236
2018-01-19,1100.528,1125.9248,1058.2,1083.5968,69597075
2018-01-22,1083.5968,1100.528,1070.8984,1087.8296,48321087
2018-01-23,1096.2952,1117.4592,1083.5968,1083.5968,58244188
2018-01-24,1117.4592,1117.4592,1066.6656,1070.8984,59777216
2018-01-25,1100.528,1155.5544,1087.8296,1138.6232,167250519
2018-01-26,1151.3216,1164.02,1117.4592,1121.692,59327749
2018-01-29,1134.3904,1147.0888,1108.9936,1113.2264,59275538
2018-01-30,1104.7608,1104.7608,1032.8032,1049.7344,92197127
2018-01-31,1032.8032,1070.8984,986.2424,1049.7344,83878047
2018-02-01,1058.2,1066.6656,1037.036,1041.2688,57779129
2018-02-02,1053.9672,1104.7608,1049.7344,1100.528,110284681
2018-02-05,1083.5968,1100.528,1024.3376,1079.364,64599792
2018-02-06,1041.2688,1058.2,956.6128,1007.4064,127428652
2018-02-07,1032.8032,1053.9672,1003.1736,1007.4064,71817945
2018-02-08,1007.4064,1024.3376,969.3112,1007.4064,38884780
2018-02-09,973.544,986.2424,926.9832,948.1472,66539642
2018-02-12,952.38,998.9408,935.4488,998.9408,70087176
2018-02-13,1003.1736,1045.5016,1003.1736,1015.872,72323757
2018-02-14,1015.872,1037.036,1003.1736,1020.1048,50656539
2018-02-15,1028.5704,1062.4328,1028.5704,1028.5704,75919958
2018-02-19,1049.7344,1066.6656,1041.2688,1062.4328,80049376
2018-02-20,1066.6656,1083.5968,1049.7344,1079.364,101641702
2018-02-21,1079.364,1180.9512,1075.1312,1155.5544,170454427
2018-02-22,1164.02,1252.9088,1147.0888,1235.9776,150376937
2018-02-23,1244.4432,1282.5384,1244.4432,1248.676,81263230
2018-02-26,1257.1416,1303.7024,1244.4432,1252.9088,110703907
2018-02-27,1261.3744,1278.3056,1219.0464,1248.676,76720610
2018-02-28,1244.4432,1333.332,1223.2792,1333.332,120251370.00000001
2018-03-01,1333.332,1354.496,1257.1416,1269.84,84655783
2018-03-02,1261.3744,1269.84,1219.0464,1235.9776,44650704
2018-03-05,1240.2104,1282.5384,1219.0464,1261.3744,87240479
2018-03-06,1286.7712,1303.7024,1248.676,1248.676,63075505
2018-03-07,1248.676,1252.9088,1164.02,1164.02,99074371
2018-03-08,1176.7184,1197.8824,1113.2264,1185.184,72260087
2018-03-09,1185.184,1193.6496,1134.3904,1151.3216,89471390.00000001
2018-03-12,1168.2528,1214.8136,1168.2528,1185.184,84204427
2018-03-13,1193.6496,1197.8824,1151.3216,1172.4856,50552353
2018-03-14,1168.2528,1172.4856,1104.7608,1138.6232,48975146
2018-03-15,1138.6232,1147.0888,1087.8296,1087.8296,67675770
2018-03-16,1087.8296,1100.528,1032.8032,1041.2688,78867416
2018-03-19,1066.6656,1104.7608,1028.5704,1104.7608,71964538
2018-03-20,1092.0624,1151.3216,1075.1312,1138.6232,62951119.00000001
2018-03-21,1155.5544,1176.7184,1104.7608,1104.7608,80110919
2018-03-22,1142.856,1168.2528,1079.364,1092.0624,85936850
2018-03-23,1070.8984,1092.0624,1037.036,1083.5968,54743195
2018-03-26,1100.528,1117.4592,1075.1312,1087.8296,57137828
2018-03-27,1104.7608,1113.2264,1066.6656,1070.8984,46046352
2018-03-28,1062.4328,1079.364,1032.8032,1037.036,30609879
2018-03-29,1037.036,1049.7344,973.544,1024.3376,101258977.00000001
2018-04-02,1032.8032,1062.4328,1015.872,1037.036,42206340
2018-04-03,1015.872,1037.036,998.9408,1020.1048,25359572
2018-04-04,1024.3376,1032.8032,965.0784,969.3112,39202891
2018-04-05,986.2424,1007.4064,973.544,986.2424,31436992
2018-04-06,986.2424,1024.3376,982.0096,998.9408,41205703
2018-04-09,1028.5704,1070.8984,998.9408,1053.9672,111055802
2018-04-10,1070.8984,1070.8984,1037.036,1037.036,69082522
2018-04-11,1058.2,1058.2,1007.4064,1024.3376,113159964.99999999
2018-04-12,1028.5704,1053.9672,1028.5704,1041.2688,61867676
2018-04-13,1049.7344,1058.2,1037.036,1041.2688,23214656
2018-04-16,1058.2,1104.7608,1041.2688,1079.364,133923288.99999999
2018-04-17,1058.2,1092.0624,1058.2,1062.4328,32173856
2018-04-18,1075.1312,1096.2952,1058.2,1079.364,44515805
2018-04-19,1100.528,1125.9248,1092.0624,1100.528,136328080
2018-04-20,1104.7608,1113.2264,1083.5968,1096.2952,27158027
2018-04-23,1075.1312,1100.528,1070.8984,1070.8984,37726682
2018-04-24,1062.4328,1092.0624,1058.2,1079.364,37158618
2018-04-25,1070.8984,1070.8984,1024.3376,1028.5704,35158760
2018-04-26,1028.5704,1037.036,982.0096,994.708,38778231
2018-04-27,1007.4064,1015.872,977.7768,1011.6392,30060361
2018-04-30,1011.6392,1020.1048,990.4752,1015.872,14101894
2018-05-02,1007.4064,1037.036,994.708,1015.872,18544107
2018-05-03,1032.8032,1032.8032,939.6816,990.4752,34199111
2018-05-04,973.544,973.544,910.052,918.5176,43813905
2018-05-07,939.6816,990.4752,910.052,977.7768,51457900
2018-05-08,982.0096,990.4752,943.9144,952.38,16701356
2018-05-09,952.38,1015.872,943.9144,1015.872,43450198
2018-05-11,1032.8032,1075.1312,1032.8032,1045.5016,38818748
2018-05-14,1045.5016,1053.9672,1007.4064,1024.3376,17508268
2018-05-15,1041.2688,1053.9672,1011.6392,1024.3376,14232304
2018-05-16,1020.1048,1020.1048,1003.1736,1011.6392,14100240
2018-05-17,1015.872,1049.7344,1015.872,1032.8032,22742628
2018-05-18,1032.8032,1062.4328,1020.1048,1049.7344,30235777
2018-05-21,1045.5016,1092.0624,1045.5016,1053.9672,52087861
2018-05-22,1066.6656,1083.5968,1032.8032,1037.036,21664382
2018-05-23,1032.8032,1037.036,986.2424,1015.872,32817874
2018-05-24,1011.6392,1020.1048,994.708,1003.1736,17872802
2018-05-25,998.9408,1015.872,977.7768,990.4752,25828175
2018-05-28,973.544,973.544,922.7504,952.38,25738045
2018-05-30,931.216,969.3112,926.9832,931.216,33889387
2018-05-31,948.1472,969.3112,931.216,948.1472,41514718
2018-06-04,965.0784,965.0784,922.7504,931.216,30590271
2018-06-05,935.4488,948.1472,922.7504,926.9832,36611935
2018-06-06,918.5176,965.0784,918.5176,952.38,51633316
2018-06-07,956.6128,1003.1736,935.4488,998.9408,92362974
2018-06-08,1015.872,1024.3376,952.38,956.6128,40338782
2018-06-20,931.216,943.9144,897.3536,901.5864,21150774
2018-06-21,905.8192,926.9832,871.9568,871.9568,20149310
2018-06-22,871.9568,876.1896,833.8616,838.0944,46093602
2018-06-25,863.4912,880.4224,838.0944,850.7928,20320355
2018-06-26,863.4912,863.4912,838.0944,859.2584,19128000
2018-06-27,876.1896,897.3536,859.2584,867.724,30874480
2018-06-28,888.888,897.3536,816.9304,816.9304,43444410
2018-06-29,829.6288,842.3272,808.4648,816.9304,28848988
2018-07-02,829.6288,838.0944,816.9304,816.9304,20589444
2018-07-03,821.1632,825.396,761.904,770.3696,24738589
2018-07-04,783.068,783.068,723.8088,757.6712,23083183
2018-07-05,761.904,766.1368,736.5072,753.4384,14644089
2018-07-06,761.904,778.8352,740.74,744.9728,18719996
2018-07-09,753.4384,838.0944,753.4384,816.9304,61507394
2018-07-10,829.6288,833.8616,783.068,791.5336,32136056
2018-07-11,783.068,816.9304,774.6024,787.3008,33553085
2018-07-12,787.3008,804.232,761.904,791.5336,19199584
2018-07-13,791.5336,812.6976,791.5336,808.4648,12161571
2018-07-16,812.6976,816.9304,791.5336,791.5336,9889553
2018-07-17,787.3008,799.9992,778.8352,778.8352,16784161
2018-07-18,787.3008,804.232,774.6024,783.068,26301030
2018-07-19,787.3008,821.1632,783.068,783.068,48271475
2018-07-20,778.8352,804.232,778.8352,791.5336,12912965
2018-07-23,791.5336,795.7664,778.8352,783.068,6880670
2018-07-24,783.068,791.5336,778.8352,783.068,13910650
2018-07-25,787.3008,804.232,774.6024,783.068,49546753
2018-07-26,795.7664,876.1896,791.5336,863.4912,183959672
2018-07-27,871.9568,880.4224,846.56,846.56,70369495
2018-07-30,846.56,867.724,842.3272,863.4912,27053250
2018-07-31,871.9568,876.1896,825.396,838.0944,50598421
2018-08-01,829.6288,867.724,825.396,867.724,53161855
2018-08-02,863.4912,867.724,842.3272,863.4912,43725902
2018-08-03,850.7928,859.2584,838.0944,846.56,40057881
2018-08-06,846.56,855.0256,838.0944,846.56,56649499
2018-08-07,855.0256,910.052,855.0256,910.052,171539287.99999997
2018-08-08,918.5176,926.9832,888.888,897.3536,93701685.99999999
2018-08-09,884.6552,897.3536,859.2584,859.2584,58094996
2018-08-10,871.9568,880.4224,846.56,850.7928,32282649
2018-08-13,846.56,846.56,791.5336,795.7664,66066669
2018-08-14,791.5336,808.4648,770.3696,774.6024,37191220
2018-08-15,778.8352,787.3008,740.74,757.6712,45491991
2018-08-16,740.74,757.6712,728.0416,732.2744,49607233
2018-08-20,740.74,757.6712,736.5072,744.9728,25447576
2018-08-21,753.4384,774.6024,744.9728,753.4384,48220916.99999999
2018-08-23,770.3696,787.3008,749.2056,757.6712,59406775
2018-08-24,761.904,770.3696,753.4384,757.6712,20613305
2018-08-27,766.1368,774.6024,753.4384,753.4384,26577915
2018-08-28,761.904,787.3008,753.4384,761.904,63567614
2018-08-29,761.904,770.3696,753.4384,761.904,26345208
2018-08-30,770.3696,774.6024,744.9728,744.9728,44238211
2018-08-31,740.74,744.9728,728.0416,736.5072,35774664
2018-09-03,736.5072,749.2056,723.8088,728.0416,23139175
2018-09-04,732.2744,736.5072,694.1792,698.412,39182456
2018-09-05,694.1792,694.1792,609.5232,643.3856,61380528
2018-09-06,634.92,664.5496,617.9888,660.3168,45434582
2018-09-07,664.5496,668.7824,651.8512,651.8512,19793162
2018-09-10,651.8512,656.084,630.6872,630.6872,20908264
2018-09-12,639.1528,660.3168,634.92,639.1528,47105462
2018-09-13,651.8512,723.8088,651.8512,719.576,143459884
2018-09-14,723.8088,732.2744,698.412,702.6448,39553959
2018-09-17,702.6448,706.8776,673.0152,677.248,27112431
2018-09-18,673.0152,685.7136,660.3168,664.5496,29713664
2018-09-19,677.248,685.7136,673.0152,677.248,23256709
2018-09-20,689.9464,711.1104,681.4808,698.412,56628945
2018-09-21,706.8776,711.1104,694.1792,694.1792,24176904
2018-09-24,702.6448,706.8776,685.7136,689.9464,22655334
2018-09-25,698.412,753.4384,694.1792,753.4384,118698969
2018-09-26,757.6712,774.6024,744.9728,761.904,100010513
2018-09-27,761.904,829.6288,757.6712,808.4648,137853075
2018-09-28,821.1632,846.56,799.9992,846.56,67510513
2018-10-01,846.56,914.2848,842.3272,893.1208,87076875
2018-10-02,905.8192,926.9832,838.0944,850.7928,86422226.00000001
2018-10-03,850.7928,884.6552,850.7928,867.724,38234620
2018-10-04,871.9568,876.1896,838.0944,855.0256,47412705
2018-10-05,846.56,850.7928,825.396,829.6288,42281941.00000001
2018-10-08,816.9304,859.2584,812.6976,833.8616,46025562
2018-10-09,833.8616,842.3272,774.6024,778.8352,77360494
2018-10-10,787.3008,799.9992,761.904,761.904,54904791
2018-10-11,732.2744,753.4384,715.3432,740.74,41211727
2018-10-12,736.5072,766.1368,736.5072,757.6712,20826285
2018-10-15,761.904,766.1368,723.8088,728.0416,26415729
2018-10-16,732.2744,778.8352,723.8088,774.6024,25037209
2018-10-17,804.232,804.232,761.904,761.904,28090979
2018-10-18,753.4384,766.1368,740.74,744.9728,16588074
2018-10-19,740.74,761.904,736.5072,740.74,20941811
2018-10-22,744.9728,766.1368,740.74,749.2056,27162162
2018-10-23,749.2056,757.6712,736.5072,736.5072,13011245
2018-10-24,740.74,757.6712,719.576,719.576,39538839
2018-10-25,698.412,732.2744,698.412,719.576,16677967
2018-10-26,728.0416,732.2744,706.8776,706.8776,8026719
2018-10-29,711.1104,715.3432,685.7136,694.1792,7450741
2018-10-30,694.1792,694.1792,673.0152,673.0152,19361297
2018-10-31,685.7136,694.1792,677.248,694.1792,11900396
2018-11-01,689.9464,698.412,681.4808,685.7136,8583443
2018-11-02,681.4808,681.4808,668.7824,673.0152,18891750
2018-11-05,668.7824,711.1104,668.7824,702.6448,20412847
2018-11-06,711.1104,736.5072,689.9464,694.1792,57895601
2018-11-07,689.9464,711.1104,689.9464,698.412,21902641
2018-11-08,702.6448,715.3432,698.412,706.8776,27166650
2018-11-09,698.412,706.8776,677.248,681.4808,24356218
2018-11-12,677.248,694.1792,668.7824,677.248,23325103
2018-11-13,660.3168,668.7824,647.6184,656.084,21413839
2018-11-14,643.3856,651.8512,617.9888,622.2216,64859902.99999999
2018-11-15,622.2216,643.3856,622.2216,643.3856,36391277
2018-11-16,647.6184,660.3168,634.92,639.1528,38414997
2018-11-19,647.6184,656.084,634.92,639.1528,13733934
2018-11-21,617.9888,626.4544,596.8248,601.0576,38285177
2018-11-22,605.2904,613.756,588.3592,588.3592,23179455
2018-11-23,588.3592,601.0576,588.3592,592.592,17451923
2018-11-26,575.6608,588.3592,546.0312,546.0312,63421494
2018-11-27,550.264,558.7296,520.6344,524.8672,49505646
2018-11-28,533.3328,546.0312,524.8672,533.3328,37953246
2018-11-29,533.3328,537.5656,524.8672,529.1,43969712.00000001
2018-11-30,537.5656,639.1528,537.5656,592.592,228751417.00000003
2018-12-03,634.92,677.248,613.756,664.5496,175715956
2018-12-04,673.0152,685.7136,643.3856,651.8512,61898743.00000001
2018-12-05,643.3856,651.8512,626.4544,630.6872,43932975
2018-12-06,626.4544,660.3168,622.2216,647.6184,38180636
2018-12-07,647.6184,656.084,626.4544,634.92,28481974
2018-12-10,643.3856,656.084,630.6872,634.92,44999881
2018-12-11,622.2216,622.2216,588.3592,592.592,54139693.99999999
2018-12-12,605.2904,626.4544,605.2904,617.9888,65267907
2018-12-13,617.9888,626.4544,609.5232,613.756,25928935
2018-12-14,626.4544,630.6872,609.5232,609.5232,22173620
2018-12-17,601.0576,613.756,592.592,592.592,16999031
2018-12-18,579.8936,588.3592,571.428,571.428,28484809
2018-12-19,558.7296,584.1264,550.264,567.1952,30275704
2018-12-20,571.428,596.8248,571.428,592.592,32629347
2018-12-21,588.3592,601.0576,579.8936,579.8936,34553841
2018-12-26,554.4968,575.6608,554.4968,562.9624,17063527
2018-12-27,592.592,605.2904,579.8936,584.1264,48502646
2018-12-28,592.592,592.592,571.428,579.8936,31137426
2019-01-02,601.0576,613.756,579.8936,609.5232,43038886
2019-01-03,617.9888,626.4544,609.5232,622.2216,37546541
2019-01-04,617.9888,643.3856,613.756,643.3856,44625897.00000001
2019-01-07,664.5496,685.7136,651.8512,685.7136,83469689
2019-01-08,689.9464,715.3432,677.248,677.248,61761245
2019-01-09,694.1792,706.8776,681.4808,689.9464,29333301
2019-01-10,702.6448,715.3432,698.412,706.8776,59217421
2019-01-11,715.3432,715.3432,698.412,706.8776,24631449
2019-01-14,719.576,719.576,698.412,702.6448,23523317
2019-01-15,698.412,702.6448,689.9464,694.1792,28745747
2019-01-16,702.6448,711.1104,698.412,702.6448,29425439
2019-01-17,711.1104,732.2744,702.6448,706.8776,62929975
2019-01-18,715.3432,719.576,698.412,706.8776,21963593
2019-01-21,715.3432,723.8088,706.8776,711.1104,28515403
2019-01-22,715.3432,719.576,698.412,698.412,15990597
2019-01-23,694.1792,702.6448,689.9464,698.412,21087696
2019-01-24,694.1792,698.412,689.9464,689.9464,18590058
2019-01-25,698.412,723.8088,689.9464,711.1104,68879701
2019-01-28,715.3432,783.068,715.3432,778.8352,212379158
2019-01-29,778.8352,783.068,753.4384,757.6712,60544084
2019-01-30,770.3696,876.1896,770.3696,867.724,223861155
2019-01-31,888.888,897.3536,846.56,855.0256,144832971
2019-02-01,855.0256,871.9568,846.56,850.7928,48740786
2019-02-04,855.0256,888.888,850.7928,855.0256,45600666
2019-02-06,855.0256,863.4912,838.0944,846.56,37044982
2019-02-07,850.7928,884.6552,842.3272,846.56,101191055
2019-02-08,842.3272,846.56,804.232,808.4648,85470609.99999999
2019-02-11,808.4648,808.4648,774.6024,783.068,52090578.00000001
2019-02-12,783.068,812.6976,766.1368,812.6976,60822858.99999999
2019-02-13,829.6288,842.3272,804.232,804.232,70897042
2019-02-14,812.6976,821.1632,783.068,791.5336,40634804
2019-02-15,795.7664,825.396,783.068,804.232,55270270
2019-02-18,825.396,863.4912,825.396,863.4912,127416839
2019-02-19,871.9568,871.9568,838.0944,842.3272,53406137
2019-02-20,846.56,859.2584,838.0944,842.3272,35647916
2019-02-21,855.0256,880.4224,842.3272,867.724,99289241
2019-02-22,867.724,867.724,842.3272,842.3272,45923620
2019-02-25,855.0256,859.2584,821.1632,825.396,38685858
2019-02-26,812.6976,816.9304,787.3008,795.7664,53283760
2019-02-27,808.4648,808.4648,787.3008,791.5336,17158264
2019-02-28,804.232,812.6976,783.068,783.068,22270482
2019-03-01,787.3008,808.4648,787.3008,791.5336,29644325
2019-03-04,787.3008,791.5336,774.6024,778.8352,30273932
2019-03-05,778.8352,791.5336,766.1368,770.3696,25443796
2019-03-06,770.3696,774.6024,757.6712,757.6712,16803298
2019-03-08,749.2056,749.2056,728.0416,728.0416,23851587
2019-03-11,723.8088,744.9728,719.576,740.74,12782082
2019-03-12,753.4384,761.904,728.0416,728.0416,22484998
2019-03-13,728.0416,744.9728,723.8088,732.2744,15851918
2019-03-14,744.9728,787.3008,744.9728,778.8352,57395459
2019-03-15,783.068,787.3008,757.6712,757.6712,39406893
2019-03-18,761.904,761.904,740.74,740.74,20406822
2019-03-19,749.2056,753.4384,740.74,740.74,13946560
2019-03-20,740.74,753.4384,736.5072,740.74,20223847
2019-03-21,761.904,787.3008,761.904,766.1368,54759261
2019-03-22,778.8352,783.068,766.1368,778.8352,32147750
2019-03-25,761.904,761.904,740.74,753.4384,31705608
2019-03-26,770.3696,770.3696,749.2056,757.6712,24533287
2019-03-27,770.3696,770.3696,753.4384,753.4384,28167997
2019-03-28,749.2056,757.6712,744.9728,749.2056,13523908
2019-03-29,761.904,761.904,736.5072,753.4384,20005906
2019-04-01,757.6712,766.1368,749.2056,761.904,17525396
2019-04-02,774.6024,783.068,753.4384,753.4384,26138726
2019-04-04,761.904,766.1368,744.9728,749.2056,14196631
2019-04-05,749.2056,753.4384,723.8088,728.0416,26283783
2019-04-08,728.0416,736.5072,706.8776,711.1104,33008528
2019-04-09,719.576,723.8088,715.3432,719.576,15878378
2019-04-10,723.8088,749.2056,711.1104,736.5072,54445875
2019-04-11,744.9728,744.9728,719.576,723.8088,12868904
2019-04-12,719.576,719.576,706.8776,711.1104,13927660
2019-04-15,715.3432,723.8088,711.1104,711.1104,7004819
2019-04-16,715.3432,715.3432,706.8776,711.1104,12702466
2019-04-18,719.576,728.0416,706.8776,706.8776,11039264
2019-04-22,706.8776,740.74,706.8776,736.5072,38984360
2019-04-23,749.2056,778.8352,749.2056,770.3696,88977981
2019-04-24,774.6024,774.6024,753.4384,766.1368,18225170
2019-04-25,766.1368,766.1368,740.74,753.4384,16315913
2019-04-26,757.6712,757.6712,740.74,749.2056,5966381
2019-04-29,744.9728,753.4384,728.0416,753.4384,16814874
2019-04-30,757.6712,757.6712,740.74,744.9728,7752079
2019-05-02,744.9728,744.9728,719.576,719.576,15207782
2019-05-03,711.1104,715.3432,689.9464,698.412,22703883
2019-05-06,677.248,689.9464,668.7824,673.0152,16297958
2019-05-07,673.0152,689.9464,673.0152,681.4808,11261221
2019-05-08,677.248,685.7136,673.0152,677.248,5568418
2019-05-09,677.248,681.4808,634.92,639.1528,16661784
2019-05-10,643.3856,673.0152,622.2216,668.7824,18053298
2019-05-13,664.5496,673.0152,622.2216,626.4544,16995723
2019-05-14,617.9888,634.92,605.2904,630.6872,18383103
2019-05-15,630.6872,639.1528,613.756,613.756,7567213
2019-05-16,617.9888,630.6872,605.2904,622.2216,7406090
2019-05-17,630.6872,639.1528,617.9888,626.4544,7843862
2019-05-20,639.1528,668.7824,634.92,651.8512,24092562
2019-05-21,660.3168,673.0152,643.3856,647.6184,12083727
2019-05-22,647.6184,677.248,639.1528,673.0152,21550864
2019-05-23,677.248,694.1792,673.0152,689.9464,25025633
2019-05-24,685.7136,685.7136,668.7824,681.4808,13270530
2019-05-27,677.248,685.7136,673.0152,681.4808,9072835
2019-05-28,681.4808,681.4808,651.8512,656.084,41136954.00000001
2019-05-29,660.3168,668.7824,656.084,664.5496,4498440
2019-05-31,660.3168,668.7824,651.8512,656.084,12731052
2019-06-10,660.3168,673.0152,656.084,656.084,18855721
2019-06-11,656.084,673.0152,656.084,664.5496,16156444
2019-06-12,664.5496,668.7824,656.084,660.3168,10233651
2019-06-13,660.3168,660.3168,639.1528,647.6184,17810905
2019-06-14,656.084,668.7824,643.3856,647.6184,15966381
2019-06-17,651.8512,660.3168,634.92,643.3856,8691291
2019-06-18,643.3856,651.8512,630.6872,634.92,15486557
2019-06-19,647.6184,651.8512,639.1528,651.8512,25448402
2019-06-20,656.084,668.7824,651.8512,660.3168,25306770
2019-06-21,677.248,694.1792,668.7824,673.0152,62712979.00000001
2019-06-24,681.4808,685.7136,664.5496,668.7824,22293162
2019-06-25,668.7824,702.6448,664.5496,702.6448,58964514.99999999
2019-06-26,711.1104,723.8088,689.9464,698.412,74614793
2019-06-27,711.1104,711.1104,685.7136,694.1792,21562440
2019-06-28,694.1792,698.412,681.4808,685.7136,15060716
2019-07-01,694.1792,744.9728,689.9464,740.74,84481194
2019-07-02,740.74,740.74,715.3432,728.0416,40195260.00000001
2019-07-03,715.3432,719.576,694.1792,698.412,32526814
2019-07-04,702.6448,706.8776,698.412,702.6448,8665304
2019-07-05,702.6448,711.1104,689.9464,694.1792,11375803
2019-07-08,694.1792,698.412,668.7824,677.248,20155216
2019-07-09,677.248,689.9464,673.0152,681.4808,12099673
2019-07-10,685.7136,711.1104,685.7136,711.1104,28943725
2019-07-11,723.8088,732.2744,706.8776,715.3432,39451072
2019-07-12,719.576,719.576,698.412,706.8776,14018144
2019-07-15,706.8776,711.1104,694.1792,694.1792,13583916
2019-07-16,694.1792,698.412,677.248,685.7136,17570284
2019-07-17,681.4808,689.9464,677.248,681.4808,14033382
2019-07-18,681.4808,698.412,681.4808,694.1792,13288957
2019-07-19,702.6448,702.6448,689.9464,698.412,19561401
2019-07-22,702.6448,723.8088,694.1792,715.3432,47475548
2019-07-23,719.576,728.0416,711.1104,728.0416,40401625
2019-07-24,732.2744,749.2056,728.0416,740.74,66147467
2019-07-25,732.2744,736.5072,715.3432,719.576,37010725
2019-07-26,715.3432,728.0416,698.412,723.8088,33908523
2019-07-29,723.8088,723.8088,706.8776,706.8776,19996219
2019-07-30,711.1104,736.5072,711.1104,732.2744,38132560
2019-07-31,736.5072,740.74,719.576,719.576,35086467
2019-08-01,719.576,719.576,689.9464,689.9464,13727438
2019-08-02,685.7136,694.1792,673.0152,689.9464,24032200
2019-08-05,677.248,681.4808,660.3168,660.3168,18844145
2019-08-06,643.3856,673.0152,639.1528,673.0152,14857659
2019-08-07,673.0152,681.4808,664.5496,668.7824,11700765
2019-08-08,677.248,685.7136,664.5496,685.7136,10238376
2019-08-09,689.9464,694.1792,664.5496,685.7136,19467255
2019-08-12,685.7136,689.9464,668.7824,668.7824,6584175
2019-08-13,668.7824,685.7136,664.5496,668.7824,15458089
2019-08-14,681.4808,689.9464,664.5496,668.7824,21702655
2019-08-15,660.3168,664.5496,647.6184,660.3168,12648955
2019-08-16,660.3168,673.0152,643.3856,656.084,14127882
2019-08-19,656.084,664.5496,651.8512,656.084,4851634
2019-08-20,660.3168,673.0152,651.8512,656.084,15195969
2019-08-21,656.084,664.5496,647.6184,651.8512,5999102
2019-08-22,651.8512,660.3168,643.3856,647.6184,6079781
2019-08-23,647.6184,660.3168,639.1528,643.3856,8563007
2019-08-26,639.1528,639.1528,617.9888,617.9888,15107021
2019-08-27,622.2216,630.6872,613.756,613.756,11310716
2019-08-28,622.2216,639.1528,622.2216,634.92,15493999
2019-08-29,639.1528,647.6184,617.9888,622.2216,17587176
2019-08-30,630.6872,639.1528,622.2216,626.4544,19519348
2019-09-02,609.5232,630.6872,605.2904,617.9888,7388489
2019-09-03,622.2216,626.4544,613.756,613.756,4124810
2019-09-04,613.756,626.4544,609.5232,617.9888,5847193
2019-09-05,630.6872,643.3856,626.4544,630.6872,13037351
2019-09-06,634.92,668.7824,630.6872,647.6184,37848587
2019-09-09,651.8512,664.5496,647.6184,651.8512,19256993
2019-09-10,664.5496,668.7824,643.3856,651.8512,18464727
2019-09-11,651.8512,656.084,639.1528,647.6184,12007772
2019-09-12,647.6184,660.3168,639.1528,643.3856,24101540
2019-09-13,643.3856,647.6184,630.6872,634.92,11583349
2019-09-16,685.7136,702.6448,651.8512,660.3168,163519537
2019-09-17,677.248,677.248,660.3168,664.5496,34536595
2019-09-18,651.8512,656.084,639.1528,639.1528,31290753
2019-09-19,639.1528,647.6184,634.92,634.92,11076946
2019-09-20,643.3856,643.3856,622.2216,626.4544,24961963
2019-09-23,622.2216,634.92,622.2216,622.2216,12669155
2019-09-24,622.2216,626.4544,605.2904,609.5232,14637001
2019-09-25,609.5232,617.9888,609.5232,609.5232,8133150
2019-09-26,613.756,617.9888,613.756,617.9888,6892600
2019-09-27,617.9888,617.9888,609.5232,609.5232,7173502
2019-09-30,601.0576,609.5232,579.8936,584.1264,22322103
2019-10-01,584.1264,588.3592,562.9624,571.428,22632300
2019-10-02,567.1952,571.428,541.7984,541.7984,24814543
2019-10-03,546.0312,554.4968,537.5656,541.7984,11934535
2019-10-04,546.0312,550.264,529.1,537.5656,19649168
2019-10-07,541.7984,550.264,537.5656,546.0312,12148105
2019-10-08,546.0312,571.428,541.7984,541.7984,18028609
2019-10-09,541.7984,550.264,524.8672,533.3328,30472146
2019-10-10,533.3328,541.7984,524.8672,533.3328,11048124
2019-10-11,550.264,579.8936,546.0312,571.428,37925132
2019-10-14,575.6608,584.1264,546.0312,562.9624,26739864
2019-10-15,546.0312,562.9624,546.0312,554.4968,10668942
2019-10-16,554.4968,562.9624,546.0312,550.264,16225193
2019-10-17,554.4968,562.9624,546.0312,558.7296,11928983
2019-10-18,558.7296,558.7296,550.264,550.264,11806487
2019-10-21,550.264,554.4968,541.7984,546.0312,9181156
2019-10-22,546.0312,554.4968,546.0312,550.264,8500992
2019-10-23,554.4968,567.1952,546.0312,562.9624,17660650
2019-10-24,567.1952,584.1264,567.1952,571.428,30122259
2019-10-25,575.6608,601.0576,571.428,588.3592,64714727
2019-10-28,592.592,596.8248,567.1952,571.428,16658004
2019-10-29,575.6608,584.1264,567.1952,575.6608,16295123
2019-10-30,575.6608,575.6608,558.7296,558.7296,11953198
2019-10-31,558.7296,567.1952,554.4968,558.7296,10078198
2019-11-01,558.7296,558.7296,541.7984,554.4968,9581600
2019-11-04,562.9624,567.1952,537.5656,541.7984,14908925
2019-11-05,550.264,554.4968,541.7984,554.4968,22831813
2019-11-06,558.7296,562.9624,546.0312,546.0312,10982328
2019-11-07,550.264,554.4968,537.5656,546.0312,12014269
2019-11-08,546.0312,550.264,537.5656,537.5656,11090176
2019-11-11,546.0312,546.0312,529.1,541.7984,16701237
2019-11-12,541.7984,546.0312,533.3328,541.7984,9568843
2019-11-13,541.7984,546.0312,533.3328,541.7984,9646215
2019-11-14,550.264,550.264,537.5656,541.7984,10114699
2019-11-15,546.0312,546.0312,537.5656,541.7984,5248062
2019-11-18,546.0312,567.1952,546.0312,562.9624,28666249
2019-11-19,558.7296,562.9624,550.264,554.4968,13298053
2019-11-20,546.0312,554.4968,541.7984,546.0312,8817331
2019-11-21,554.4968,562.9624,550.264,562.9624,14510843
2019-11-22,567.1952,571.428,546.0312,546.0312,24430636
2019-11-25,546.0312,558.7296,541.7984,550.264,15275467
2019-11-26,554.4968,567.1952,550.264,562.9624,35058590
2019-11-27,562.9624,588.3592,554.4968,588.3592,77776767
2019-11-28,588.3592,617.9888,579.8936,584.1264,121883505
2019-11-29,584.1264,609.5232,584.1264,601.0576,69778987
2019-12-02,592.592,634.92,588.3592,630.6872,95849673
2019-12-03,626.4544,639.1528,617.9888,622.2216,52872920
2019-12-04,622.2216,634.92,613.756,622.2216,56373204
2019-12-05,634.92,643.3856,626.4544,626.4544,68914312
2019-12-06,630.6872,630.6872,617.9888,622.2216,54500094.00000001
2019-12-09,626.4544,647.6184,626.4544,639.1528,74863092
2019-12-10,639.1528,647.6184,626.4544,630.6872,52363447
2019-12-11,634.92,702.6448,634.92,698.412,209098114
2019-12-12,698.412,715.3432,681.4808,702.6448,87890403
2019-12-13,715.3432,744.9728,711.1104,736.5072,113998180.00000001
2019-12-16,740.74,804.232,736.5072,804.232,225415090.99999997
2019-12-17,799.9992,833.8616,757.6712,766.1368,169035744
2019-12-18,757.6712,783.068,744.9728,749.2056,138155121
2019-12-19,749.2056,757.6712,698.412,732.2744,138442047
2019-12-20,736.5072,749.2056,719.576,732.2744,68379677
2019-12-23,732.2744,761.904,728.0416,753.4384,78566079
2019-12-26,757.6712,774.6024,744.9728,744.9728,97592728
2019-12-27,753.4384,757.6712,740.74,749.2056,39469263
2019-12-30,749.2056,761.904,728.0416,732.2744,68943016
2020-01-02,736.5072,740.74,702.6448,706.8776,54268451
2020-01-03,711.1104,770.3696,711.1104,770.3696,113361132
2020-01-06,787.3008,804.232,761.904,766.1368,154156704
2020-01-07,766.1368,766.1368,744.9728,761.904,87204214.00000001
2020-01-08,778.8352,795.7664,761.904,774.6024,113457049
2020-01-09,757.6712,757.6712,744.9728,744.9728,88531468
2020-01-10,744.9728,757.6712,740.74,757.6712,79371574
2020-01-13,761.904,766.1368,736.5072,736.5072,48694835
2020-01-14,732.2744,736.5072,723.8088,723.8088,51977650
2020-01-15,728.0416,728.0416,698.412,698.412,62901861
2020-01-16,698.412,715.3432,694.1792,698.412,80324962
2020-01-17,706.8776,723.8088,698.412,706.8776,88773861
2020-01-20,711.1104,719.576,664.5496,677.248,80286099
2020-01-21,677.248,689.9464,668.7824,681.4808,73859029
2020-01-22,681.4808,681.4808,647.6184,647.6184,66933826
2020-01-23,639.1528,651.8512,626.4544,634.92,50910980
2020-01-24,639.1528,643.3856,626.4544,626.4544,48064165
2020-01-27,613.756,613.756,567.1952,571.428,104486863.99999999
2020-01-28,571.428,596.8248,567.1952,596.8248,68786618
2020-01-29,609.5232,613.756,592.592,601.0576,66979422
2020-01-30,601.0576,605.2904,588.3592,588.3592,58843555
2020-01-31,592.592,596.8248,579.8936,596.8248,42262450
2020-02-03,592.592,592.592,567.1952,571.428,76609927
2020-02-04,575.6608,588.3592,562.9624,584.1264,80408712
2020-02-05,584.1264,601.0576,575.6608,601.0576,67880717
2020-02-06,609.5232,639.1528,605.2904,639.1528,114213877
2020-02-07,639.1528,639.1528,613.756,613.756,39041532
2020-02-10,613.756,613.756,584.1264,584.1264,56403917
2020-02-11,584.1264,601.0576,584.1264,601.0576,32746645
2020-02-12,601.0576,601.0576,584.1264,592.592,34445520
2020-02-13,601.0576,601.0576,584.1264,584.1264,42965412
2020-02-14,588.3592,588.3592,579.8936,579.8936,34822457
2020-02-17,584.1264,592.592,579.8936,592.592,31599886
2020-02-18,592.592,605.2904,588.3592,592.592,47372424
2020-02-19,596.8248,605.2904,592.592,596.8248,32905641
2020-02-20,605.2904,626.4544,601.0576,605.2904,55096153
2020-02-21,613.756,613.756,584.1264,584.1264,51614769.99999999
2020-02-24,567.1952,584.1264,562.9624,575.6608,70223847
2020-02-25,575.6608,579.8936,562.9624,571.428,36129984
2020-02-26,567.1952,575.6608,558.7296,558.7296,53822410
2020-02-27,554.4968,562.9624,541.7984,546.0312,49905145.00000001
2020-02-28,520.6344,546.0312,520.6344,533.3328,56177116
2020-03-02,533.3328,550.264,524.8672,529.1,42888867
2020-03-03,541.7984,558.7296,537.5656,554.4968,53003685
2020-03-04,558.7296,584.1264,550.264,575.6608,48678416
2020-03-05,584.1264,588.3592,562.9624,567.1952,36320284
2020-03-06,562.9624,571.428,550.264,562.9624,40943819
2020-03-09,524.8672,533.3328,452.9096,452.9096,78042312
2020-03-10,461.3752,482.5392,452.9096,457.1424,50823095
2020-03-11,465.608,474.0736,411.42816,448.6768,91493337
2020-03-12,440.2112,440.2112,404.65568,404.65568,33692591
2020-03-13,397.8832,401.26944,377.56576,389.4176,33368928
2020-03-16,401.26944,404.65568,362.32768,362.32768,25817425
2020-03-17,362.32768,362.32768,338.624,338.624,7673880
2020-03-18,338.624,338.624,314.92032,314.92032,30291414
2020-03-19,292.90976,297.98912,292.90976,292.90976,30594405
2020-03-20,289.52352,297.98912,272.59232,277.67168,62397348.99999999
2020-03-23,272.59232,289.52352,259.04736,264.12672,16886340
2020-03-24,270.8992,325.07904,267.51296,308.14784,38712318
2020-03-26,309.84096,362.32768,308.14784,347.0896,42841617
2020-03-27,355.5552,386.03136,325.07904,331.85152,102922651
2020-03-30,323.38592,323.38592,309.84096,314.92032,14901601
2020-03-31,321.6928,338.624,321.6928,326.77216,55415800
2020-04-01,326.77216,331.85152,313.2272,316.61344,43076332
2020-04-02,319.99968,389.4176,309.84096,365.71392,176447268
2020-04-03,386.03136,435.9784,380.952,406.3488,193920336
2020-04-06,414.8144,431.7456,389.4176,427.5128,170783287
2020-04-07,431.7456,444.444,408.04192,427.5128,124424376
2020-04-08,435.9784,440.2112,397.8832,397.8832,51839916.00000001
2020-04-09,414.8144,440.2112,401.26944,435.9784,120274995
2020-04-13,427.5128,444.444,411.42816,413.12128,90921257
2020-04-14,414.8144,419.89376,411.42816,413.12128,66194126.00000001
2020-04-15,408.04192,416.50752,384.33824,386.03136,89262544
2020-04-16,379.25888,386.03136,360.63456,360.63456,78590294
2020-04-17,367.40704,384.33824,365.71392,377.56576,76755339
2020-04-20,379.25888,384.33824,367.40704,370.79328,61608273
2020-04-21,345.39648,358.94144,345.39648,345.39648,36886930
2020-04-22,330.1584,342.01024,326.77216,335.23776,55648506
2020-04-23,345.39648,358.94144,343.70336,348.78272,65597476
2020-04-24,358.94144,369.10016,347.0896,347.0896,87722783
2020-04-27,352.16896,355.5552,340.31712,348.78272,48562062
2020-04-28,345.39648,348.78272,338.624,342.01024,54822103
2020-04-29,347.0896,353.86208,342.01024,343.70336,29317945
2020-04-30,347.0896,392.80384,347.0896,380.952,177772042
2020-05-04,386.03136,399.57632,364.0208,382.64512,92446488.99999999
2020-05-05,392.80384,421.58688,391.11072,419.89376,162482281
2020-05-06,431.7456,440.2112,406.3488,411.42816,128884072
2020-05-08,419.89376,419.89376,411.42816,414.8144,82832758
2020-05-11,421.58688,423.28,406.3488,406.3488,49778397
2020-05-12,411.42816,411.42816,392.80384,396.19008,62087387.99999999
2020-05-13,394.49696,413.12128,386.03136,402.96256,76363990
2020-05-14,401.26944,406.3488,386.03136,387.72448,42408925
2020-05-15,397.8832,406.3488,392.80384,397.8832,77789760
2020-05-18,406.3488,421.58688,406.3488,411.42816,98950222
2020-05-19,423.28,427.5128,408.04192,408.04192,77115975
2020-05-20,409.73504,411.42816,389.4176,389.4176,68742439
2020-05-26,394.49696,399.57632,391.11072,394.49696,56938551
2020-05-27,394.49696,394.49696,380.952,386.03136,57695733
2020-05-28,386.03136,387.72448,377.56576,379.25888,67346201
2020-05-29,384.33824,387.72448,372.4864,372.4864,60302282
2020-06-02,382.64512,391.11072,372.4864,380.952,114119849.00000001
2020-06-03,387.72448,411.42816,386.03136,409.73504,156969972
2020-06-04,423.28,427.5128,394.49696,396.19008,152850477
2020-06-05,399.57632,409.73504,391.11072,406.3488,84497968
2020-06-08,423.28,457.1424,418.20064,435.9784,306025089
2020-06-09,444.444,444.444,418.20064,418.20064,144929597
2020-06-10,423.28,423.28,402.96256,406.3488,79078033
2020-06-11,404.65568,404.65568,389.4176,397.8832,61992061
2020-06-12,372.4864,397.8832,370.79328,397.8832,87847524
2020-06-15,397.8832,402.96256,384.33824,384.33824,34481076
2020-06-16,389.4176,409.73504,389.4176,408.04192,81253189
2020-06-17,411.42816,414.8144,402.96256,406.3488,65788957
2020-06-18,404.65568,409.73504,397.8832,397.8832,57025963
2020-06-19,397.8832,411.42816,397.8832,397.8832,100590034
2020-06-22,401.26944,408.04192,397.8832,401.26944,63744448
2020-06-23,404.65568,406.3488,394.49696,397.8832,51105060
2020-06-24,397.8832,404.65568,397.8832,401.26944,50866683
2020-06-25,399.57632,399.57632,389.4176,391.11072,30148601
2020-06-26,391.11072,397.8832,380.952,380.952,42596153
2020-06-29,372.4864,387.72448,372.4864,384.33824,46466995
2020-06-30,387.72448,392.80384,382.64512,382.64512,35700363
2020-07-01,382.64512,397.8832,379.25888,397.8832,48254937
2020-07-02,401.26944,401.26944,392.80384,399.57632,48548006
2020-07-03,401.26944,401.26944,391.11072,391.11072,43269230
2020-07-06,391.11072,396.19008,389.4176,392.80384,41686826
2020-07-07,397.8832,409.73504,392.80384,397.8832,104047202
2020-07-08,402.96256,406.3488,391.11072,396.19008,49247542
2020-07-09,401.26944,402.96256,394.49696,394.49696,51085215
2020-07-10,391.11072,397.8832,389.4176,389.4176,35575623
2020-07-13,397.8832,397.8832,389.4176,389.4176,71861651
2020-07-14,391.11072,394.49696,387.72448,389.4176,79902192
2020-07-15,392.80384,406.3488,391.11072,399.57632,104298100
2020-07-16,397.8832,423.28,397.8832,413.12128,291997613
2020-07-17,414.8144,416.50752,401.26944,402.96256,74783240
2020-07-20,406.3488,406.3488,389.4176,389.4176,69856714
2020-07-21,391.11072,402.96256,391.11072,399.57632,67540044
2020-07-22,402.96256,414.8144,396.19008,399.57632,108311992
2020-07-23,401.26944,416.50752,399.57632,408.04192,187185669
2020-07-24,408.04192,408.04192,391.11072,394.49696,97991518.00000001
2020-07-27,397.8832,397.8832,389.4176,391.11072,87188385
2020-07-28,394.49696,397.8832,389.4176,391.11072,78970539
2020-07-29,391.11072,392.80384,382.64512,389.4176,73155594
2020-07-30,392.80384,396.19008,386.03136,392.80384,101246455.99999999
2020-08-03,394.49696,396.19008,365.71392,377.56576,79017317
2020-08-04,387.72448,387.72448,375.87264,382.64512,65493526
2020-08-05,384.33824,387.72448,377.56576,382.64512,40881804
2020-08-06,386.03136,399.57632,386.03136,397.8832,108046564.00000001
2020-08-07,401.26944,411.42816,397.8832,401.26944,118673809
2020-08-10,406.3488,419.89376,399.57632,416.50752,181107541
2020-08-11,421.58688,478.3064,421.58688,478.3064,586084624
2020-08-12,465.608,486.772,452.9096,457.1424,260625826
2020-08-13,465.608,478.3064,440.2112,444.444,152699395
2020-08-14,444.444,457.1424,431.7456,435.9784,123959671.99999999
2020-08-18,444.444,452.9096,431.7456,435.9784,83198710
2020-08-19,435.9784,448.6768,427.5128,435.9784,64241400
2020-08-24,440.2112,486.772,435.9784,486.772,345554715
2020-08-25,495.2376,499.4704,465.608,469.8408,197660294.99999997
2020-08-26,482.5392,499.4704,469.8408,474.0736,145491400
2020-08-27,474.0736,507.936,465.608,486.772,300445331
2020-08-28,486.772,495.2376,474.0736,474.0736,104249905
2020-08-31,486.772,495.2376,452.9096,465.608,177959860.99999997
2020-09-01,465.608,482.5392,457.1424,469.8408,149166036
2020-09-02,474.0736,491.0048,469.8408,486.772,181823024
2020-09-03,491.0048,491.0048,465.608,469.8408,91047415
2020-09-04,461.3752,465.608,452.9096,465.608,80389931
2020-09-07,457.1424,491.0048,452.9096,478.3064,189336136
2020-09-08,482.5392,482.5392,457.1424,457.1424,164895459
2020-09-09,448,486,438,462,149058400
2020-09-10,464,464,430,430,69074400
2020-09-11,416,428,400,418,112194500
2020-09-14,420,430,408,410,152896200
2020-09-15,410,412,402,402,80245800
2020-09-16,404,422,404,418,219226200
2020-09-17,422,432,416,420,268311500
2020-09-18,426,444,422,430,403556600
2020-09-21,430,432,400,402,201585200
2020-09-22,396,400,380,384,141091700
2020-09-23,376,392,370,380,92095300
2020-09-24,374,380,358,360,71440300
2020-09-25,360,376,360,372,114191100
2020-09-28,374,380,362,364,53648100
2020-09-29,364,370,346,348,83896900
2020-09-30,344,358,336,338,134948300
2020-10-01,340,356,340,354,85232900
2020-10-02,352,352,334,338,84461600
2020-10-05,328,346,328,338,80892600
2020-10-06,344,356,344,356,142094200
2020-10-07,356,356,338,346,80414000
2020-10-08,348,354,344,346,87832600
2020-10-09,348,362,348,354,156980100
2020-10-12,358,360,352,354,48120400
2020-10-13,352,356,344,352,68346000
2020-10-14,354,380,352,380,227056400
2020-10-15,390,398,380,382,291509800
2020-10-16,384,388,376,380,57568500
2020-10-19,384,394,378,386,99904400
2020-10-20,386,388,376,380,48440500
2020-10-21,382,386,372,374,54558800
2020-10-22,370,374,364,370,43078900
2020-10-23,372,388,372,386,122481600
2020-10-26,390,390,372,374,67192100
2020-10-27,372,394,368,382,187470200
2020-11-02,376,378,366,370,54293100
2020-11-03,378,378,372,376,26467300
2020-11-04,378,382,368,368,51241400
2020-11-05,374,380,370,376,46532200
2020-11-06,378,380,372,374,42146100
2020-11-09,376,388,374,382,105368900
2020-11-10,390,402,390,394,154553700
2020-11-11,400,410,390,408,222117500
2020-11-12,410,412,396,398,83182400
2020-11-13,398,404,390,402,86042800
2020-11-16,396,418,396,416,145397600
2020-11-17,424,430,420,422,163095700
2020-11-18,422,424,416,418,73697900
2020-11-19,420,440,418,428,170128400
2020-11-20,434,438,422,426,90991700
2020-11-23,432,466,428,466,323413200
2020-11-24,472,488,468,472,310070000
2020-11-25,482,496,472,474,222252000
2020-11-26,478,520,474,515,444178000
2020-11-27,510,515,494,510,169313400
2020-11-30,530,540,480,498,350432400
2020-12-01,510,515,484,505,173643800
2020-12-02,505,550,505,540,357521700
2020-12-03,550,575,550,555,205778900
2020-12-04,565,565,540,560,101576200
2020-12-07,570,580,555,565,98270200
2020-12-08,570,580,540,560,179224800
2020-12-10,570,600,570,585,215574100
2020-12-11,600,645,595,630,348177500
2020-12-14,640,650,625,635,125619800
2020-12-15,635,645,610,630,154519600
2020-12-16,635,645,620,640,123290700
2020-12-17,655,700,645,670,272242500
2020-12-18,660,695,660,665,121054600
2020-12-21,675,700,665,670,192659900
2020-12-22,665,670,625,625,260572700
2020-12-23,630,635,585,605,205141500
2020-12-28,625,625,580,615,100484100
2020-12-29,630,650,605,620,223439400
2020-12-30,620,630,590,590,113503400
2021-01-04,600,635,550,635,175353500
2021-01-05,615,645,610,635,134838500
2021-01-06,655,690,625,685,414895400
2021-01-07,690,740,685,730,341421200
2021-01-08,735,750,720,725,144183100
2021-01-11,725,790,725,735,263178000
2021-01-12,730,745,700,715,131212000
2021-01-13,730,750,725,735,139999200
2021-01-14,735,745,705,715,83512400
2021-01-15,720,725,680,690,83764600
2021-01-18,680,690,650,655,108476700
2021-01-19,655,665,620,630,96902600
2021-01-20,635,700,630,700,126885500
2021-01-21,705,725,660,670,152877400
2021-01-22,670,675,630,640,80735300
2021-01-25,640,660,600,610,108816000
2021-01-26,625,660,585,595,202289600
2021-01-27,605,645,585,645,159658300
2021-01-28,620,645,600,605,125260600
2021-01-29,605,660,605,650,159023000
2021-02-01,630,665,615,660,125745100
2021-02-02,680,700,650,675,163026900
2021-02-03,700,715,685,690,208222200
2021-02-04,700,705,655,670,110497300
2021-02-05,690,695,670,685,67617000
2021-02-08,700,725,690,705,312454400
2021-02-09,720,730,670,690,282212600
2021-02-10,695,695,670,680,80486700
2021-02-11,680,695,675,680,61639200
2021-02-15,705,710,690,695,92481600
2021-02-16,700,700,680,680,54789500
2021-02-17,680,705,670,680,119665600
2021-02-18,700,710,685,695,153884500
2021-02-19,685,690,675,680,52089900
2021-02-22,695,715,680,700,165757500
2021-02-23,720,725,705,720,189351200
2021-02-24,720,720,690,700,73721500
2021-02-25,710,720,700,710,67097700
2021-02-26,690,705,675,695,91128300
2021-03-01,700,710,685,700,41879600
2021-03-02,695,695,680,685,45190800
2021-03-03,680,685,655,665,91827800
2021-03-04,665,670,645,650,71966700
2021-03-05,660,670,650,655,63449300
2021-03-08,675,685,660,670,87710900
2021-03-09,660,675,650,655,45617400
2021-03-10,655,665,645,645,25353500
2021-03-12,660,665,650,655,34940600
2021-03-15,665,665,650,650,25955300
2021-03-16,655,655,645,650,17012800
2021-03-17,650,655,630,630,33510900
2021-03-18,635,640,620,625,48230700
2021-03-19,605,620,605,615,73880600
2021-03-22,620,635,610,630,35939400
2021-03-23,640,640,605,610,39808400
2021-03-24,595,605,585,590,35883300
2021-03-25,610,615,580,595,35189000
2021-03-26,595,615,585,610,37242500
2021-03-29,620,625,595,600,21125600
2021-03-30,600,610,585,590,25173300
2021-03-31,585,590,555,570,39731300
2021-04-01,570,585,555,575,30380800
2021-04-05,585,590,575,575,29371000
2021-04-06,575,595,565,590,19027400
2021-04-07,590,595,575,580,10560900
2021-04-08,580,590,575,580,14007100
2021-04-09,590,610,585,605,34632200
2021-04-12,605,605,565,575,22352200
2021-04-13,575,575,560,565,17371600
2021-04-14,575,580,565,580,14964900
2021-04-15,595,600,575,580,22801200
2021-04-16,580,590,575,575,16677600
2021-04-19,575,580,565,565,16503300
2021-04-20,565,575,565,570,14929000
2021-04-21,565,570,555,555,20266100
2021-04-22,555,580,555,570,55682400
2021-04-23,575,615,560,605,100496700
2021-04-26,610,620,595,600,34338100
2021-04-27,600,605,580,585,37435300
2021-04-28,600,620,590,615,60294700
2021-04-29,625,635,605,620,85095200
2021-04-30,635,685,620,670,214772800
2021-05-03,670,690,660,685,98381400
2021-05-04,695,710,685,705,80866500
2021-05-05,710,720,685,695,85657000
2021-05-06,695,695,670,670,46623900
2021-05-07,670,705,670,690,55849600
2021-05-10,705,730,705,720,178640000
2021-05-11,715,730,700,720,56591800
2021-05-17,715,730,695,705,52789300
2021-05-18,715,770,715,760,169441900
2021-05-19,755,780,740,740,117013400
2021-05-20,740,755,725,730,77309800
2021-05-21,740,745,685,695,73117200
2021-05-24,700,725,655,675,87428300
2021-05-25,685,725,685,720,93843000
2021-05-27,725,735,690,690,63701500
2021-05-28,710,715,680,680,34486000
2021-05-31,690,700,685,690,22678500
2021-06-02,680,705,670,695,76209000
2021-06-03,705,710,685,695,61365700
2021-06-04,685,695,675,695,47713900
2021-06-07,700,705,680,680,34423800
2021-06-08,685,685,665,670,25056600
2021-06-09,675,740,675,730,119686200
2021-06-10,730,745,710,725,66370800
2021-06-11,735,755,720,735,52683400
2021-06-14,740,760,730,750,57010800
2021-06-15,750,755,720,735,23435900
2021-06-16,740,750,720,740,51823300
2021-06-17,730,740,710,720,21928400
2021-06-18,710,710,670,670,89011800
2021-06-21,660,680,640,670,30427100
2021-06-22,690,695,670,690,35567600
2021-06-23,680,690,670,675,16184900
2021-06-24,685,690,660,670,20169700
2021-06-25,670,675,660,675,20883400
2021-06-28,690,695,645,650,32237700
2021-06-29,645,660,610,645,50230200
2021-06-30,645,650,635,640,10333900
2021-07-01,640,645,610,620,21526800
2021-07-02,630,640,615,630,32852200
2021-07-05,635,640,610,615,12695600
2021-07-06,625,650,625,645,38660600
2021-07-07,640,640,625,625,13367100
2021-07-08,625,625,590,600,94176300
2021-07-09,595,605,585,595,45537200
2021-07-12,605,610,590,590,24149000
2021-07-13,590,595,575,580,23472500
2021-07-14,580,585,560,580,35934600
2021-07-15,575,580,560,570,33051100
2021-07-16,565,590,560,570,48855800
2021-07-19,565,580,545,555,88459100
2021-07-21,550,560,525,530,98232600
2021-07-22,540,555,530,540,69583700
2021-07-23,550,555,530,535,40864900
2021-07-26,535,540,510,510,53649400
2021-07-27,515,530,505,510,49620300
2021-07-28,515,520,505,510,18680800
2021-07-29,510,520,505,510,19065900
2021-07-30,515,525,488,488,83359800
2021-08-02,490,500,476,480,57517900
2021-08-03,480,486,462,468,121945400
2021-08-04,468,498,466,498,101394000
2021-08-05,505,510,474,478,101004100
2021-08-06,482,505,482,488,81356500
2021-08-09,488,494,478,478,41553900
2021-08-10,478,496,470,484,45827200
2021-08-12,490,494,482,486,30877200
2021-08-13,486,486,476,482,30166100
2021-08-16,482,484,458,462,76655400
2021-08-18,460,460,440,454,73008500
2021-08-19,450,454,432,434,91848800
2021-08-20,436,456,418,450,132575900
2021-08-23,450,515,448,515,321161500
2021-08-24,520,530,480,480,289581500
2021-08-25,490,510,482,498,172485800
2021-08-26,505,505,482,484,61126700
2021-08-27,482,486,458,464,100075000
2021-08-30,470,482,464,482,73507200
2021-08-31,482,484,472,476,35032200
2021-09-01,476,484,474,476,35384400
2021-09-02,476,498,476,492,100663100
2021-09-03,496,510,486,500,121029900
2021-09-06,500,505,488,494,72858500
2021-09-07,494,505,492,494,50289100
2021-09-08,494,496,480,480,62096600
2021-09-09,480,484,466,476,51540200
2021-09-10,478,484,476,482,16293600
2021-09-13,484,496,484,492,41353800
2021-09-14,496,510,494,500,88760100
2021-09-15,500,520,496,510,79784900
2021-09-16,520,520,500,510,51842200
2021-09-17,510,510,490,490,63402000
2021-09-20,490,490,476,478,47727200
2021-09-21,476,486,470,484,38753200
2021-09-22,484,494,482,486,30163900
2021-09-23,490,494,484,488,37566300
2021-09-24,492,510,488,492,105893100
2021-09-27,498,520,498,505,105937600
2021-09-28,515,550,510,545,258057400
2021-09-29,540,550,520,530,153533500
2021-09-30,530,560,530,550,131819300
2021-10-01,550,565,530,535,106523500
2021-10-04,540,575,540,565,131334200
2021-10-05,580,605,570,590,174683300
2021-10-06,605,620,590,610,144612200
2021-10-07,590,595,570,570,106713600
2021-10-08,580,605,570,600,109571100
2021-10-11,610,635,605,635,162985300
2021-10-12,635,635,615,625,60579000
2021-10-13,625,625,595,610,91699200
2021-10-14,610,620,600,615,51855100
2021-10-15,620,625,610,625,64339100
2021-10-18,630,650,625,630,104623300
2021-10-19,635,635,610,620,53502600
2021-10-21,630,635,585,590,84244000
2021-10-22,580,590,570,585,61339000
2021-10-25,590,610,580,595,65005400
2021-10-26,605,615,600,600,49543700
2021-10-27,610,610,590,595,36476400
2021-10-28,580,585,555,555,84534600
2021-10-29,555,570,555,570,23458400
2021-11-01,575,575,555,560,20798700
2021-11-02,565,575,545,555,36544600
2021-11-03,555,560,540,555,24853200
2021-11-04,555,575,555,565,48170800
2021-11-05,560,560,545,550,33884000
2021-11-08,560,575,555,560,47647900
2021-11-09,570,570,550,555,31947300
2021-11-10,560,570,555,565,37703500
2021-11-11,565,565,555,565,9018100
2021-11-12,565,570,555,555,19129200
2021-11-15,555,560,545,545,19541000
2021-11-16,545,560,545,560,15820400
2021-11-17,560,560,545,550,23878900
2021-11-18,540,545,515,520,95223700
2021-11-19,520,545,520,535,30316200
2021-11-22,525,530,515,520,41490800
2021-11-23,525,535,525,530,32825700
2021-11-24,535,545,525,530,31360500
2021-11-25,535,535,505,520,64900100
2021-11-26,515,520,494,496,72314000
2021-11-29,496,498,484,488,45597100
2021-11-30,490,496,474,478,70821900
2021-12-01,470,484,470,476,35249900
2021-12-02,476,482,470,476,53525700
2021-12-03,476,494,476,488,54081100
2021-12-06,492,492,480,486,34814600
2021-12-07,492,510,492,498,54800800
2021-12-08,505,505,494,500,50549600
2021-12-09,515,525,500,510,84201500
2021-12-10,510,515,500,500,28542000
2021-12-13,505,510,500,500,28699900
2021-12-14,500,500,480,494,28447500
2021-12-15,494,496,488,488,18958000
2021-12-16,496,498,480,484,29522000
2021-12-17,486,486,478,478,33847200
2021-12-20,480,480,470,472,47502600
2021-12-21,472,482,472,478,27509300
2021-12-22,484,494,482,486,51317600
2021-12-23,490,494,482,484,18416700
2021-12-24,488,490,484,484,14066100
2021-12-27,488,488,480,482,12949300
2021-12-28,488,494,482,482,50895300
2021-12-29,482,486,474,476,25283400
2021-12-30,476,478,464,466,39528400
2022-01-03,468,468,458,462,31820500
2022-01-04,462,472,462,470,31853000
2022-01-05,472,488,470,484,61950400
2022-01-06,484,492,476,488,39833300
2022-01-07,490,496,488,492,35130900
2022-01-10,492,494,482,482,21439800
2022-01-11,482,482,470,474,31835700
2022-01-12,480,484,468,478,24663300
2022-01-13,480,484,476,478,15918100
2022-01-14,478,478,468,472,22463200
2022-01-17,478,478,470,472,17101300
2022-01-18,474,480,464,480,29608300
2022-01-19,482,510,476,500,129142100
2022-01-20,505,530,505,520,98485700
2022-01-21,510,530,510,520,47061800
2022-01-24,515,515,496,500,76213300
2022-01-25,496,498,476,482,72711300
2022-01-26,484,510,484,510,53170200
2022-01-27,515,520,500,510,62050300
2022-01-28,510,550,500,545,111893300
2022-01-31,550,560,535,555,82051100
2022-02-02,560,560,525,530,69164100
2022-02-03,530,570,520,565,129534000
2022-02-04,570,580,545,560,94594700
2022-02-07,565,585,560,580,91896300
2022-02-08,580,585,565,580,59965800
2022-02-09,580,580,555,560,58053200
2022-02-10,560,580,555,580,76219000
2022-02-11,575,580,565,570,39270200
2022-02-14,585,610,580,605,126660600
2022-02-15,610,615,575,585,86590400
2022-02-16,575,575,550,560,140769900
2022-02-17,560,580,555,575,71239000
2022-02-18,575,580,565,570,26434700
2022-02-21,570,570,555,555,38537300
2022-02-22,560,580,560,570,69981700
2022-02-23,575,580,560,560,44769800
2022-02-24,565,680,565,635,622814700
2022-02-25,630,635,595,600,226304800
2022-03-01,615,630,605,610,107333100
2022-03-02,640,660,620,655,303915800
2022-03-04,655,670,635,655,199771600
2022-03-07,680,720,675,690,323214700
2022-03-08,690,690,645,645,248894600
2022-03-09,660,680,635,650,179959800
2022-03-10,620,635,605,635,123980900
2022-03-11,635,650,620,635,52855600
2022-03-14,635,635,595,595,85629700
2022-03-15,570,575,555,555,223511900
2022-03-16,555,590,555,580,137174700
2022-03-17,585,600,575,590,46064800
2022-03-18,610,620,600,600,72239700
2022-03-21,605,610,590,605,36980000
2022-03-22,615,630,605,610,78460700
2022-03-23,610,610,600,600,48914600
2022-03-24,610,620,605,610,55037200
2022-03-25,610,610,580,580,81306600
2022-03-28,585,605,585,590,69222500
2022-03-29,585,585,565,565,110679600
2022-03-30,570,580,540,560,143203600
2022-03-31,560,570,545,555,92025600
2022-04-01,555,560,545,550,53416200
2022-04-04,550,570,545,555,94373500
2022-04-05,565,575,555,565,87222600
2022-04-06,565,565,550,555,92202900
2022-04-07,550,555,545,550,53189100
2022-04-08,550,565,550,560,55463600
2022-04-11,560,565,530,530,93315100
2022-04-12,530,530,505,515,100561400
2022-04-13,530,540,520,520,97714800
2022-04-14,530,535,520,525,118297600
2022-04-18,530,565,530,565,131687000
2022-04-19,570,580,555,570,157239400
2022-04-20,560,575,555,570,63767100
2022-04-21,570,585,560,560,90334000
2022-04-22,560,565,545,555,42367200
2022-04-25,540,545,530,540,50513300
2022-04-26,540,545,510,525,66858700
2022-04-27,535,540,525,535,41167900
2022-04-28,535,555,535,550,37933000
2022-05-09,555,570,545,550,110069800
2022-05-10,535,565,525,565,89307000
2022-05-11,565,570,555,560,44986900
2022-05-12,570,575,530,535,67457800
2022-05-13,545,550,535,545,41168300
2022-05-17,560,575,555,565,66278300
2022-05-18,565,570,560,565,40630000
2022-05-19,555,565,550,560,38976000
2022-05-20,565,575,555,560,58987600
2022-05-23,560,565,555,555,24465000
2022-05-24,560,570,555,565,25798800
2022-05-25,565,595,565,575,155111400
2022-05-27,590,605,580,585,110198900
2022-05-30,595,600,580,590,63841500
2022-05-31,605,610,580,585,153938100
2022-06-02,575,595,555,590,153203200
2022-06-03,595,600,585,585,68566200
2022-06-06,600,615,585,615,105749400
2022-06-07,620,630,600,625,114998400
2022-06-08,630,675,625,660,223835200
2022-06-09,670,680,635,645,138174700
2022-06-10,640,640,615,620,144161000
2022-06-13,605,605,580,585,171641900
2022-06-14,585,635,585,630,132424800
2022-06-15,625,630,600,625,103873100
2022-06-16,665,705,645,650,383819400
2022-06-17,650,670,640,650,176049700
2022-06-20,645,675,630,670,122614600
2022-06-21,680,695,670,675,89372500
2022-06-22,675,680,650,655,87180400
2022-06-23,650,655,625,650,71062000
2022-06-24,655,655,635,645,50586600
2022-06-27,650,660,640,645,47879800
2022-06-28,650,670,650,665,81908500
2022-06-29,665,685,645,650,87711300
2022-06-30,650,660,630,635,50752200
2022-07-01,630,635,595,595,118819400
2022-07-04,595,605,565,580,139579300
2022-07-05,595,620,595,605,86468400
2022-07-06,595,595,570,580,83190700
2022-07-07,570,575,560,570,58290000
2022-07-08,585,590,570,570,67429000
2022-07-11,575,585,565,575,34854600
2022-07-12,575,585,570,580,43722400
2022-07-13,570,575,555,560,62611400
2022-07-14,560,565,550,555,24851500
2022-07-15,555,565,540,545,40681000
2022-07-18,545,560,545,555,25920300
2022-07-19,565,590,560,580,66197900
2022-07-20,585,605,585,590,59440200
2022-07-21,590,600,585,590,16001600
2022-07-22,590,590,575,585,30244500
2022-07-25,585,585,565,570,41875900
2022-07-26,575,585,570,585,48285900
2022-07-27,585,605,580,600,73775900
2022-07-28,610,620,605,615,81372400
2022-07-29,620,620,605,610,34952000
2022-08-01,615,630,610,625,98761800
2022-08-02,615,620,590,600,155935300
2022-08-03,600,625,600,615,82071500
2022-08-04,610,615,600,600,65085600
2022-08-05,590,600,580,590,58416000
2022-08-08,590,590,580,580,55513400
2022-08-09,585,595,585,585,26901800
2022-08-10,585,630,580,620,115351700
2022-08-11,620,640,615,625,83939100
2022-08-12,625,645,625,630,49589000
2022-08-15,630,645,630,630,36376200
2022-08-16,630,630,615,620,26603600
2022-08-18,620,630,610,620,52983200
2022-08-19,620,630,615,625,26820300
2022-08-22,625,625,605,615,36788500
2022-08-23,665,740,665,735,549842400
2022-08-24,750,770,715,770,270786200
2022-08-25,780,790,770,775,145326500
2022-08-26,785,920,775,835,429543000
2022-08-29,825,940,810,935,342332700
2022-08-30,950,990,880,905,340587100
2022-08-31,885,895,845,860,384448100
2022-09-01,855,925,840,890,171161400
2022-09-02,890,920,875,885,119498800
2022-09-05,885,980,875,980,290880400
2022-09-06,995,1020,985,995,225782300
2022-09-07,980,990,930,930,264853200
2022-09-08,895,915,875,880,251226000
2022-09-09,885,915,875,885,156460700
2022-09-12,900,935,895,930,133903800
2022-09-13,940,945,915,940,115988500
2022-09-14,915,975,905,975,169768900
2022-09-15,995,1040,990,1000,274600000
2022-09-16,980,1005,965,965,127265900
2022-09-19,975,980,920,970,111044200
2022-09-20,975,980,945,955,51623800
2022-09-21,955,965,920,960,122531400
2022-09-22,940,990,935,990,95182400
2022-09-23,990,1010,970,995,165310600
2022-09-26,950,955,930,930,137365500
2022-09-27,900,920,865,900,236631400
2022-09-28,900,900,870,870,75157100
2022-09-29,900,920,890,895,113557700
2022-09-30,885,925,865,915,90376700
2022-10-03,920,930,890,930,118658300
2022-10-04,940,980,940,975,148831700
2022-10-05,985,990,955,955,83556400
2022-10-06,965,985,935,945,74156200
2022-10-07,945,960,935,940,55129100
2022-10-10,960,995,945,990,164621800
2022-10-11,980,995,960,975,72939100
2022-10-12,975,995,950,995,70300800
2022-10-13,985,1020,975,990,131014000
2022-10-14,1015,1015,995,1010,76656100
2022-10-17,995,1005,955,1005,73308700
2022-10-18,1010,1010,970,975,56296600
2022-10-19,965,980,960,965,29795700
2022-10-20,965,1030,965,1030,76412500
2022-10-21,1025,1040,1010,1020,48564800
2022-10-24,1005,1100,1005,1085,136436900
2022-10-25,1095,1100,1070,1085,65257000
2022-10-26,1090,1095,1055,1080,36031400
2022-10-27,1095,1150,1095,1150,112853700
2022-10-28,1155,1170,1135,1145,41154900
2022-10-31,1165,1165,1120,1155,45366300
2022-11-01,1150,1150,1075,1105,141775700
2022-11-02,1105,1130,1090,1110,48618500
2022-11-03,1115,1150,1100,1130,43482100
2022-11-04,1135,1195,1090,1190,99816400
2022-11-07,1200,1220,1170,1190,68538500
2022-11-08,1195,1225,1145,1180,77601100
2022-11-09,1165,1190,1150,1165,44444800
2022-11-10,1130,1145,1085,1085,121519100
2022-11-11,1095,1170,1060,1160,129631400
2022-11-14,1170,1185,1145,1160,60122200
2022-11-15,1145,1170,1135,1140,27420200
2022-11-16,1160,1165,1130,1160,31969400
2022-11-17,1150,1155,1130,1130,20797900
2022-11-18,1105,1105,1065,1070,72821300
2022-11-21,1050,1070,1040,1055,53414600
2022-11-22,1065,1080,1040,1080,52580100
2022-11-23,1085,1105,1070,1090,39794500
2022-11-24,1075,1100,1065,1075,40030000
2022-11-25,1075,1085,1055,1055,30611300
2022-11-28,1030,1040,990,1000,111529200
2022-11-29,1015,1060,1015,1055,58391400
2022-11-30,1055,1085,1045,1065,65128600
2022-12-01,1105,1135,1085,1125,90176200
2022-12-02,1135,1135,1075,1080,48431600
2022-12-05,1085,1140,1085,1095,67021100
2022-12-06,1090,1105,1060,1090,32543200
2022-12-07,1070,1085,1050,1065,38998400
2022-12-08,1060,1075,1020,1070,44712200
2022-12-09,1070,1080,1060,1075,19132400
2022-12-12,1085,1140,1085,1130,74110000
2022-12-13,1135,1160,1125,1145,58104500
2022-12-14,1165,1165,1135,1150,38746000
2022-12-15,1150,1155,1120,1125,18528400
2022-12-16,1120,1135,1105,1105,20075200
2022-12-19,1105,1115,1085,1110,19609700
2022-12-20,1115,1115,1050,1070,54411300
2022-12-21,1075,1105,1070,1080,27659400
2022-12-22,1100,1130,1095,1120,35027300
2022-12-23,1120,1120,1110,1110,14033700
2022-12-26,1120,1135,1100,1110,16978300
2022-12-27,1115,1125,1080,1085,25986200
2022-12-28,1095,1100,1050,1055,25748900
2022-12-29,1050,1050,1020,1030,45090300
2022-12-30,1030,1030,1010,1015,18675100
2023-01-02,1020,1095,1020,1090,45397300
2023-01-03,1085,1135,1070,1115,46695100
2023-01-04,1100,1110,1070,1075,40033000
2023-01-05,1065,1065,1000,1000,77758300
2023-01-06,1000,1040,985,1035,55478000
2023-01-09,1040,1045,1000,1015,36001900
2023-01-10,1025,1080,1020,1075,56583200
2023-01-11,1080,1100,1040,1075,34019700
2023-01-12,1090,1115,1085,1085,31725100
2023-01-13,1105,1150,1095,1145,64397400
2023-01-16,1150,1155,1130,1145,24265000
2023-01-17,1150,1230,1135,1195,99625800
2023-01-18,1185,1220,1175,1190,35106600
2023-01-19,1180,1260,1175,1250,72979200
2023-01-20,1260,1310,1255,1300,82251400
2023-01-24,1310,1430,1310,1405,107854000
2023-01-25,1415,1420,1350,1360,70400200
2023-01-26,1370,1420,1325,1360,88496800
2023-01-27,1380,1390,1360,1380,39438800
2023-01-30,1375,1390,1355,1365,22559800
2023-01-31,1360,1395,1325,1395,93722600
2023-02-01,1375,1410,1365,1370,77848900
2023-02-02,1370,1375,1330,1335,67985800
2023-02-03,1305,1330,1255,1260,132576000
2023-02-06,1220,1270,1195,1220,121204000
2023-02-07,1235,1280,1230,1275,94824800
2023-02-08,1300,1330,1290,1315,135375500
2023-02-09,1315,1320,1285,1290,48687100
2023-02-10,1290,1300,1215,1250,87377000
2023-02-13,1275,1285,1220,1220,58169100
2023-02-14,1230,1250,1210,1220,45968400
2023-02-15,1225,1230,1160,1165,119419600
2023-02-16,1165,1175,1110,1130,126159300
2023-02-17,1130,1150,1090,1095,110249100
2023-02-20,1080,1100,1045,1060,112333000
2023-02-21,1070,1095,1055,1065,86971300
2023-02-22,1065,1085,1050,1060,75858900
2023-02-23,1050,1060,1020,1060,86487000
2023-02-24,1070,1105,1065,1105,101669200
2023-02-27,1100,1135,1090,1115,112939700
2023-02-28,1115,1165,1090,1150,112437900
2023-03-01,1155,1170,1150,1160,44552700
2023-03-02,1160,1165,1125,1125,57168900
2023-03-03,1125,1150,1105,1115,50201600
2023-03-06,1120,1135,1060,1075,74948300
2023-03-07,1080,1100,1060,1065,27674100
2023-03-08,1040,1055,1020,1025,75695000
2023-03-09,1025,1040,1005,1025,64130300
2023-03-10,1010,1030,995,1020,73501600
2023-03-13,1020,1045,995,1025,59336200
2023-03-14,1010,1020,955,955,105868700
2023-03-15,955,975,910,930,77710900
2023-03-16,900,905,865,865,118935700
2023-03-17,875,915,865,915,114112300
2023-03-20,905,915,855,860,91269700
2023-03-21,875,895,865,875,37862700
2023-03-24,885,915,875,910,91347700
2023-03-27,900,925,895,915,48287400
2023-03-28,940,960,930,935,74778500
2023-03-29,950,975,945,970,63048700
2023-03-30,970,995,945,980,69462600
2023-03-31,990,1030,970,1010,82012600
2023-04-03,1075,1110,1055,1070,164996500
2023-04-04,1085,1115,1065,1100,118915500
2023-04-05,1110,1115,1075,1085,63420100
2023-04-06,1090,1090,1050,1050,48537100
2023-04-10,1060,1075,1045,1050,53698300
2023-04-11,1055,1065,1035,1035,37803700
2023-04-12,1050,1055,1020,1025,61399300
2023-04-13,1050,1075,1030,1030,93692900
2023-04-14,1040,1100,1030,1090,121100200
2023-04-17,1085,1090,1035,1040,90593600
2023-04-18,1040,1065,1040,1055,33752500
2023-04-26,1040,1045,1010,1025,69479000
2023-04-27,1015,1035,990,1000,78973700
2023-04-28,1005,1020,1000,1010,50616600
2023-05-02,1015,1015,950,960,67123900
2023-05-03,930,965,920,940,57311500
2023-05-04,920,950,900,905,99190300
2023-05-05,910,920,880,900,75480800
2023-05-08,920,970,920,935,119287400
2023-05-09,945,955,930,930,54823300
2023-05-10,935,995,935,940,110198400
2023-05-11,940,955,930,935,44305100
2023-05-12,935,955,925,930,46839200
2023-05-15,925,935,885,905,88830900
2023-05-16,915,930,910,910,51016200
2023-05-17,900,925,895,900,24965400
2023-05-19,905,910,865,875,53726800
2023-05-22,880,925,880,895,63940400
2023-05-23,890,910,840,840,166372900
2023-05-24,850,895,840,890,104430700
2023-05-25,900,935,880,930,96728800
2023-05-26,930,945,900,900,95368700
2023-05-29,915,925,885,900,62933500
2023-05-30,900,940,900,925,83124100
2023-05-31,955,965,895,905,269046200
2023-06-05,920,930,910,920,72498900
2023-06-06,915,920,885,905,82411300
2023-06-07,915,920,900,905,49747200
2023-06-08,910,920,900,915,48462500
2023-06-09,905,915,900,905,34881900
2023-06-12,905,925,895,900,52719800
2023-06-13,885,890,875,880,60552500
2023-06-14,890,910,880,905,40043700
2023-06-15,900,905,890,900,15547500
2023-06-16,910,920,895,915,43207600
2023-06-19,915,915,900,905,23903400
2023-06-20,910,910,895,905,23573500
2023-06-21,905,945,900,930,91144000
2023-06-22,935,945,915,920,44200500
2023-06-23,915,925,905,905,30127200
2023-06-26,905,910,895,900,26542300
2023-06-27,900,905,885,890,42974300
2023-07-03,895,905,880,895,33830600
2023-07-04,895,920,890,900,62983800
2023-07-05,910,930,905,930,72646600
2023-07-06,935,955,925,955,98172500
2023-07-07,960,960,905,910,154619100
2023-07-10,915,935,910,915,63450900
2023-07-11,920,920,890,895,78508900
2023-07-12,905,910,890,895,59860900
2023-07-13,905,905,890,890,48484400
2023-07-14,895,910,895,900,41423200
2023-07-17,900,920,900,905,47540400
2023-07-18,910,915,905,910,41427900
2023-07-20,920,945,915,935,112007900
2023-07-21,935,955,930,955,104154100
2023-07-24,955,1010,950,1000,166615200
2023-07-25,1020,1090,1010,1080,247603900
2023-07-26,1080,1125,1050,1100,164477500
2023-07-27,1120,1125,1075,1090,85038400
2023-07-28,1090,1145,1070,1130,118892500
2023-07-31,1135,1145,1090,1130,74225400
2023-08-01,1145,1160,1035,1055,213816700
2023-08-02,1060,1120,1025,1095,147092700
2023-08-03,1080,1100,1055,1070,48619400
2023-08-04,1100,1105,1055,1055,75619900
2023-08-07,1065,1080,1060,1070,86376700
2023-08-08,1075,1085,1045,1045,51719500
2023-08-09,1050,1065,1040,1050,29731900
2023-08-10,1070,1090,1060,1070,57178600
2023-08-11,1060,1065,1045,1055,25756000
2023-08-14,1060,1060,1010,1030,78992200
2023-08-15,1025,1100,1025,1080,164365200
2023-08-16,1080,1105,1070,1080,83941300
2023-08-18,1075,1085,1055,1070,34443200
2023-08-21,1075,1095,1050,1090,79171200
2023-08-22,1100,1120,1080,1100,74056600
2023-08-23,1100,1130,1095,1105,87154000
2023-08-24,1105,1105,1065,1085,68844900
2023-08-25,1085,1085,1060,1070,19589300
2023-08-28,1070,1085,1040,1050,46503900
2023-08-29,1050,1060,1025,1040,48084300
2023-08-30,1050,1085,1025,1075,85504800
2023-08-31,1085,1090,1065,1070,76248200
2023-09-01,1075,1315,1075,1290,586829900
2023-09-04,1325,1340,1260,1290,280460900
2023-09-05,1290,1295,1240,1255,95925200
2023-09-06,1300,1390,1290,1380,376058200
2023-09-07,1385,1390,1295,1320,192198400
2023-09-08,1310,1350,1305,1330,96511000
2023-09-11,1335,1370,1300,1355,142238900
2023-09-12,1375,1555,1375,1490,442172000
2023-09-13,1525,1585,1520,1545,341730100
2023-09-14,1565,1575,1530,1555,117052000
2023-09-15,1595,1655,1590,1630,298788800
2023-09-18,1630,1705,1600,1605,207864500
2023-09-19,1635,1680,1625,1665,198452300
2023-09-20,1645,1645,1565,1570,204281000
2023-09-21,1550,1570,1495,1515,254019300
2023-09-22,1550,1615,1515,1600,242441400
2023-09-25,1645,1645,1590,1640,131057200
2023-09-26,1640,1650,1500,1515,184587000
2023-09-27,1545,1645,1535,1645,204021300
2023-09-29,1685,1685,1610,1610,210709800
2023-10-02,1595,1595,1530,1560,179506500
2023-10-03,1485,1550,1450,1510,200913300
2023-10-04,1510,1530,1410,1410,299129900
2023-10-05,1370,1410,1305,1310,337612100
2023-10-06,1315,1385,1315,1345,208380700
2023-10-09,1450,1490,1420,1475,323673700
2023-10-10,1500,1515,1440,1465,185168200
2023-10-11,1465,1490,1425,1465,172434900
2023-10-12,1435,1470,1395,1465,148533700
2023-10-13,1460,1500,1450,1495,171657600
2023-10-16,1530,1560,1500,1510,176399500
2023-10-17,1510,1535,1480,1505,75800700
2023-10-18,1535,1580,1530,1565,147408600
2023-10-19,1550,1580,1520,1520,110803000
2023-10-20,1560,1600,1530,1600,168440400
2023-10-23,1550,1565,1450,1500,218795700
2023-10-24,1455,1495,1450,1470,110425100
2023-10-25,1435,1450,1385,1395,168410200
2023-10-26,1425,1430,1340,1360,160899000
2023-10-27,1360,1420,1350,1420,107103900
2023-10-30,1400,1405,1245,1260,209870700
2023-10-31,1260,1285,1230,1275,134066000
2023-11-01,1240,1245,1155,1165,223340400
2023-11-02,1200,1260,1190,1230,145303500
2023-11-03,1250,1280,1230,1240,80994800
2023-11-06,1210,1240,1200,1230,71760000
2023-11-07,1215,1225,1150,1175,143972300
2023-11-08,1100,1125,1090,1110,200017000
2023-11-09,1110,1180,1110,1170,144247600
2023-11-10,1170,1200,1150,1160,63317600
2023-11-13,1175,1210,1150,1185,69655900
2023-11-14,1210,1225,1190,1205,53327000
2023-11-15,1240,1240,1190,1190,76966300
2023-11-16,1185,1185,1150,1160,48409600
2023-11-17,1125,1140,1110,1120,78914400
2023-11-20,1160,1175,1135,1140,67762900
2023-11-21,1160,1170,1135,1140,36145700
2023-11-22,1150,1155,1115,1120,46042400
2023-11-23,1105,1140,1095,1125,54784200
2023-11-24,1130,1135,1110,1125,28874600
2023-11-27,1120,1135,1105,1115,38457200
2023-11-28,1120,1165,1115,1145,80923400
2023-11-29,1165,1215,1150,1205,181180400
2023-11-30,1205,1205,1155,1155,131385400
2023-12-01,1145,1150,1120,1125,65452900
2023-12-04,1115,1120,1025,1055,221190400
2023-12-05,1055,1090,1025,1040,127921700
2023-12-06,1020,1055,1015,1030,79100600
2023-12-07,1005,1015,980,985,145919400
2023-12-08,1000,1075,995,1050,208113200
2023-12-11,1065,1075,1030,1035,99535900
2023-12-12,1040,1090,1005,1080,132212500
2023-12-13,1050,1080,1040,1055,85744900
2023-12-14,1075,1145,1075,1125,197622200
2023-12-15,1150,1165,1125,1125,117339400
2023-12-18,1135,1145,1080,1100,75540000
2023-12-19,1120,1140,1110,1115,45466600
2023-12-20,1135,1160,1130,1140,82775100
2023-12-21,1130,1135,1100,1130,66747200
2023-12-22,1135,1140,1120,1130,42620400
2023-12-27,1155,1210,1150,1160,156671200
2023-12-28,1155,1175,1135,1150,43832400
2023-12-29,1140,1155,1125,1155,44283200
2024-01-02,1165,1185,1150,1165,57217000
2024-01-03,1150,1165,1140,1150,45498400
2024-01-04,1180,1195,1170,1180,75091300
2024-01-05,1175,1195,1170,1185,42989900
2024-01-08,1200,1270,1200,1220,161769600
2024-01-09,1195,1200,1155,1175,94643600
2024-01-10,1190,1200,1170,1175,44323200
2024-01-11,1185,1230,1175,1220,85500900
2024-01-12,1245,1275,1235,1270,120675400
2024-01-15,1270,1295,1250,1250,78017400
2024-01-16,1250,1270,1225,1255,44724200
2024-01-17,1240,1260,1210,1225,53676600
2024-01-18,1230,1255,1230,1250,52735800
2024-01-19,1265,1270,1225,1230,39875100
2024-01-22,1225,1230,1170,1175,75780500
2024-01-23,1190,1210,1175,1180,50107700
2024-01-24,1180,1190,1160,1165,40801100
2024-01-25,1180,1200,1175,1190,43609500
2024-01-26,1215,1220,1190,1200,65769000
2024-01-29,1230,1260,1215,1245,82090600
2024-01-30,1240,1240,1215,1220,38807600
2024-01-31,1235,1235,1215,1220,24209500
2024-02-01,1200,1205,1175,1180,56764100
2024-02-02,1170,1185,1150,1155,50429000
2024-02-05,1150,1155,1110,1115,79424600
2024-02-06,1120,1140,1105,1115,43930100
2024-02-07,1120,1160,1120,1150,60164500
2024-02-12,1170,1190,1165,1185,56436900
2024-02-13,1190,1205,1175,1185,40790400
2024-02-15,1190,1210,1180,1200,63877400
2024-02-16,1210,1220,1200,1210,41214100
2024-02-19,1220,1220,1180,1200,30330300
2024-02-20,1190,1215,1190,1200,32943100
2024-02-21,1200,1210,1190,1190,37420600
2024-02-22,1205,1250,1200,1245,72723700
2024-02-23,1250,1285,1235,1240,83245500
2024-02-26,1230,1230,1185,1205,63010300
2024-02-27,1230,1255,1220,1240,63596700
2024-02-28,1260,1270,1250,1260,81419200
2024-02-29,1270,1345,1260,1310,205137500
2024-03-01,1315,1380,1310,1365,119538400
2024-03-04,1395,1410,1375,1390,73855200
2024-03-05,1390,1390,1350,1370,41233000
2024-03-06,1365,1390,1355,1365,47813000
2024-03-07,1370,1370,1310,1315,95038400
2024-03-08,1305,1355,1305,1340,60364600
2024-03-13,1330,1350,1305,1330,51012800
2024-03-14,1360,1450,1360,1450,137535400
2024-03-15,1465,1480,1425,1425,169342300
2024-03-18,1425,1520,1425,1485,142670600
2024-03-19,1505,1510,1420,1435,77803400
2024-03-20,1440,1460,1415,1430,35401500
2024-03-21,1440,1450,1415,1430,36822400
2024-03-22,1435,1440,1415,1415,23756700
2024-03-25,1420,1425,1375,1405,47223900
2024-03-26,1440,1475,1425,1430,62229300
2024-03-27,1425,1465,1415,1450,35872200
2024-03-28,1455,1465,1420,1430,30165600
2024-04-01,1465,1465,1425,1435,32317300
2024-04-02,1465,1495,1445,1495,71828800
2024-04-03,1495,1565,1465,1555,118068500
2024-04-04,1565,1585,1540,1560,59168200
2024-04-05,1570,1590,1550,1560,48838200
2024-04-16,1600,1635,1565,1620,112903800
2024-04-17,1620,1620,1555,1565,57589700
2024-04-18,1535,1535,1495,1500,52394500
2024-04-19,1550,1625,1535,1555,126347000
2024-04-22,1550,1550,1455,1480,80607700
2024-04-23,1485,1500,1465,1480,25989800
2024-04-24,1495,1495,1470,1470,20587600
2024-04-25,1470,1470,1415,1425,46163300
2024-04-26,1440,1465,1400,1410,39989400
2024-04-29,1415,1420,1320,1360,98823500
2024-04-30,1355,1385,1335,1350,67627800
2024-05-02,1290,1325,1270,1315,126190700
2024-05-03,1325,1335,1290,1310,34014900
2024-05-06,1315,1335,1295,1315,40141400
2024-05-07,1315,1330,1300,1300,30714600
2024-05-08,1305,1330,1300,1315,42773300
2024-05-13,1315,1355,1300,1345,46897600
2024-05-14,1355,1360,1335,1345,40151100
2024-05-15,1340,1355,1320,1350,30595100
2024-05-16,1350,1385,1350,1370,35360900
2024-05-17,1375,1390,1350,1370,33951100
2024-05-20,1390,1495,1390,1480,118600300
2024-05-21,1480,1485,1400,1405,60421100
2024-05-22,1360,1390,1350,1355,51034300
2024-05-27,1355,1455,1345,1410,89897900
2024-05-28,1425,1445,1400,1410,54733800
2024-05-29,1425,1465,1400,1450,87210600
2024-05-30,1450,1465,1410,1410,44696900
2024-05-31,1400,1430,1385,1395,57917600
2024-06-03,1395,1395,1365,1370,41077800
2024-06-04,1340,1340,1305,1325,120062200
2024-06-05,1325,1340,1300,1325,81234000
2024-06-06,1340,1350,1330,1335,21075800
2024-06-07,1345,1355,1330,1330,21212700
2024-06-10,1320,1320,1305,1310,18011600
2024-06-11,1335,1355,1310,1310,32651200
2024-06-12,1310,1330,1250,1285,43237700
2024-06-13,1295,1305,1265,1265,16636800
2024-06-14,1265,1270,1225,1260,43930500
2024-06-19,1290,1305,1225,1225,28814300
2024-06-20,1230,1255,1205,1240,27358000
2024-06-21,1260,1290,1255,1280,33247300
2024-06-24,1280,1310,1265,1300,24056100
2024-06-25,1315,1345,1300,1330,22199000
2024-06-26,1320,1335,1310,1320,23901100
2024-06-27,1320,1325,1305,1315,15637300
2024-06-28,1325,1350,1320,1335,22318100
2024-07-01,1340,1365,1325,1340,29878300
2024-07-02,1365,1385,1360,1365,32226300
2024-07-03,1365,1365,1320,1335,45580500
2024-07-04,1345,1395,1340,1390,49172100
2024-07-05,1395,1405,1375,1390,19648200
2024-07-08,1395,1395,1355,1365,21587300
2024-07-09,1360,1360,1335,1345,27387800
2024-07-10,1345,1355,1320,1340,36090400
2024-07-11,1350,1360,1325,1330,31917700
2024-07-12,1340,1345,1310,1315,43921800
2024-07-15,1310,1340,1280,1285,73814100
2024-07-16,1285,1305,1280,1295,24865800
2024-07-17,1300,1310,1285,1290,21498600
2024-07-18,1305,1330,1300,1315,41927700
2024-07-19,1315,1315,1280,1285,35247800
2024-07-22,1285,1315,1260,1305,32925200
2024-07-23,1310,1310,1285,1285,15362700
2024-07-24,1285,1285,1265,1270,33693900
2024-07-25,1270,1275,1245,1270,34621400
2024-07-26,1270,1330,1270,1325,60468200
2024-07-29,1320,1340,1305,1310,33916900
2024-07-30,1300,1310,1295,1295,16142700
2024-07-31,1295,1330,1295,1320,27859500
2024-08-01,1355,1380,1335,1340,70111700
2024-08-02,1325,1345,1320,1325,39998800
2024-08-05,1300,1315,1200,1255,78942000
2024-08-06,1280,1290,1255,1270,35494800
2024-08-07,1270,1290,1260,1275,30539800
2024-08-08,1290,1305,1280,1285,28092800
2024-08-09,1295,1315,1280,1295,24614100
2024-08-12,1305,1340,1295,1330,35065800
2024-08-13,1360,1370,1350,1350,44188700
2024-08-14,1350,1360,1325,1355,40029300
2024-08-15,1350,1350,1310,1335,47698400
2024-08-16,1340,1350,1335,1335,18187100
2024-08-19,1330,1330,1300,1305,25336000
2024-08-20,1305,1315,1295,1310,45138600
2024-08-21,1310,1320,1280,1285,39465800
2024-08-22,1285,1290,1265,1275,52810400
2024-08-23,1275,1295,1275,1290,21906800
2024-08-26,1310,1310,1295,1300,38868600
2024-08-27,1315,1325,1295,1300,34990400
2024-08-28,1295,1310,1280,1285,41812800
2024-08-29,1285,1295,1265,1265,33824100
2024-08-30,1270,1290,1255,1255,42706200
2024-09-02,1255,1270,1240,1265,42295700
2024-09-03,1265,1275,1245,1255,27131700
2024-09-04,1220,1235,1205,1210,85484600
2024-09-05,1205,1245,1205,1245,36182900
2024-09-06,1250,1255,1230,1230,36692700
2024-09-09,1230,1235,1210,1215,26675600
2024-09-10,1220,1230,1205,1205,40585900
2024-09-11,1200,1200,1175,1195,65636000
2024-09-12,1210,1245,1205,1240,54199300
2024-09-13,1250,1265,1220,1225,47312100
2024-09-17,1240,1245,1225,1230,20540900
2024-09-18,1240,1240,1220,1230,15001000
2024-09-19,1230,1260,1225,1255,26600600
2024-09-20,1260,1270,1245,1265,48662600
2024-09-23,1265,1270,1255,1255,21641700
2024-09-24,1260,1315,1250,1315,71389700
2024-09-25,1315,1340,1295,1335,97621300
2024-09-26,1330,1330,1295,1315,64615200
2024-09-27,1300,1315,1290,1300,47294800
2024-09-30,1315,1325,1265,1265,62261600
2024-10-01,1270,1295,1270,1285,31201900
2024-10-02,1330,1400,1330,1400,291003000
2024-10-03,1400,1455,1360,1370,179045700
2024-10-04,1440,1460,1405,1420,195630000
2024-10-07,1430,1440,1385,1420,124771000
2024-10-08,1435,1440,1355,1370,155757500
2024-10-09,1355,1375,1335,1365,100890400
2024-10-10,1350,1365,1335,1350,65547600
2024-10-11,1370,1375,1350,1355,74866700
2024-10-14,1345,1345,1325,1325,35298100
2024-10-15,1300,1315,1280,1290,87730300
2024-10-16,1280,1310,1280,1305,48192600
2024-10-17,1310,1315,1290,1295,31825800
2024-10-18,1300,1310,1295,1305,20822800
2024-10-21,1300,1325,1295,1320,41947100
2024-10-22,1330,1355,1325,1345,97761100
2024-10-23,1350,1365,1340,1340,49460000
2024-10-24,1340,1350,1325,1345,29611600
2024-10-25,1345,1345,1300,1305,32656600
2024-10-28,1285,1290,1240,1245,67494800
2024-10-29,1245,1265,1230,1235,30827300
2024-10-30,1235,1290,1210,1285,45004700
2024-10-31,1290,1295,1255,1280,39840400
2024-11-01,1255,1275,1245,1265,27299600
2024-11-04,1265,1280,1245,1275,30962500
2024-11-05,1285,1285,1260,1265,16506500
2024-11-06,1265,1275,1200,1205,47710600
2024-11-07,1205,1280,1185,1225,70378600
2024-11-08,1235,1255,1220,1230,24198200
2024-11-11,1225,1225,1195,1210,23841100
2024-11-12,1200,1205,1175,1180,41263200
2024-11-13,1180,1205,1180,1185,25257200
2024-11-14,1185,1195,1130,1145,37857700
2024-11-15,1160,1160,1105,1115,35255900
2024-11-18,1115,1120,1060,1065,42794700
2024-11-19,1085,1125,1080,1090,36704300
2024-11-20,1105,1150,1105,1140,32228800
2024-11-21,1155,1155,1120,1145,22711800
2024-11-22,1155,1160,1135,1145,22511200
2024-11-25,1155,1185,1150,1170,22962600
2024-11-26,1160,1160,1120,1125,20457100
2024-11-28,1125,1140,1120,1125,6527200
2024-11-29,1130,1140,1090,1090,22014700
2024-12-02,1095,1115,1050,1050,20359200
2024-12-03,1050,1075,1045,1070,18267900
2024-12-04,1085,1135,1080,1130,23670400
2024-12-05,1125,1130,1100,1125,14337600
2024-12-06,1105,1160,1080,1150,57392300
2024-12-09,1145,1155,1125,1135,33008800
2024-12-10,1140,1165,1140,1150,26310600
2024-12-11,1150,1165,1140,1140,14846800
2024-12-12,1160,1170,1105,1120,28938000
2024-12-13,1115,1130,1085,1090,23313000
2024-12-16,1100,1100,1065,1070,25109300
2024-12-17,1070,1080,1040,1045,24612600
2024-12-18,1045,1090,1015,1030,55043100
2024-12-19,1020,1070,1015,1050,56177800
2024-12-20,1060,1125,1060,1090,66863300
2024-12-23,1105,1110,1080,1095,17883000
2024-12-24,1095,1110,1080,1090,16899700
2024-12-27,1095,1120,1095,1105,12255100
2024-12-30,1110,1120,1095,1100,13138900
2025-01-02,1120,1145,1115,1120,23063400
2025-01-03,1145,1155,1135,1135,22600000
2025-01-06,1150,1170,1140,1140,23441400
2025-01-07,1140,1150,1090,1130,33911700
2025-01-08,1130,1135,1105,1130,34386600
2025-01-09,1130,1145,1115,1130,14650700
2025-01-10,1130,1140,1120,1120,20785700
2025-01-13,1165,1210,1155,1200,83766400
2025-01-14,1200,1215,1175,1190,33058700
2025-01-15,1185,1195,1160,1195,30433100
2025-01-16,1220,1235,1180,1180,44041300
2025-01-17,1180,1195,1155,1185,27122700
2025-01-20,1190,1190,1155,1170,23625200
2025-01-21,1170,1170,1095,1095,61046000
2025-01-22,1090,1105,1065,1105,60882700
2025-01-23,1105,1125,1090,1125,27318000
2025-01-24,1120,1120,1100,1105,17571800
2025-01-30,1110,1110,1050,1050,28631800
2025-01-31,1055,1080,1055,1080,20806600
2025-02-03,1080,1080,1045,1075,27339800
2025-02-04,1065,1075,1045,1050,20590200
2025-02-05,1050,1070,1035,1070,25474900
2025-02-06,1060,1065,1030,1030,23640400
2025-02-07,1030,1035,1000,1035,40501400
2025-02-10,1040,1060,1020,1060,24467500
2025-02-11,1060,1060,1040,1050,22060900
2025-02-12,1055,1065,1040,1040,29105300
2025-02-13,1030,1055,1030,1040,13679800
2025-02-14,1045,1070,1045,1070,22607600
2025-02-17,1070,1100,1060,1090,19500600
2025-02-18,1100,1105,1080,1085,23760500
2025-02-19,1085,1090,1065,1070,17028900
2025-02-20,1065,1080,1055,1065,15216600
2025-02-21,1065,1075,1040,1060,26800000
2025-02-24,1060,1060,1035,1055,20462700
2025-02-25,1050,1055,1015,1035,22070000
2025-02-26,1015,1045,1010,1045,30253800
2025-02-27,1045,1050,1010,1030,29193400
2025-02-28,1025,1030,1000,1000,55165200
2025-03-03,1020,1035,1005,1010,25189400
2025-03-04,1005,1020,990,1000,45013800
2025-03-05,995,1015,995,1010,28937600
2025-03-06,1005,1015,1000,1000,29794500
2025-03-07,1000,1015,990,1005,26979600
2025-03-10,1010,1025,1000,1020,38408700
2025-03-11,1005,1010,995,1000,24303300
2025-03-12,1005,1015,995,1000,20918100
2025-03-13,1005,1015,1000,1000,18045200
2025-03-14,1000,1005,985,995,47104200
2025-03-17,1000,1010,995,1000,27478800
2025-03-18,1005,1025,900,990,54204700
2025-03-19,990,990,970,970,28629000
2025-03-20,970,1000,955,1000,40503900
2025-03-21,1010,1010,975,975,24824400
2025-03-24,985,985,945,955,31354000
2025-03-25,955,1005,955,980,28207800
2025-03-26,995,1040,990,1030,26216300
2025-03-27,1030,1035,1015,1025,14196500
2025-04-08,900,970,875,970,137056000
2025-04-09,940,985,910,935,89077200
2025-04-10,995,1015,975,1015,70015700
2025-04-11,1010,1020,985,1015,53552300
2025-04-14,1015,1040,1010,1040,22778000
2025-04-15,1045,1060,1030,1055,25980500
2025-04-16,1055,1060,1015,1020,31394800
2025-04-17,1030,1055,1030,1040,21391500
2025-04-21,1050,1075,1045,1050,23484900
2025-04-22,1050,1085,1035,1070,28259700
2025-04-23,1080,1130,1080,1095,55760000
2025-04-24,1095,1095,1060,1075,36559000
2025-04-25,1080,1090,1060,1060,22156800
2025-04-28,1070,1090,1050,1060,27654400
2025-04-29,1075,1075,1055,1070,18819000
2025-04-30,1055,1070,1050,1050,22696500
2025-05-02,1050,1060,1030,1045,22757800
2025-05-05,1045,1045,1015,1035,32458200
2025-05-06,1045,1045,1015,1040,34228700
2025-05-07,1060,1075,1045,1055,52294800
2025-05-08,1055,1070,1030,1065,41195200
2025-05-09,1080,1130,1080,1095,68836100
2025-05-14,1140,1160,1115,1130,71875400
2025-05-15,1135,1160,1110,1140,64283000
2025-05-16,1140,1145,1125,1130,25934500
2025-05-19,1145,1175,1145,1150,27247500
2025-05-20,1165,1170,1115,1115,33989800
2025-05-21,1120,1155,1110,1150,33292300
2025-05-22,1155,1245,1140,1225,130448100
2025-05-23,1235,1245,1200,1205,45580100
2025-05-26,1210,1275,1205,1260,73542200
2025-05-27,1270,1270,1230,1255,37647700
2025-05-28,1260,1280,1225,1230,33700500
2025-06-02,1210,1245,1165,1240,52548000
2025-06-03,1255,1285,1225,1255,63368100
2025-06-04,1270,1270,1240,1245,29159200
2025-06-05,1245,1260,1225,1250,24429800
2025-06-10,1255,1315,1250,1280,73665900
2025-06-11,1290,1295,1270,1280,20296500
2025-06-12,1315,1340,1280,1280,47157200
2025-06-13,1345,1400,1320,1400,184387100
2025-06-16,1455,1540,1410,1425,238958200
2025-06-17,1395,1410,1340,1390,134402100
2025-06-18,1440,1465,1405,1415,143739500
2025-06-19,1420,1450,1355,1450,131095300
2025-06-20,1430,1450,1395,1430,105527000
2025-06-23,1500,1525,1435,1450,226176400
2025-06-24,1315,1355,1310,1320,147299900
2025-06-25,1320,1330,1235,1260,132673800
2025-06-26,1260,1280,1245,1270,57191600
2025-06-30,1270,1275,1240,1245,41445500
2025-07-01,1245,1270,1220,1260,74426400
2025-07-02,1260,1260,1215,1245,68317400
2025-07-03,1250,1285,1245,1260,42393500
2025-07-04,1260,1260,1230,1245,19134600
2025-07-07,1245,1255,1220,1230,23109900
2025-07-08,1235,1260,1235,1240,27526900
2025-07-09,1260,1265,1250,1260,36496000
2025-07-10,1260,1275,1250,1255,26728600
2025-07-11,1260,1265,1250,1260,20415200
2025-07-14,1270,1270,1235,1250,38729200
2025-07-15,1250,1260,1235,1255,28628200
2025-07-16,1265,1315,1260,1295,77888800
2025-07-17,1300,1335,1280,1325,62658300
2025-07-18,1300,1330,1300,1300,53833300
2025-07-21,1305,1310,1275,1285,41065900
2025-07-22,1285,1290,1250,1260,38036400
2025-07-23,1255,1270,1225,1270,55683300
2025-07-24,1270,1305,1260,1285,42392400
2025-07-25,1290,1295,1250,1250,29396400
2025-07-28,1270,1270,1250,1270,17238300
2025-07-29,1290,1330,1270,1320,55396000
2025-07-30,1340,1350,1320,1325,55684900
2025-07-31,1340,1345,1280,1285,41569200
2025-08-01,1260,1275,1220,1225,54321600
2025-08-04,1225,1225,1170,1205,40999700
2025-08-05,1205,1205,1165,1175,33712200
2025-08-06,1180,1185,1165,1175,26522500
2025-08-07,1170,1255,1170,1240,66676200
2025-08-08,1225,1225,1195,1205,21861400
2025-08-11,1205,1250,1190,1240,33254500
2025-08-12,1240,1250,1220,1220,21707700
2025-08-13,1220,1270,1220,1260,43752300
2025-08-14,1270,1275,1225,1225,18318000
2025-08-15,1225,1245,1210,1225,15747500
2025-08-19,1225,1235,1205,1225,17373500
2025-08-20,1205,1220,1185,1185,35246500
2025-08-21,1190,1235,1190,1200,29391600
2025-08-22,1205,1245,1205,1240,28233700
2025-08-25,1245,1255,1220,1240,19414200
2025-08-26,1250,1255,1225,1225,25123100
2025-08-27,1225,1235,1205,1210,14744200
2025-08-28,1215,1220,1190,1195,20376200
2025-08-29,1195,1195,1150,1165,31518800
2025-09-01,1135,1155,1100,1135,22935300
2025-09-02,1135,1240,1135,1225,46595700
2025-09-03,1235,1255,1225,1250,34187200
2025-09-04,1250,1265,1225,1250,36443900
2025-09-08,1250,1255,1215,1215,20583500
2025-09-09,1215,1235,1190,1230,20552400
2025-09-10,1240,1250,1215,1230,19791800
2025-09-11,1245,1265,1220,1220,21374200
2025-09-12,1235,1240,1210,1230,15991800
2025-09-15,1235,1255,1225,1245,16997300
2025-09-16,1255,1310,1250,1300,69436100
2025-09-17,1310,1320,1280,1320,73304900
2025-09-18,1320,1330,1280,1285,34612300
2025-09-19,1285,1295,1265,1295,22522400
2025-09-22,1300,1320,1290,1315,29286400
2025-09-23,1315,1320,1290,1310,23663300
2025-09-24,1325,1330,1305,1315,27410500
2025-09-25,1325,1400,1325,1335,84590500
2025-09-26,1345,1355,1290,1350,41449400
2025-09-29,1355,1400,1355,1385,51031900
2025-09-30,1380,1400,1360,1370,39330700
2025-10-01,1360,1415,1360,1395,48937400
2025-10-02,1400,1420,1385,1420,32257500
2025-10-03,1415,1590,1410,1515,172276900
2025-10-06,1530,1570,1510,1515,121098200
2025-10-07,1530,1750,1525,1600,323061800
2025-10-08,1620,1630,1565,1580,125498000
2025-10-09,1585,1605,1465,1525,95503800
2025-10-10,1525,1560,1490,1490,77375800
2025-10-13,1450,1575,1445,1535,77683600
2025-10-14,1550,1560,1450,1500,63304400
2025-10-15,1495,1495,1365,1395,106839600
2025-10-16,1410,1415,1365,1400,40440900
2025-10-17,1395,1400,1320,1345,42611600
2025-10-20,1350,1380,1330,1370,36794700
2025-10-21,1380,1410,1365,1400,32949200
2025-10-22,1400,1415,1375,1390,30815800
2025-10-23,1415,1435,1395,1430,69748600
2025-10-24,1445,1445,1360,1375,67833200
2025-10-27,1375,1380,1295,1330,64215600
2025-10-28,1330,1340,1300,1310,29685500
2025-10-29,1310,1325,1300,1310,33148900
2025-10-30,1320,1355,1320,1335,35514700
2025-10-31,1330,1335,1305,1330,39291300
2025-11-03,1340,1360,1320,1340,35495000
2025-11-04,1345,1385,1345,1380,52743400
2025-11-05,1365,1365,1330,1340,34003500
2025-11-06,1330,1335,1310,1330,24875500
2025-11-07,1320,1330,1310,1320,25869100
2025-11-10,1330,1335,1310,1315,34450000
2025-11-11,1305,1305,1260,1275,67075200
2025-11-12,1275,1300,1265,1280,37865200
2025-11-13,1270,1310,1265,1285,56714000
2025-11-14,1285,1300,1270,1295,26069000
2025-11-17,1305,1310,1285,1290,21213200
2025-11-18,1290,1290,1245,1260,44713300
2025-11-19,1260,1280,1250,1270,25725700
2025-11-20,1275,1295,1270,1285,26097000
2025-11-21,1285,1285,1240,1265,33200600
2025-11-24,1280,1340,1270,1320,71853200
2025-11-25,1335,1350,1310,1325,41736900
2025-11-26,1325,1330,1310,1325,24755000
2025-11-27,1325,1350,1310,1325,37498500
2025-11-28,1330,1335,1305,1325,25736000
2025-12-01,1330,1340,1320,1335,24350400
2025-12-02,1335,1345,1325,1335,23753900
2025-12-03,1335,1340,1310,1310,16965800
2025-12-04,1305,1305,1270,1285,34006600
2025-12-05,1285,1320,1275,1320,21784600
2025-12-08,1325,1335,1305,1320,21916600
2025-12-09,1315,1315,1280,1285,28224600
2025-12-10,1290,1300,1275,1275,19111400
2025-12-11,1275,1290,1225,1230,44717300
2025-12-12,1230,1315,1215,1315,57188500
2025-12-15,1315,1325,1285,1285,26526200
2025-12-16,1275,1280,1245,1250,31271400
2025-12-17,1265,1315,1250,1280,49490400
2025-12-18,1290,1300,1255,1265,35386300
2025-12-19,1265,1285,1240,1280,31367100
2025-12-22,1290,1300,1270,1295,23830800
2025-12-23,1295,1330,1295,1305,38810700
2025-12-24,1310,1315,1290,1310,16646200
2025-12-29,1305,1365,1285,1355,52932700
2025-12-30,1355,1360,1330,1345,33461900
2026-01-02,1350,1460,1335,1450,98009000
2026-01-05,1545,1630,1475,1485,238493400
2026-01-06,1490,1515,1455,1500,93342100
2026-01-07,1510,1515,1455,1470,60429000
2026-01-08,1465,1465,1395,1405,65084900
2026-01-09,1450,1495,1450,1485,63026700
2026-01-12,1495,1550,1455,1530,167025500
2026-01-13,1545,1550,1480,1500,90053500
2026-01-14,1540,1575,1470,1480,200124600
2026-01-15,1480,1495,1455,1460,51915300
2026-01-19,1460,1490,1420,1480,51312700
2026-01-20,1495,1510,1455,1470,44999200
2026-01-21,1470,1485,1430,1480,59779500
2026-01-22,1490,1585,1475,1520,140062600
2026-01-23,1520,1530,1465,1515,50313700
2026-01-26,1515,1610,1515,1575,285142100
2026-01-27,1580,1580,1525,1530,78965800
2026-01-28,1470,1525,1425,1515,134939700
2026-01-29,1530,1535,1290,1505,154852300
2026-01-30,1530,1615,1500,1520,280558200
2026-02-02,1475,1500,1350,1425,205881700
2026-02-03,1430,1465,1395,1455,67969700
2026-02-04,1450,1495,1445,1490,78627600
2026-02-05,1485,1520,1425,1430,138495200
2026-02-06,1395,1500,1385,1480,73134200
2026-02-09,1495,1510,1465,1475,87022100
2026-02-10,1470,1570,1470,1550,191218900
2026-02-11,1550,1585,1515,1580,121328900
2026-02-12,1580,1600,1570,1580,89851500
2026-02-13,1560,1595,1530,1580,69844500
2026-02-18,1585,1685,1550,1685,164531700
2026-02-19,1700,1835,1655,1710,314225500
2026-02-20,1730,1820,1705,1730,298062200
2026-02-23,1750,1760,1695,1730,109623900
2026-02-24,1725,1775,1675,1685,140191200
2026-02-25,1690,1745,1645,1730,100759500
2026-02-26,1730,1730,1630,1680,95037500
2026-02-27,1650,1740,1615,1725,141623700
2026-03-02,1825,1995,1765,1995,963259200
2026-03-03,1990,2000,1870,1900,532197800
2026-03-04,1880,1985,1770,1820,723313800
2026-03-05,1855,1885,1805,1820,231303600
2026-03-06,1830,1910,1745,1765,345228400
2026-03-09,1860,1895,1680,1690,428307900
2026-03-10,1630,1745,1590,1725,259946200
2026-03-11,1715,1745,1630,1665,149980300
2026-03-12,1705,1750,1700,1730,154755000
2026-03-13,1740,1745,1675,1700,127437700
2026-03-16,1700,1750,1635,1750,109700800
2026-03-17,1755,1820,1750,1800,138578400
2026-03-25,1750,1825,1730,1750,94174300
2026-03-26,1770,1830,1770,1830,94044900
2026-03-27,1830,1875,1810,1840,85868100
2026-03-30,1865,1935,1840,1930,150759900
2026-03-31,1925,1925,1825,1825,119184700
2026-04-01,1805,1820,1670,1685,217662300
2026-04-02,1710,1735,1605,1605,174610000
2026-04-06,1625,1640,1580,1600,104755400
2026-04-07,1600,1660,1600,1630,84690100
2026-04-08,1570,1570,1475,1555,259045700
2026-04-09,1580,1615,1545,1550,129946100
2026-04-10,1555,1565,1535,1555,77335300
2026-04-13,1600,1655,1600,1650,185611700
2026-04-14,1645,1685,1620,1685,104603400
2026-04-15,1680,1730,1675,1685,114179900
2026-04-16,1685,1715,1670,1710,77452200
2026-04-17,1710,1715,1690,1700,26922100
2026-04-20,1705,1730,1670,1700,60718900
2026-04-21,1710,1725,1670,1725,59721600
2026-04-22,1730,1750,1675,1700,94576100
2026-04-23,1710,1800,1710,1800,184050400
2026-04-24,1805,1810,1700,1725,119248300
2026-04-27,1725,1755,1675,1740,62727400
2026-04-28,1735,1755,1705,1725,48217700
2026-04-29,1720,1805,1715,1800,112920100
2026-04-30,1820,1830,1740,1750,81489900
2026-05-04,1765,1775,1730,1750,35133200
2026-05-05,1760,1770,1715,1735,74300900
2026-05-06,1720,1760,1695,1720,45714000
2026-05-07,1670,1680,1570,1585,154317500
2026-05-08,1595,1640,1575,1600,80441400
2026-05-11,1610,1620,1530,1560,71074100
2026-05-12,1565,1595,1535,1590,51365600
2026-05-13,1580,1600,1545,1570,34052100
2026-05-18,1580,1610,1550,1610,57623300
2026-05-19,1600,1610,1460,1470,106807600
2026-05-20,1470,1570,1430,1550,69385900
2026-05-21,1550,1550,1320,1320,128999100
2026-05-22,1210,1360,1185,1340,90321000
2026-05-25,1335,1335,1240,1270,82959500
2026-05-26,1275,1295,1255,1255,42055900
2026-05-29,1240,1260,1200,1205,93324700
2026-06-02,1235,1340,1230,1305,77699700
2026-06-03,1305,1355,1210,1275,116543300
2026-06-04,1275,1275,1190,1270,52957100
2026-06-05,1260,1260,1155,1205,79272100
2026-06-08,1180,1210,1120,1170,45939100
2026-06-09,1170,1225,1155,1220,70272600
2026-06-10,1220,1240,1180,1195,71604600
2026-06-11,1210,1300,1205,1215,120309800
2026-06-12,1185,1265,1185,1225,96851900
2026-06-15,1215,1240,1170,1180,159109500
2026-06-17,1180,1205,1160,1180,68944800
2026-06-18,1190,1195,1155,1160,46324400
2026-06-19,1170,1180,1135,1145,108878500
2026-06-22,1170,1185,1140,1150,35755800
2026-06-23,1150,1150,1105,1115,42041300
2026-06-24,1120,1125,1050,1060,43901500
2026-06-25,1060,1085,1045,1065,35268300
2026-06-26,1080,1110,1050,1060,28512200
2026-06-29,1070,1100,1035,1040,38311900
2026-06-30,1045,1075,1005,1025,43982100
2026-07-01,1040,1080,1025,1060,26175300
2026-07-02,1060,1095,1040,1060,33964100
2026-07-03,1065,1115,1065,1100,26142400
2026-07-06,1100,1130,1095,1110,19533200
2026-07-07,1115,1125,1090,1125,19527500
2026-07-08,1150,1175,1130,1170,72896500
2026-07-09,1180,1205,1155,1165,97070600
2026-07-10,1155,1190,1155,1175,25000600
2026-07-13,1200,1210,1175,1185,38855600
2026-07-14,1215,1265,1215,1250,107620400
2026-07-15,1250,1255,1210,1245,43283400
2026-07-16,1255,1280,1230,1265,60752900
2026-07-17,1270,1275,1230,1230,36390500
2026-07-20,1255,1285,1255,1270,43806400
2026-07-21,1285,1290,1270,1275,28708000
2026-07-22,1290,1350,1290,1320,88703700
2026-07-23,1350,1395,1335,1390,85130200
2026-07-24,1400,1425,1310,1325,127224800
2026-07-27,1295,1305,1250,1300,55322400
2026-07-28,1295,1295,1250,1265,38097500
2026-07-29,1280,1290,1225,1235,46804000
2026-07-30,1250,1315,1250,1290,48136400
2026-07-31,1290,1300,1270,1285,37560000
2026-08-03,1265,1340,1240,1305,81999200
2026-08-04,1305,1380,1285,1370,65281700
2026-08-05,1355,1355,1290,1315,95415800
2026-08-06,1315,1315,1285,1290,45890200
2026-08-07,1300,1315,1300,1305,27141400
2026-08-10,1315,1320,1290,1295,21343500
2026-08-11,1315,1340,1300,1340,66368900
2026-08-12,1340,1355,1310,1330,58574400
2026-08-13,1325,1350,1285,1285,40389300
2026-08-14,1290,1325,1265,1315,28217300