config,window,units,layers,dropout,ticker,MAE,MSE,RMSE,MAPE
Combination_001,20,32,1,0.1,ADRO,37.39001130243,2809.052174676019,53.00049221163912,2.037810095816489
Combination_001,20,32,1,0.1,BBCA,115.63930336948776,29237.78594110481,170.99060190871546,1.4026756934434692
Combination_001,20,32,1,0.1,BBNI,72.34647898365267,9635.93707858114,98.1628090397842,1.7050722657230302
Combination_001,20,32,1,0.1,BBRI,67.62755976665515,8097.121911127023,89.98400919678464,1.750233659266527
Combination_001,20,32,1,0.1,BBTN,29.69788723402572,1736.5655360486362,41.672119409128165,2.4492010847453263
Combination_001,20,32,1,0.1,BMRI,84.81806647434509,11291.690907053448,106.26236825449284,1.8141130710127031
Combination_001,20,32,1,0.1,ITMG,287.0350309091507,137286.77565062538,370.5223011515304,1.2721791330575316
Combination_001,20,32,1,0.1,MEDC,29.71232455452459,1578.9456584444706,39.735949195212015,2.2576647087106334
Combination_001,20,32,1,0.1,PGAS,24.43392323075437,1194.3929818519653,34.55999105688491,1.4384806245771429
Combination_001,20,32,1,0.1,PTBA,26.67657058337609,2777.848514546928,52.70529873311532,1.107416769389542
Combination_002,20,32,1,0.2,ADRO,38.336785979729775,3032.3135905912463,55.0664470489176,2.0865741206034203
Combination_002,20,32,1,0.2,BBCA,117.69353776526962,30342.84873386745,174.1919881448841,1.4281602499109147
Combination_002,20,32,1,0.2,BBNI,115.9530129021021,19885.254138237608,141.01508478966926,2.7674913097200897
Combination_002,20,32,1,0.2,BBRI,78.4697926791429,10003.369228663396,100.01684472459324,2.033110662774973
Combination_002,20,32,1,0.2,BBTN,28.46026942979864,1686.6899491107647,41.069331003934856,2.342179196325742
Combination_002,20,32,1,0.2,BMRI,94.4376663188282,13497.739170211524,116.17977091650476,2.0115031103677565
Combination_002,20,32,1,0.2,ITMG,252.5513815472452,107594.13121931204,328.0154435683053,1.1198646283030094
Combination_002,20,32,1,0.2,MEDC,31.74879632336074,1827.5635173990795,42.75001189940279,2.4098376311651206
Combination_002,20,32,1,0.2,PGAS,26.0010864751802,1340.670557643749,36.615168409332064,1.5301277575946295
Combination_002,20,32,1,0.2,PTBA,29.210972409668585,3249.925764187923,57.00812016009581,1.2166207063775782
Combination_003,20,32,1,0.3,ADRO,86.10624659940493,12853.315121732276,113.37246191969317,4.818017934271027
Combination_003,20,32,1,0.3,BBCA,125.54061384724191,30571.9587092455,174.84838777994352,1.5293197659395734
Combination_003,20,32,1,0.3,BBNI,85.78013691113152,12255.15217873668,110.70299083013376,2.030051809524488
Combination_003,20,32,1,0.3,BBRI,84.46881683767992,11286.992376848992,106.24025779735754,2.1917957647065336
Combination_003,20,32,1,0.3,BBTN,29.48331339614436,1658.118767555343,40.72000451320386,2.4398710267636394
Combination_003,20,32,1,0.3,BMRI,127.37793340528611,24665.447978884786,157.0523733627887,2.751920224599252
Combination_003,20,32,1,0.3,ITMG,223.4818339883856,93647.84624554944,306.01935599819404,0.992360936026244
Combination_003,20,32,1,0.3,MEDC,32.09739040720274,1800.1602298014818,42.42829515549124,2.4337992439117104
Combination_003,20,32,1,0.3,PGAS,24.93639777890211,1286.9110159152149,35.87354200403432,1.4685584011800548
Combination_003,20,32,1,0.3,PTBA,26.59890061230968,2905.019510703968,53.89823290891797,1.1038134209030512
Combination_004,20,32,1,0.4,ADRO,44.70319284970384,3580.3620892526933,59.83612695732147,2.4320435068753468
Combination_004,20,32,1,0.4,BBCA,117.32677723220776,26764.464528136366,163.59848571468004,1.4335463166211204
Combination_004,20,32,1,0.4,BBNI,123.0938069254375,22653.00702246724,150.50915926436917,2.939304305707988
Combination_004,20,32,1,0.4,BBRI,87.73265562699247,11951.54996238681,109.32314467845686,2.2716705135562623
Combination_004,20,32,1,0.4,BBTN,29.337265412173583,1819.399340384324,42.65441759518379,2.4163800531217
Combination_004,20,32,1,0.4,BMRI,94.94916508952488,15220.067117088096,123.36963612286492,2.032252631314565
Combination_004,20,32,1,0.4,ITMG,227.08281786750584,96697.60282436686,310.9623816868639,1.0082413239714272
Combination_004,20,32,1,0.4,MEDC,32.76800313884379,1888.5722612705304,43.4577065808877,2.4874435868951137
Combination_004,20,32,1,0.4,PGAS,29.28511866562657,1695.9620984866754,41.1820603963264,1.7242010822401963
Combination_004,20,32,1,0.4,PTBA,33.81131113647557,3722.864810775992,61.01528341961537,1.4106910439611733
Combination_005,20,32,2,0.1,ADRO,46.765729288081474,3938.874557505352,62.7604537707094,2.5609501228525327
Combination_005,20,32,2,0.1,BBCA,131.31919595406205,34179.170729867365,184.8760956150561,1.5952757858727726
Combination_005,20,32,2,0.1,BBNI,147.23564655660735,31834.0121390469,178.4208848174644,3.537623254799898
Combination_005,20,32,2,0.1,BBRI,72.99377558258455,9256.666908008783,96.21157366974508,1.892882922476265
Combination_005,20,32,2,0.1,BBTN,34.11475720475908,2362.3379130818093,48.603887839161686,2.822315806162798
Combination_005,20,32,2,0.1,BMRI,122.43139338793506,25883.496913161565,160.8834886281422,2.594720536837084
Combination_005,20,32,2,0.1,ITMG,291.9781459964437,151272.0216195681,388.9370406885517,1.2944795406544864
Combination_005,20,32,2,0.1,MEDC,33.107347451965,1945.1618773246096,44.10398935838582,2.5120103078760043
Combination_005,20,32,2,0.1,PGAS,25.06294917717253,1236.6577246962704,35.16614458106362,1.478978552111479
Combination_005,20,32,2,0.1,PTBA,28.65250923972336,3159.2286285863534,56.20701583064479,1.1926254781466514
Combination_006,20,32,2,0.2,ADRO,61.01662895715924,6716.580967436404,81.95474951115648,3.288879837879872
Combination_006,20,32,2,0.2,BBCA,170.8446851973053,67608.85408431996,260.0170265277256,2.0667476107085
Combination_006,20,32,2,0.2,BBNI,85.99690454469312,12701.946384044524,112.70291204775732,2.0372521573963853
Combination_006,20,32,2,0.2,BBRI,79.99898270318941,10463.211756281124,102.289841901731,2.077555657469083
Combination_006,20,32,2,0.2,BBTN,34.90454514353263,2615.745930009081,51.14436361916219,2.8644450475149803
Combination_006,20,32,2,0.2,BMRI,130.4490056762592,24551.77415500901,156.6900576137778,2.7964281516778824
Combination_006,20,32,2,0.2,ITMG,426.8915225275986,275123.35055667046,524.5220210407476,1.881829146456376
Combination_006,20,32,2,0.2,MEDC,42.09315659685203,2868.471585133681,53.55811409239202,3.178069534061345
Combination_006,20,32,2,0.2,PGAS,25.38229916593153,1334.9668113636646,36.53719763971595,1.4908680183910976
Combination_006,20,32,2,0.2,PTBA,31.84102485291392,3419.5789023260227,58.47716564887549,1.3266230016859757
Combination_007,20,32,2,0.3,ADRO,60.525198101246986,6606.172615879106,81.27836499265415,3.266535596795681
Combination_007,20,32,2,0.3,BBCA,165.24226013490616,64731.22689402368,254.42332222896485,1.9990990919678755
Combination_007,20,32,2,0.3,BBNI,104.30909002427578,17249.134455648258,131.335960253269,2.4686796016750105
Combination_007,20,32,2,0.3,BBRI,82.24701099649396,11221.350810351369,105.93087751147615,2.134280157908424
Combination_007,20,32,2,0.3,BBTN,31.31138910117299,1936.7735588248977,44.00878956327813,2.5852597909937582
Combination_007,20,32,2,0.3,BMRI,140.5457857722858,33839.14582357826,183.9541949061729,2.970245039146537
Combination_007,20,32,2,0.3,ITMG,342.233995632302,192009.27212674124,438.1886261950911,1.514150205586155
Combination_007,20,32,2,0.3,MEDC,34.92791912707596,2200.0381367128457,46.9045641351974,2.651229684650113
Combination_007,20,32,2,0.3,PGAS,28.006513839145352,1507.3040773595146,38.82401418400105,1.6453750712551931
Combination_007,20,32,2,0.3,PTBA,31.717160449182387,3521.087179751109,59.33874939490307,1.322026719625017
Combination_008,20,32,2,0.4,ADRO,89.13313910472309,11051.184467209836,105.12461399315498,4.981300479459506
Combination_008,20,32,2,0.4,BBCA,221.70032734493552,85361.00474496394,292.16605679812284,2.689466870906266
Combination_008,20,32,2,0.4,BBNI,125.92738542625372,22821.53782074536,151.06799072187778,2.967412381687521
Combination_008,20,32,2,0.4,BBRI,90.26648536472906,13217.746730867431,114.96845972207956,2.3289798499172023
Combination_008,20,32,2,0.4,BBTN,31.746562279261628,2147.8033896322286,46.34439976558364,2.6156780262175925
Combination_008,20,32,2,0.4,BMRI,190.9964918940188,51753.17252401447,227.49323621596852,4.153288089970956
Combination_008,20,32,2,0.4,ITMG,388.9480863650926,234365.7813192044,484.1133971697173,1.7151012230829776
Combination_008,20,32,2,0.4,MEDC,35.50582278288807,2285.808461623775,47.8101292784675,2.686693995452156
Combination_008,20,32,2,0.4,PGAS,28.51246327805004,1542.8301148107305,39.27887619078136,1.6708243649145385
Combination_008,20,32,2,0.4,PTBA,32.13767091790549,3816.427717271844,61.77724271341223,1.3389963840411665
Combination_009,20,32,3,0.1,ADRO,55.34732766074244,5352.244736356868,73.15903728424034,3.036881658961579
Combination_009,20,32,3,0.1,BBCA,137.18423298365772,38282.72080445954,195.6597066451331,1.6643252106289697
Combination_009,20,32,3,0.1,BBNI,152.7265834465302,35999.87199413507,189.7363222847304,3.6389901635501904
Combination_009,20,32,3,0.1,BBRI,142.20303702550785,27787.483590319312,166.69578156126002,3.687323731327872
Combination_009,20,32,3,0.1,BBTN,29.493536440633324,1726.889884228004,41.55586461894403,2.434480564156001
Combination_009,20,32,3,0.1,BMRI,133.72612050325745,29581.04015866422,171.99139559485008,2.8458853809713696
Combination_009,20,32,3,0.1,ITMG,233.17479688486617,101728.52714626255,318.94909804898737,1.0344989226878332
Combination_009,20,32,3,0.1,MEDC,46.5324690298149,4107.958554895685,64.09335811841727,3.518908093416881
Combination_009,20,32,3,0.1,PGAS,25.610066763788662,1282.1531159687115,35.80716570700216,1.5112857664432124
Combination_009,20,32,3,0.1,PTBA,29.88489715422658,3457.35141880573,58.799246753727466,1.2439161080568064
Combination_010,20,32,3,0.2,ADRO,58.15303358617877,5687.906216954777,75.41820878909003,3.196364969177908
Combination_010,20,32,3,0.2,BBCA,358.9773195188679,159497.59732836598,399.3715028997011,4.409030532749673
Combination_010,20,32,3,0.2,BBNI,152.96673335617402,36589.65571031664,191.28422755239552,3.6037477364213166
Combination_010,20,32,3,0.2,BBRI,124.17359379288844,21685.23899859412,147.25908800000806,3.2198787959691417
Combination_010,20,32,3,0.2,BBTN,29.86887873886582,1788.6821797967498,42.29281475377052,2.466178448919881
Combination_010,20,32,3,0.2,BMRI,194.3536735524377,58105.45682160639,241.0507349534666,4.203074666451106
Combination_010,20,32,3,0.2,ITMG,440.78502777240266,291043.9277102645,539.4848725499767,1.944176245058669
Combination_010,20,32,3,0.2,MEDC,37.68985475659816,2604.589256026582,51.03517665323186,2.849591975479676
Combination_010,20,32,3,0.2,PGAS,25.765140022305264,1299.629856908865,36.05037942808459,1.5214821559646563
Combination_010,20,32,3,0.2,PTBA,28.61364943946866,3237.076464493073,56.89531144561099,1.189604841849068
Combination_011,20,32,3,0.3,ADRO,63.73179824178597,6885.287499266772,82.97763252387219,3.472179950351037
Combination_011,20,32,3,0.3,BBCA,232.1268857404482,117358.1030123473,342.57568946489374,2.802810854138808
Combination_011,20,32,3,0.3,BBNI,134.55177955490228,27785.71597232926,166.69047954916098,3.1953018961408715
Combination_011,20,32,3,0.3,BBRI,96.04481747679117,14049.739199102083,118.5315957840022,2.500454622468072
Combination_011,20,32,3,0.3,BBTN,34.492295783540705,2520.208532882543,50.20167858630369,2.8460698965585345
Combination_011,20,32,3,0.3,BMRI,142.7966930926275,31818.595315599967,178.37767605729132,3.0549486352196795
Combination_011,20,32,3,0.3,ITMG,362.83204987537937,209164.37857192048,457.3449229759968,1.6040886093889453
Combination_011,20,32,3,0.3,MEDC,38.69170084563222,2585.6992793932527,50.84977167493727,2.922978374546134
Combination_011,20,32,3,0.3,PGAS,28.13785091578531,1516.843698195315,38.94667762717784,1.655856479905126
Combination_011,20,32,3,0.3,PTBA,42.98952104483577,5198.263787063411,72.09898603353179,1.8007191173945534
Combination_012,20,32,3,0.4,ADRO,80.43814646468746,11186.426448472426,105.76590399780274,4.33000884380053
Combination_012,20,32,3,0.4,BBCA,286.81062071872265,143918.61819860365,379.3660741270938,3.4595409022027006
Combination_012,20,32,3,0.4,BBNI,143.86391876412816,32114.979994299098,179.20652888301558,3.406774570792015
Combination_012,20,32,3,0.4,BBRI,160.72877017332485,37210.49190010937,192.9002122863253,4.206507499409328
Combination_012,20,32,3,0.4,BBTN,32.15463217733036,2154.65751943018,46.41828863099306,2.6480337065427264
Combination_012,20,32,3,0.4,BMRI,173.43226988967368,47632.484707930016,218.24867630281287,3.6836188943668606
Combination_012,20,32,3,0.4,ITMG,446.4653846278467,285676.59059176483,534.4872221033585,1.97219194368594
Combination_012,20,32,3,0.4,MEDC,39.71225309394726,2680.1759288847243,51.77041557573905,2.9955428678865954
Combination_012,20,32,3,0.4,PGAS,27.449963230023275,1459.4785661377994,38.2031224658116,1.6104412228386995
Combination_012,20,32,3,0.4,PTBA,42.20327905935349,5379.617357813518,73.34587485205638,1.7689992408512691
Combination_013,20,64,1,0.1,ADRO,36.41817251072944,2705.202902875735,52.01156508773539,1.9800219886453103
Combination_013,20,64,1,0.1,BBCA,119.93445064738496,28801.77476939909,169.7108563687046,1.4592505362977772
Combination_013,20,64,1,0.1,BBNI,62.917425478105066,7865.105334802187,88.68542910085166,1.4822485974888502
Combination_013,20,64,1,0.1,BBRI,62.643352012228064,6936.601299233076,83.28626116733226,1.624028439890819
Combination_013,20,64,1,0.1,BBTN,27.54834252414897,1506.790193878677,38.8173955061217,2.2727541617196234
Combination_013,20,64,1,0.1,BMRI,81.51432857453395,10630.246222220929,103.10308541562142,1.7428329593839416
Combination_013,20,64,1,0.1,ITMG,233.0027405306588,89662.493334705,299.4369605354439,1.0307750060381589
Combination_013,20,64,1,0.1,MEDC,27.65273413086541,1392.3866034588812,37.314696882848736,2.091586100648533
Combination_013,20,64,1,0.1,PGAS,23.08832340103258,1102.237986934458,33.199969682734014,1.3547738297912113
Combination_013,20,64,1,0.1,PTBA,23.80902498424482,2388.540637219789,48.8726982805307,0.9868369653787394
Combination_014,20,64,1,0.2,ADRO,40.07347005144728,3200.3475693222053,56.571614519317066,2.176641262478598
Combination_014,20,64,1,0.2,BBCA,109.30309141068146,23387.51479415879,152.92977079090517,1.3320807659195293
Combination_014,20,64,1,0.2,BBNI,68.64472584758734,8810.882943743602,93.866303558538,1.6177072075160102
Combination_014,20,64,1,0.2,BBRI,66.85879390019426,7970.017697179978,89.2749555988687,1.733304847550648
Combination_014,20,64,1,0.2,BBTN,29.577042326076068,1702.47963381648,41.261115275965096,2.442191819701727
Combination_014,20,64,1,0.2,BMRI,84.53812115484001,11803.918777901854,108.64584105202488,1.8050583314429904
Combination_014,20,64,1,0.2,ITMG,215.6829383411853,82003.13465207456,286.361894553159,0.9545805971975564
Combination_014,20,64,1,0.2,MEDC,31.790895878488,1794.3454288148157,42.359714692320765,2.4120697383578262
Combination_014,20,64,1,0.2,PGAS,24.909100686903468,1307.139653605291,36.15438636742838,1.4672188219491331
Combination_014,20,64,1,0.2,PTBA,25.81861647127344,2488.888199187568,49.88875824459421,1.0727872128951983
Combination_015,20,64,1,0.3,ADRO,37.033312907643456,2624.9086965143565,51.23386279126684,2.0206519211705123
Combination_015,20,64,1,0.3,BBCA,129.2001256539667,36514.11818335641,191.0866771477185,1.5705375395830212
Combination_015,20,64,1,0.3,BBNI,69.96870985991663,9037.429658225534,95.06539674469114,1.6530415130214713
Combination_015,20,64,1,0.3,BBRI,71.4284130776807,8807.690822619961,93.8492984663176,1.8481019051148
Combination_015,20,64,1,0.3,BBTN,27.812159286836813,1588.278984888413,39.853217999158026,2.2889438846984893
Combination_015,20,64,1,0.3,BMRI,89.10506139341874,13482.15814650362,116.1126958885359,1.9043386629432109
Combination_015,20,64,1,0.3,ITMG,215.66645732457687,84718.19390641568,291.06390003986354,0.9553959575553752
Combination_015,20,64,1,0.3,MEDC,33.18024389258185,2042.491336110436,45.19393030165042,2.516253438708866
Combination_015,20,64,1,0.3,PGAS,25.71773218594008,1326.3279603860994,36.41878581702168,1.5174061633878846
Combination_015,20,64,1,0.3,PTBA,27.19881515065543,2914.214716960462,53.983467070580616,1.1305213647657373
Combination_016,20,64,1,0.4,ADRO,40.969365532342486,3259.2650136470456,57.08997296940196,2.2348123642232545
Combination_016,20,64,1,0.4,BBCA,113.79088817526107,26450.548218888445,162.63624509588396,1.3835997222518783
Combination_016,20,64,1,0.4,BBNI,75.15194208501917,9727.539861285672,98.62829138378945,1.7840369247444434
Combination_016,20,64,1,0.4,BBRI,74.62755048910626,9328.504249744385,96.58418219224298,1.93636016363826
Combination_016,20,64,1,0.4,BBTN,27.997709555502382,1604.568479130165,40.05706528354474,2.304741670798377
Combination_016,20,64,1,0.4,BMRI,90.95099795207696,14335.271643722628,119.72999475370668,1.935908064538496
Combination_016,20,64,1,0.4,ITMG,333.43219652021526,175271.27575746717,418.6541242570855,1.474107536590213
Combination_016,20,64,1,0.4,MEDC,31.0626719794239,1662.7586891260828,40.77693820195532,2.355757180716293
Combination_016,20,64,1,0.4,PGAS,27.00754911779499,1452.2270361269473,38.10809672663997,1.5857863231764266
Combination_016,20,64,1,0.4,PTBA,30.872090478166403,3127.854234941892,55.92722266429732,1.287379120004435
Combination_017,20,64,2,0.1,ADRO,48.516010529489,4691.010188682437,68.4909496844834,2.6432108124238183
Combination_017,20,64,2,0.1,BBCA,110.301487104927,26309.1311718268,162.20089756788278,1.337496574246701
Combination_017,20,64,2,0.1,BBNI,72.75977124413146,8900.62392937745,94.34311808169926,1.7269396633209806
Combination_017,20,64,2,0.1,BBRI,66.50403459682981,7944.308417432997,89.13084997593705,1.7219032604662172
Combination_017,20,64,2,0.1,BBTN,25.46547573710675,1364.2332507990325,36.935528299985535,2.093789562984449
Combination_017,20,64,2,0.1,BMRI,85.65414050071357,11782.210034742666,108.54588907343596,1.828004635520424
Combination_017,20,64,2,0.1,ITMG,242.43862520662145,100106.25567741366,316.3957263893014,1.0729285159686337
Combination_017,20,64,2,0.1,MEDC,35.55790718029982,2237.911125098733,47.3065653487836,2.693529222136843
Combination_017,20,64,2,0.1,PGAS,24.78694169641397,1244.9000503944458,35.283141163938986,1.4606697652489735
Combination_017,20,64,2,0.1,PTBA,24.838256650477003,2447.0752994844283,49.46792192405528,1.032607978763624
Combination_018,20,64,2,0.2,ADRO,62.99188563506382,6594.788709189202,81.20830443488647,3.4187150345876827
Combination_018,20,64,2,0.2,BBCA,124.5621822206236,33953.409112487345,184.2645085535664,1.5101765101942075
Combination_018,20,64,2,0.2,BBNI,74.84259957032238,9785.97460855638,98.924085078187,1.7727855158277228
Combination_018,20,64,2,0.2,BBRI,67.39844049573033,8176.660603801482,90.4248892938304,1.7444489961321097
Combination_018,20,64,2,0.2,BBTN,32.41972510554149,2283.339535691635,47.78430218902056,2.670575365710227
Combination_018,20,64,2,0.2,BMRI,89.6057544230557,12441.235546571108,111.54028665272072,1.9150950526713475
Combination_018,20,64,2,0.2,ITMG,255.0083696842192,105843.67334380314,325.3362465877467,1.1278373949982767
Combination_018,20,64,2,0.2,MEDC,30.202221261648813,1596.409206532678,39.95508987016145,2.2950548706467013
Combination_018,20,64,2,0.2,PGAS,24.54574855969105,1246.1632198152424,35.30103709263005,1.4441008679073255
Combination_018,20,64,2,0.2,PTBA,28.34425072554204,2730.993790301989,52.258911109034685,1.180275359229285
Combination_019,20,64,2,0.3,ADRO,53.63510412331538,5417.911440881055,73.60646330914871,2.9238814918822973
Combination_019,20,64,2,0.3,BBCA,183.50557349783048,71557.2898977127,267.50194372698064,2.224667998559719
Combination_019,20,64,2,0.3,BBNI,81.07127695632502,10602.499199228749,102.96843787893816,1.930480726244684
Combination_019,20,64,2,0.3,BBRI,105.02633016743532,16009.743250634636,126.5296141250523,2.7175946572127336
Combination_019,20,64,2,0.3,BBTN,27.231607046187268,1553.1365799420423,39.40985384319564,2.2416731171190105
Combination_019,20,64,2,0.3,BMRI,125.9853918539534,25730.61948050985,160.40766652660292,2.684404408405183
Combination_019,20,64,2,0.3,ITMG,281.63185319025735,128606.31638043268,358.6172282259076,1.2471884959131725
Combination_019,20,64,2,0.3,MEDC,35.102662688242965,2316.6050339142607,48.131123339417925,2.6626305018092444
Combination_019,20,64,2,0.3,PGAS,24.261940623358843,1210.9176534713072,34.79824210317681,1.4291434120877464
Combination_019,20,64,2,0.3,PTBA,27.48908514384744,2809.773974443788,53.007301142802845,1.142451726118948
Combination_020,20,64,2,0.4,ADRO,63.94833975773065,7530.7474633534,86.7798793693181,3.44265230543699
Combination_020,20,64,2,0.4,BBCA,165.19355152150703,62368.36194443279,249.7365851140613,2.0020238966393133
Combination_020,20,64,2,0.4,BBNI,95.16114245215768,14597.22081343095,120.818958832755,2.254388003355554
Combination_020,20,64,2,0.4,BBRI,76.2165708924264,10117.46315529045,100.58560113301728,1.9702049225860647
Combination_020,20,64,2,0.4,BBTN,31.49549557979941,1824.0542565216024,42.70894820200566,2.6075173898792507
Combination_020,20,64,2,0.4,BMRI,105.56479085906795,18517.12639889977,136.0776484177316,2.2507647379665494
Combination_020,20,64,2,0.4,ITMG,270.70502935768064,134379.19296164133,366.5776765729759,1.2029095291160703
Combination_020,20,64,2,0.4,MEDC,38.491185821264246,2616.2992112584016,51.14977234806037,2.9072543909236264
Combination_020,20,64,2,0.4,PGAS,28.134679639939776,1513.6842751304748,38.90609560378007,1.6590780752061127
Combination_020,20,64,2,0.4,PTBA,27.43614010888038,3087.4442336257603,55.564775115407066,1.1386341582115462
Combination_021,20,64,3,0.1,ADRO,44.53842696365265,3761.897934794303,61.33431286640703,2.422346603900101
Combination_021,20,64,3,0.1,BBCA,152.30770442554413,54360.47311993701,233.15332534608424,1.8442205506142857
Combination_021,20,64,3,0.1,BBNI,68.96791924675597,8433.08674457619,91.8318394924995,1.6342353619004706
Combination_021,20,64,3,0.1,BBRI,71.20335683565692,9222.355471407049,96.03309570875578,1.84802952594723
Combination_021,20,64,3,0.1,BBTN,27.17816050755096,1489.7185613625331,38.5968724298036,2.240671338308472
Combination_021,20,64,3,0.1,BMRI,88.54750128101098,12039.977656161438,109.7268319790626,1.8862425820287048
Combination_021,20,64,3,0.1,ITMG,207.9736282821185,83963.87468041111,289.7652061245641,0.9240012725674788
Combination_021,20,64,3,0.1,MEDC,37.617276816179015,2596.4003005990626,50.95488495325117,2.8480884730137417
Combination_021,20,64,3,0.1,PGAS,24.07905619779077,1108.560181737707,33.295047405548274,1.4132461920898296
Combination_021,20,64,3,0.1,PTBA,33.426223373670375,3374.1735127918246,58.08763648825647,1.3978027800991983
Combination_022,20,64,3,0.2,ADRO,46.01215221094999,4000.4279867254913,63.24893664501793,2.5149855136241093
Combination_022,20,64,3,0.2,BBCA,178.88917630524938,71802.41478769256,267.9597260554141,2.1676461285124256
Combination_022,20,64,3,0.2,BBNI,143.56034615056984,32303.045804910256,179.73048101229313,3.388551826281791
Combination_022,20,64,3,0.2,BBRI,82.263622004352,11418.24364736541,106.85618207368915,2.1373556843897235
Combination_022,20,64,3,0.2,BBTN,31.028968784767606,1881.9442627586448,43.38138152201523,2.562090606200212
Combination_022,20,64,3,0.2,BMRI,123.05562049579272,24977.47236301365,158.042628309623,2.6286063698495177
Combination_022,20,64,3,0.2,ITMG,332.61624798714683,190405.8992595139,436.3552443359813,1.4728362238656405
Combination_022,20,64,3,0.2,MEDC,37.25161162349178,2418.705272608025,49.180334205940746,2.8123578913446794
Combination_022,20,64,3,0.2,PGAS,24.542952921750715,1160.06635001746,34.059746769720114,1.4445032310684356
Combination_022,20,64,3,0.2,PTBA,25.59731370896744,2671.403422296246,51.68562104005568,1.062930151612011
Combination_023,20,64,3,0.3,ADRO,62.492531772783344,6865.366943590803,82.85750988046166,3.3975836089896667
Combination_023,20,64,3,0.3,BBCA,130.01385404051632,34816.45152312435,186.5916705620172,1.5802722946571388
Combination_023,20,64,3,0.3,BBNI,119.39993391791695,21776.916263929423,147.5700385035168,2.826878138552295
Combination_023,20,64,3,0.3,BBRI,143.78985040043202,28244.758327668755,168.0617693815841,3.729535093630064
Combination_023,20,64,3,0.3,BBTN,33.211980865929604,2171.412700597995,46.59841950751114,2.741171991905208
Combination_023,20,64,3,0.3,BMRI,143.25259136210238,34390.45551531927,185.4466379186187,3.0407578107284428
Combination_023,20,64,3,0.3,ITMG,372.404082376751,218018.9067308572,466.9249476423992,1.646173557498799
Combination_023,20,64,3,0.3,MEDC,40.09866766877867,3044.343101494093,55.17556616378389,3.032357362192955
Combination_023,20,64,3,0.3,PGAS,25.05481361485212,1228.0116091304203,35.042996577496346,1.467719356759417
Combination_023,20,64,3,0.3,PTBA,27.978552516630227,2789.931104068484,52.81979840995688,1.1644785461338791
Combination_024,20,64,3,0.4,ADRO,55.37847543416694,5600.45813651048,74.83620872619403,3.018297387817387
Combination_024,20,64,3,0.4,BBCA,239.8633512104157,122169.26750199676,349.5272056678804,2.891774653921324
Combination_024,20,64,3,0.4,BBNI,145.7944345645768,33093.69506970973,181.91672564585625,3.43230993282298
Combination_024,20,64,3,0.4,BBRI,84.05514937536367,11717.732239570969,108.24847453692348,2.194764039237576
Combination_024,20,64,3,0.4,BBTN,32.93275420126587,2015.448084774888,44.89374215606099,2.7249469057896785
Combination_024,20,64,3,0.4,BMRI,148.25985766143245,34877.81420959548,186.75602857630992,3.1497691969676915
Combination_024,20,64,3,0.4,ITMG,317.8406575493675,172779.72479772347,415.66780582301953,1.407623435957634
Combination_024,20,64,3,0.4,MEDC,38.65923739299692,2455.4417996838047,49.55241467056681,2.918112051566999
Combination_024,20,64,3,0.4,PGAS,26.471777596919644,1359.7746369954075,36.87512219634543,1.565118983130478
Combination_024,20,64,3,0.4,PTBA,37.14944258975468,4923.279271893341,70.16608348691938,1.553052182113302
Combination_025,20,128,1,0.1,ADRO,34.69481763007831,2532.7459950546454,50.32639461609232,1.8853939575706629
Combination_025,20,128,1,0.1,BBCA,105.19940582539536,24147.69081726499,155.39527282792417,1.2782481977261575
Combination_025,20,128,1,0.1,BBNI,67.01056015577248,8371.666062274959,91.49680902782872,1.5844779846655364
Combination_025,20,128,1,0.1,BBRI,68.48838159081184,8244.480067741513,90.79911931148624,1.7730246032072787
Combination_025,20,128,1,0.1,BBTN,25.61992344352192,1298.4484679537145,36.03399045281711,2.11239322120454
Combination_025,20,128,1,0.1,BMRI,72.67112271820041,8771.40568873935,93.65578299677682,1.5528511985046027
Combination_025,20,128,1,0.1,ITMG,173.34782592684266,61506.14323820986,248.0043210071346,0.7678180117189903
Combination_025,20,128,1,0.1,MEDC,30.79066270700797,1677.069302587105,40.95203661098072,2.335967939494788
Combination_025,20,128,1,0.1,PGAS,22.77585818613176,1054.1489595442958,32.46766021049709,1.3331821527832446
Combination_025,20,128,1,0.1,PTBA,22.390809331437666,2176.521445294941,46.65320401960557,0.9292634541102984
Combination_026,20,128,1,0.2,ADRO,36.05455186673635,2684.2217251151687,51.80947524454546,1.9582583737227672
Combination_026,20,128,1,0.2,BBCA,118.55204137752382,31835.79891028609,178.42589192795447,1.4368062421261625
Combination_026,20,128,1,0.2,BBNI,62.52750170316632,7346.468662700495,85.71154334569233,1.4800181770833638
Combination_026,20,128,1,0.2,BBRI,64.02344943874658,7389.349336677921,85.96132465637045,1.6580201587283931
Combination_026,20,128,1,0.2,BBTN,28.97990555719119,1703.708497336605,41.27600389253549,2.385971306349325
Combination_026,20,128,1,0.2,BMRI,75.08970279058967,9119.494439384882,95.4960441033286,1.607289654988345
Combination_026,20,128,1,0.2,ITMG,274.65399573389584,127925.60490753174,357.6668909859169,1.216798649338634
Combination_026,20,128,1,0.2,MEDC,32.83813506064545,1898.9511982315964,43.57695719335617,2.4892688329900494
Combination_026,20,128,1,0.2,PGAS,24.675632929630403,1251.0578123539794,35.37029562152371,1.453222650256646
Combination_026,20,128,1,0.2,PTBA,24.108636536829763,2296.543613651332,47.92226636597368,1.0009669562932184
Combination_027,20,128,1,0.3,ADRO,37.19900105604165,2709.013615972307,52.04818552046082,2.0264104346544864
Combination_027,20,128,1,0.3,BBCA,104.3742242283958,22863.87092492909,151.20803855922836,1.269923960757162
Combination_027,20,128,1,0.3,BBNI,65.56138786480584,7975.674895025672,89.30663410422359,1.551839592981934
Combination_027,20,128,1,0.3,BBRI,65.44171202959959,7697.55883189516,87.7357329250469,1.6949041556183382
Combination_027,20,128,1,0.3,BBTN,29.92374391038595,1844.5424206945568,42.94813640537336,2.4569272156221604
Combination_027,20,128,1,0.3,BMRI,80.71263688288147,10528.07303258289,102.60639859474112,1.726773348036462
Combination_027,20,128,1,0.3,ITMG,206.977645924194,75669.71683606168,275.0812913232408,0.9153149993910582
Combination_027,20,128,1,0.3,MEDC,36.29506289971166,2306.737370708124,48.02850581381981,2.7480095838865912
Combination_027,20,128,1,0.3,PGAS,23.53265578798251,1134.576981382144,33.68348232267775,1.383238783150493
Combination_027,20,128,1,0.3,PTBA,24.49052868129538,2397.27825792112,48.962008311762695,1.0145576411125703
Combination_028,20,128,1,0.4,ADRO,38.386287347232695,2811.0613357061284,53.01944299694338,2.0923986210507897
Combination_028,20,128,1,0.4,BBCA,105.84786722128337,24311.765972117068,155.92230748714908,1.2860184922591238
Combination_028,20,128,1,0.4,BBNI,68.26212521079633,8615.665641872705,92.82061000592869,1.6123938123847017
Combination_028,20,128,1,0.4,BBRI,66.2589551783956,7767.540760508506,88.1336528263098,1.718592898152399
Combination_028,20,128,1,0.4,BBTN,26.467978150741622,1407.8499453070806,37.5213265398104,2.1833806316373185
Combination_028,20,128,1,0.4,BMRI,80.21654133530825,10976.557600715954,104.76906795765606,1.7065075108903769
Combination_028,20,128,1,0.4,ITMG,268.9532876443519,117952.52488133854,343.4421710875625,1.191835339643018
Combination_028,20,128,1,0.4,MEDC,30.005618365923105,1569.3912133262943,39.61554257266073,2.269291783926266
Combination_028,20,128,1,0.4,PGAS,23.76535561444947,1185.9815293704994,34.438082544916746,1.3959131108465634
Combination_028,20,128,1,0.4,PTBA,25.73034985352763,2542.4390009621266,50.422604067641394,1.0672353726285535
Combination_029,20,128,2,0.1,ADRO,40.37931994461327,3094.119469223788,55.62480983539438,2.2067456158362657
Combination_029,20,128,2,0.1,BBCA,106.416128996036,24233.86313999877,155.672294066731,1.2923782022287416
Combination_029,20,128,2,0.1,BBNI,62.46093513296663,7708.260109345486,87.79669759931456,1.4712478190995248
Combination_029,20,128,2,0.1,BBRI,104.02332759891564,15853.525963121225,125.91078572990172,2.698607362324066
Combination_029,20,128,2,0.1,BBTN,23.99044423776301,1226.861627669878,35.026584584710484,1.968629573276484
Combination_029,20,128,2,0.1,BMRI,79.05245214700696,9823.595381064591,99.11405238948002,1.6888149550330638
Combination_029,20,128,2,0.1,ITMG,212.66120560735223,77825.83125637,278.9728145471705,0.9397968388659408
Combination_029,20,128,2,0.1,MEDC,37.3359007724729,2472.097454459769,49.72019161728733,2.82203226925453
Combination_029,20,128,2,0.1,PGAS,23.27172370265712,1048.5514005953123,32.38134340318994,1.363383759205344
Combination_029,20,128,2,0.1,PTBA,26.222562955009,2699.3530919729865,51.95529897876622,1.0888364236957222
Combination_030,20,128,2,0.2,ADRO,39.36311148857471,2985.377165623075,54.63860508489465,2.143621679501341
Combination_030,20,128,2,0.2,BBCA,125.56201399230264,33303.11735289896,182.49141720338235,1.523917095191644
Combination_030,20,128,2,0.2,BBNI,66.02793751860696,8325.767336990808,91.24564283838878,1.5580318534097275
Combination_030,20,128,2,0.2,BBRI,65.8750522120364,7715.281477314723,87.83667501285964,1.7079502266303324
Combination_030,20,128,2,0.2,BBTN,24.915840362548085,1314.2057209730274,36.25197540787298,2.049161518008598
Combination_030,20,128,2,0.2,BMRI,82.12856158935764,11288.317335451253,106.24649328543155,1.747823421208864
Combination_030,20,128,2,0.2,ITMG,186.6626723957577,68146.59874902705,261.049035142877,0.8265968098712859
Combination_030,20,128,2,0.2,MEDC,50.19005523476909,4236.024733438316,65.08475039084283,3.789573744102289
Combination_030,20,128,2,0.2,PGAS,34.46253073301246,2084.90522779764,45.66076245309138,2.049773831289951
Combination_030,20,128,2,0.2,PTBA,24.53849427884431,2361.819631262716,48.59855585573214,1.0187504744933402
Combination_031,20,128,2,0.3,ADRO,43.52766057194994,3572.8562316175603,59.773373935369925,2.3787354858127285
Combination_031,20,128,2,0.3,BBCA,125.76950818085837,30757.35486948319,175.37774907177703,1.5298050522364222
Combination_031,20,128,2,0.3,BBNI,77.22131310607037,9702.37794243475,98.50064945184243,1.834594478053485
Combination_031,20,128,2,0.3,BBRI,102.85316736883884,15444.373602544634,124.27539419589316,2.667332899951674
Combination_031,20,128,2,0.3,BBTN,27.314924070743142,1520.3653815170555,38.99186301675076,2.251774798338639
Combination_031,20,128,2,0.3,BMRI,92.05654064957184,13932.627236275936,118.03655042517948,1.966772425130271
Combination_031,20,128,2,0.3,ITMG,202.1440953445092,78192.87251862971,279.6298848811223,0.8952386297726279
Combination_031,20,128,2,0.3,MEDC,30.94050471819596,1671.5720918751515,40.884863848069145,2.341104145205592
Combination_031,20,128,2,0.3,PGAS,27.62204611044136,1452.093196511886,38.1063406339665,1.6305570366842534
Combination_031,20,128,2,0.3,PTBA,25.440964501538723,2616.254839760083,51.1493386053044,1.0548804112057293
Combination_032,20,128,2,0.4,ADRO,56.220340685342734,5426.486244165587,73.66468790516652,3.064388181096862
Combination_032,20,128,2,0.4,BBCA,124.27277857879936,30034.45217629264,173.30450708591695,1.512016845012467
Combination_032,20,128,2,0.4,BBNI,80.91722574165406,10369.972561805687,101.83306222345318,1.9261625675424576
Combination_032,20,128,2,0.4,BBRI,116.31901936965303,18920.70027489128,137.55253641751315,3.0191171755983843
Combination_032,20,128,2,0.4,BBTN,28.73418592063086,1537.8028196185614,39.21482907802304,2.376388703795381
Combination_032,20,128,2,0.4,BMRI,86.34837292724373,11845.563317501828,108.8373250199665,1.84142489999836
Combination_032,20,128,2,0.4,ITMG,292.079447617205,148515.0744517374,385.3765359382138,1.2935267205777965
Combination_032,20,128,2,0.4,MEDC,32.54344469399542,1815.115039341577,42.60416692462812,2.4540380210281576
Combination_032,20,128,2,0.4,PGAS,24.22991402715229,1161.5814940705989,34.08198195631526,1.4275804147940294
Combination_032,20,128,2,0.4,PTBA,25.07386302133258,2607.7900195814614,51.066525430867735,1.0387304537403956
Combination_033,20,128,3,0.1,ADRO,41.976146967076566,3404.50373293746,58.34812535923892,2.2824408232848468
Combination_033,20,128,3,0.1,BBCA,109.1802407811871,22666.11886246921,150.5527112425054,1.3297873186893916
Combination_033,20,128,3,0.1,BBNI,65.41711831264362,8000.758196255485,89.44695744549104,1.5465891193999763
Combination_033,20,128,3,0.1,BBRI,60.811094635686985,6664.735071585776,81.63782868000456,1.5754825609739398
Combination_033,20,128,3,0.1,BBTN,28.393087188846724,1652.5810889681518,40.65195061701409,2.3383203425743124
Combination_033,20,128,3,0.1,BMRI,83.17828281963466,11414.88256418331,106.8404537812495,1.767503248890457
Combination_033,20,128,3,0.1,ITMG,219.99211150536425,85907.68499646256,293.10012793661923,0.9732306352058624
Combination_033,20,128,3,0.1,MEDC,31.364672508764475,1709.899313606241,41.350928811892985,2.367817055838444
Combination_033,20,128,3,0.1,PGAS,23.34758988387291,1048.2853211007289,32.37723461169482,1.3697703296575312
Combination_033,20,128,3,0.1,PTBA,25.01720729706099,2464.016510881399,49.638860894277165,1.0362524986191777
Combination_034,20,128,3,0.2,ADRO,44.145285235248885,3482.9426990761062,59.01646125511175,2.413057010305005
Combination_034,20,128,3,0.2,BBCA,111.46994725620142,26583.750404854243,163.0452403624658,1.3539339705230475
Combination_034,20,128,3,0.2,BBNI,69.68569635487295,8631.24169335463,92.90447617501876,1.6503222258111108
Combination_034,20,128,3,0.2,BBRI,65.41046380098304,7391.717368974429,85.97509737694067,1.6992086281837384
Combination_034,20,128,3,0.2,BBTN,25.637686189039748,1391.017350352106,37.29634499990724,2.110546171241448
Combination_034,20,128,3,0.2,BMRI,87.39672198141221,11815.70855726812,108.70008535998544,1.871530536317644
Combination_034,20,128,3,0.2,ITMG,203.2571643805332,76684.92388977576,276.9204288054165,0.8990603579431862
Combination_034,20,128,3,0.2,MEDC,40.736843485512495,3011.986701229134,54.8815697773773,3.0739254087507275
Combination_034,20,128,3,0.2,PGAS,29.019764910498964,1593.2381818638717,39.91538778295749,1.7109458636399868
Combination_034,20,128,3,0.2,PTBA,25.63320123034416,2738.147457447343,52.32731081803596,1.0618810523315834
Combination_035,20,128,3,0.3,ADRO,51.55155932731768,5262.30461085148,72.54174391928747,2.8103349084391125
Combination_035,20,128,3,0.3,BBCA,126.60105092062362,32878.5690929944,181.3244856410584,1.5372795161657775
Combination_035,20,128,3,0.3,BBNI,74.72579671324583,9865.594359782865,99.32569838557824,1.7599955704865833
Combination_035,20,128,3,0.3,BBRI,67.95509808837272,8317.072745783817,91.19798652264105,1.7590027728076436
Combination_035,20,128,3,0.3,BBTN,28.51940212875632,1609.484072228333,40.11837574264857,2.355342870514797
Combination_035,20,128,3,0.3,BMRI,90.47666135880586,12532.782592073128,111.94991108559724,1.934466101484184
Combination_035,20,128,3,0.3,ITMG,275.4811576802097,130245.98448100856,360.8960854332013,1.2204101889894272
Combination_035,20,128,3,0.3,MEDC,36.90193904968974,2409.991615077031,49.09166543393116,2.777612298141134
Combination_035,20,128,3,0.3,PGAS,25.076695466213074,1256.9292466752863,35.45319797529253,1.479862111100729
Combination_035,20,128,3,0.3,PTBA,25.033815356252862,2606.5526539621,51.05440876126273,1.0377585242540908
Combination_036,20,128,3,0.4,ADRO,54.40076569001455,5327.033340063789,72.98652848343856,2.9896462311236585
Combination_036,20,128,3,0.4,BBCA,118.14365520108512,31426.1435633502,177.27420444991483,1.432369004408114
Combination_036,20,128,3,0.4,BBNI,80.87351591467,10862.448138317171,104.22306912731544,1.9148272132651745
Combination_036,20,128,3,0.4,BBRI,74.8517838296838,9895.724575188731,99.47725657248864,1.942577423113724
Combination_036,20,128,3,0.4,BBTN,35.24839803050356,2545.5133954677704,50.45308112957791,2.9167413730577514
Combination_036,20,128,3,0.4,BMRI,119.87863904709434,23409.11600473725,153.0003790999789,2.5580685365979945
Combination_036,20,128,3,0.4,ITMG,260.0452107705658,115128.34922324236,339.3056869892433,1.150853831993237
Combination_036,20,128,3,0.4,MEDC,52.82610926186705,4961.363430320456,70.43694648634661,3.939393715083431
Combination_036,20,128,3,0.4,PGAS,27.337550070645992,1428.8848482362405,37.80059322598312,1.603329944483457
Combination_036,20,128,3,0.4,PTBA,35.620541264899344,3133.060569187186,55.97374892918274,1.4919189094613634
Combination_037,40,32,1,0.1,ADRO,43.52474141142353,3815.6196774747054,61.770702420117466,2.37019363743367
Combination_037,40,32,1,0.1,BBCA,240.8038918363104,86928.55158639624,294.836482794101,2.951304884379085
Combination_037,40,32,1,0.1,BBNI,71.308754931251,8633.556314107982,92.91693233263774,1.692296485532751
Combination_037,40,32,1,0.1,BBRI,67.76725226988981,7806.177061440078,88.35257246645442,1.7626213073778318
Combination_037,40,32,1,0.1,BBTN,29.074340124624285,1729.6060272669065,41.58853240097451,2.399511392138843
Combination_037,40,32,1,0.1,BMRI,83.08484880186674,10445.32739203309,102.20238447332376,1.7817696043011149
Combination_037,40,32,1,0.1,ITMG,201.1907902874537,78004.27675093054,279.2924573828132,0.8918694807806108
Combination_037,40,32,1,0.1,MEDC,29.36778537272996,1549.6558391472784,39.36566828020678,2.229269248849985
Combination_037,40,32,1,0.1,PGAS,24.15676410249668,1219.0622221470112,34.91507156153359,1.419300060630297
Combination_037,40,32,1,0.1,PTBA,27.3198513729538,2886.600843825887,53.72709599285901,1.1355943252356098
Combination_038,40,32,1,0.2,ADRO,49.64595491133578,4376.603671225565,66.15590428091484,2.7264207917618606
Combination_038,40,32,1,0.2,BBCA,114.43824721326072,27532.8438067614,165.93023777106268,1.3907957404037017
Combination_038,40,32,1,0.2,BBNI,74.4563382992642,9297.737275747566,96.42477521751124,1.767522174120215
Combination_038,40,32,1,0.2,BBRI,76.66053784550762,9703.194490425389,98.50479425096724,1.985270234670419
Combination_038,40,32,1,0.2,BBTN,30.17386992331651,1682.5081810864574,41.01838832872956,2.498085194374977
Combination_038,40,32,1,0.2,BMRI,118.31019228096484,21657.38242456961,147.1644740573268,2.5306084058936062
Combination_038,40,32,1,0.2,ITMG,293.595095043131,141211.37777987748,375.7810237091244,1.301961425982752
Combination_038,40,32,1,0.2,MEDC,30.91328943718616,1731.1005623278124,41.60649663607611,2.3489029482473227
Combination_038,40,32,1,0.2,PGAS,24.133442322984862,1196.2797468177853,34.587277239149444,1.4199294124610575
Combination_038,40,32,1,0.2,PTBA,27.421137145954926,3072.211784223686,55.42753633550464,1.139511181481154
Combination_039,40,32,1,0.3,ADRO,40.88253500703859,3153.1716696989315,56.15310917214586,2.2226533123871928
Combination_039,40,32,1,0.3,BBCA,201.9584585801302,68591.72761659049,261.90022454475,2.467410432909767
Combination_039,40,32,1,0.3,BBNI,75.33984330060676,9826.606276335477,99.12924026913288,1.7855210632353575
Combination_039,40,32,1,0.3,BBRI,80.8101641214911,10616.3391685528,103.03562087236044,2.0935181130584195
Combination_039,40,32,1,0.3,BBTN,31.790587622353684,1789.0517777538894,42.29718404047591,2.647526381179438
Combination_039,40,32,1,0.3,BMRI,87.99987617585296,12639.382911637207,112.42501016961133,1.8813134732555783
Combination_039,40,32,1,0.3,ITMG,251.2253617211213,112757.09340047724,335.79323012901443,1.1144386837414586
Combination_039,40,32,1,0.3,MEDC,32.98713372682969,2008.1561365752943,44.812455150050575,2.5029425041426245
Combination_039,40,32,1,0.3,PGAS,24.90541682826528,1266.4137840757726,35.58670796906863,1.467991000301009
Combination_039,40,32,1,0.3,PTBA,28.0640721814238,3049.754664934824,55.22458388195264,1.1674381372984892
Combination_040,40,32,1,0.4,ADRO,41.809879644847626,3183.301493059454,56.42075409864223,2.28462219881296
Combination_040,40,32,1,0.4,BBCA,125.08600178167974,34909.24890626424,186.84016941296173,1.5171104001053193
Combination_040,40,32,1,0.4,BBNI,94.32314329010124,14070.91040129749,118.62086832129282,2.2438147652200624
Combination_040,40,32,1,0.4,BBRI,97.10727855966574,14101.805942607483,118.75102501708136,2.528308632721456
Combination_040,40,32,1,0.4,BBTN,35.19948655659989,2110.7676554048685,45.943091487239606,2.942738115490515
Combination_040,40,32,1,0.4,BMRI,96.67866065347796,15737.529697759344,125.44931126857313,2.079525478069272
Combination_040,40,32,1,0.4,ITMG,255.0262697523448,114049.96885815397,337.71284970837866,1.1315364010991351
Combination_040,40,32,1,0.4,MEDC,30.10656147402262,1610.9257889125045,40.13634000394785,2.280627059444936
Combination_040,40,32,1,0.4,PGAS,25.00259917417018,1299.7414582029076,36.0519272467216,1.4669647031155626
Combination_040,40,32,1,0.4,PTBA,34.24002898039578,3646.411136411401,60.38552091694996,1.4297130477399074
Combination_041,40,32,2,0.1,ADRO,51.375132247055205,5124.912325962046,71.5884929717203,2.8064266085697684
Combination_041,40,32,2,0.1,BBCA,119.39205992564877,30337.15937596152,174.17565666866744,1.4470966286777354
Combination_041,40,32,2,0.1,BBNI,110.03138466704668,18275.706759567027,135.1876723653715,2.623894653242738
Combination_041,40,32,2,0.1,BBRI,77.95898218711518,10258.56696929319,101.28458406536105,2.0191486545576907
Combination_041,40,32,2,0.1,BBTN,30.63629797685502,1969.301203998972,44.37680930394807,2.5241541354062
Combination_041,40,32,2,0.1,BMRI,112.09192154862036,21462.2893439965,146.50013427979,2.399190584802663
Combination_041,40,32,2,0.1,ITMG,245.26719477751263,106270.56223659996,325.9916597653995,1.0858874578881843
Combination_041,40,32,2,0.1,MEDC,31.31670996875352,1749.7414869557751,41.829911390723446,2.381238144285063
Combination_041,40,32,2,0.1,PGAS,28.03907531628505,1569.8796579362806,39.6217069033665,1.655311207866344
Combination_041,40,32,2,0.1,PTBA,27.25409631677669,2921.884509114669,54.05445873482288,1.1318623346474936
Combination_042,40,32,2,0.2,ADRO,50.092352109847326,4705.028367705205,68.5932093410507,2.7356218644191967
Combination_042,40,32,2,0.2,BBCA,127.0081628205107,35147.95741508376,187.4778851360441,1.5396792692315642
Combination_042,40,32,2,0.2,BBNI,123.57908900693168,23362.34609692573,152.847460223995,2.9336492809106205
Combination_042,40,32,2,0.2,BBRI,129.01251899690072,22881.40490254288,151.26600709525877,3.3513151695609174
Combination_042,40,32,2,0.2,BBTN,31.553378098134687,1998.281071705668,44.70213721630845,2.6131383245384425
Combination_042,40,32,2,0.2,BMRI,107.75769739914278,19667.00114968054,140.23908567043833,2.303817982020705
Combination_042,40,32,2,0.2,ITMG,485.443011601623,355053.52214153943,595.8636774813006,2.1344795895750184
Combination_042,40,32,2,0.2,MEDC,33.553948942850226,1987.5729254727703,44.5822041343042,2.541745062817529
Combination_042,40,32,2,0.2,PGAS,25.717292089256446,1362.9453630666535,36.91808991628161,1.5115771181947475
Combination_042,40,32,2,0.2,PTBA,33.59341088602011,3485.8743522834416,59.04129361966455,1.4017763818946305
Combination_043,40,32,2,0.3,ADRO,51.7896047625825,4967.9529571715975,70.4837070334102,2.841975753398281
Combination_043,40,32,2,0.3,BBCA,162.08607098610275,60734.5556873184,246.4438185212167,1.961613228627017
Combination_043,40,32,2,0.3,BBNI,110.8654170070621,18595.62727558624,136.36578484204256,2.636379381614411
Combination_043,40,32,2,0.3,BBRI,125.48898187927236,21626.77425412887,147.0604442198135,3.258717752313902
Combination_043,40,32,2,0.3,BBTN,36.06301914930759,2668.7602337564467,51.66004484857177,2.940374025596245
Combination_043,40,32,2,0.3,BMRI,145.25554464017745,33157.92959034937,182.0931893024815,3.1167381020182856
Combination_043,40,32,2,0.3,ITMG,373.2315982417237,216594.5634095807,465.3972103586148,1.6476814490826637
Combination_043,40,32,2,0.3,MEDC,34.50993867881446,2068.9021546351155,45.48518610091769,2.611979397799512
Combination_043,40,32,2,0.3,PGAS,26.65860776420977,1399.727389987033,37.41293078585308,1.5698688080911578
Combination_043,40,32,2,0.3,PTBA,36.248435471340905,4238.813752265126,65.1061729198171,1.5140323545164112
Combination_044,40,32,2,0.4,ADRO,51.65246704660304,4806.020911613931,69.32547087192363,2.8327423633365347
Combination_044,40,32,2,0.4,BBCA,229.54224824690988,106136.19293910069,325.7855014255556,2.772311085940524
Combination_044,40,32,2,0.4,BBNI,129.4908636422467,25624.82358278761,160.07755490007838,3.0639363358598284
Combination_044,40,32,2,0.4,BBRI,122.8626999463303,20818.43274293161,144.28594090531348,3.188448021817199
Combination_044,40,32,2,0.4,BBTN,37.69894631076723,2806.6010136272475,52.977363218899896,3.098560605846547
Combination_044,40,32,2,0.4,BMRI,142.95223925611091,34669.168783864574,186.1965863915464,3.040998703178228
Combination_044,40,32,2,0.4,ITMG,355.6231617284336,199012.9614917599,446.10868798058607,1.56698929174861
Combination_044,40,32,2,0.4,MEDC,36.48143160456211,2345.2726228898982,48.42801485596842,2.7589737754659915
Combination_044,40,32,2,0.4,PGAS,28.754387467885177,1547.961843591915,39.34414624301708,1.7028766773095834
Combination_044,40,32,2,0.4,PTBA,33.7512233724697,4627.739706250582,68.02749228253664,1.4084684077586007
Combination_045,40,32,3,0.1,ADRO,54.63526679564723,5535.017865159415,74.39770067118617,2.997207288913489
Combination_045,40,32,3,0.1,BBCA,143.05984305606466,39910.89005466826,199.77710092667843,1.7364133396070216
Combination_045,40,32,3,0.1,BBNI,129.57333513301057,25415.192178789304,159.42142948421113,3.0951844987178805
Combination_045,40,32,3,0.1,BBRI,83.30474386800971,11362.15337167572,106.5934021019862,2.17636525770828
Combination_045,40,32,3,0.1,BBTN,32.934685874777685,2207.7434185217,46.98663021032366,2.706507996309964
Combination_045,40,32,3,0.1,BMRI,144.07244726479476,33189.30245827944,182.1793140240665,3.060670462089795
Combination_045,40,32,3,0.1,ITMG,501.6279659039683,396762.1925491195,629.8906195119273,2.201793539863772
Combination_045,40,32,3,0.1,MEDC,32.80053602006651,1849.0088488115248,43.00010289303417,2.4866520594054413
Combination_045,40,32,3,0.1,PGAS,30.408583150493143,1774.61083973951,42.12613013011651,1.8011342405339286
Combination_045,40,32,3,0.1,PTBA,28.768642724846764,3155.714798640321,56.17574920408558,1.1977460278457486
Combination_046,40,32,3,0.2,ADRO,59.677490290763565,6090.2813480483055,78.0402546641687,3.244806499657235
Combination_046,40,32,3,0.2,BBCA,450.78707557359184,238951.78637763773,488.8269493160517,5.5536916228228925
Combination_046,40,32,3,0.2,BBNI,139.1572185900572,29492.813913568367,171.73471959265652,3.317364120098808
Combination_046,40,32,3,0.2,BBRI,152.2203015842673,32361.06992829633,179.8918284088978,3.9638850536991512
Combination_046,40,32,3,0.2,BBTN,35.836440285823834,2515.5977462820274,50.15573492913874,2.9341277847408263
Combination_046,40,32,3,0.2,BMRI,142.4000149622238,30200.66352711031,173.7833810440754,3.0576156536823205
Combination_046,40,32,3,0.2,ITMG,275.10968559294315,136316.74339123227,369.2109740937182,1.2215554275037603
Combination_046,40,32,3,0.2,MEDC,34.72575929944758,2132.6977413479453,46.18114053753919,2.629178793094173
Combination_046,40,32,3,0.2,PGAS,28.500766016596508,1558.2242219834202,39.474348911456666,1.6810055445203511
Combination_046,40,32,3,0.2,PTBA,32.285637749399214,3983.2305735208415,63.11284000519104,1.3450441225369512
Combination_047,40,32,3,0.3,ADRO,53.28970534391971,4992.82538545988,70.65992772045468,2.915510075169965
Combination_047,40,32,3,0.3,BBCA,259.4208023380889,113117.83152987118,336.3299444442483,3.1597431263796216
Combination_047,40,32,3,0.3,BBNI,153.77733011039905,36083.454205316826,189.9564534447746,3.622428779604464
Combination_047,40,32,3,0.3,BBRI,140.24442504342042,26690.30686206454,163.3716831708131,3.635794502957399
Combination_047,40,32,3,0.3,BBTN,45.468058560286096,3580.4343632792866,59.83673088730104,3.788648691143201
Combination_047,40,32,3,0.3,BMRI,168.24145662698808,43964.06959045691,209.6761063890135,3.590903690629945
Combination_047,40,32,3,0.3,ITMG,458.8541228350976,338693.8231952181,581.9740743325411,2.013641251031716
Combination_047,40,32,3,0.3,MEDC,33.56996021704255,2000.325183922168,44.72499506900105,2.5398070404540065
Combination_047,40,32,3,0.3,PGAS,47.22366345014503,4392.899119869708,66.27894929666363,2.816161696336273
Combination_047,40,32,3,0.3,PTBA,34.84570593928262,4125.546542416459,64.23041757934054,1.454709663253706
Combination_048,40,32,3,0.4,ADRO,59.43712683300752,6444.27160770348,80.27622068647402,3.27373251048507
Combination_048,40,32,3,0.4,BBCA,248.54966272124275,127144.134334217,356.57276162687606,2.996272239888661
Combination_048,40,32,3,0.4,BBNI,140.70461702003757,30097.65063619268,173.4867448429207,3.355556479344933
Combination_048,40,32,3,0.4,BBRI,144.88136347249096,28818.07575405773,169.7588753322127,3.770788791206138
Combination_048,40,32,3,0.4,BBTN,42.93253223027427,3354.6464355162548,57.91930969474908,3.5456257922695
Combination_048,40,32,3,0.4,BMRI,178.6728933346357,44647.33072329766,211.2991498404517,3.8061989622101953
Combination_048,40,32,3,0.4,ITMG,457.8058846991697,322043.302611957,567.4885924950007,2.012957229656231
Combination_048,40,32,3,0.4,MEDC,53.00887870197707,4859.09428983758,69.70720400243852,3.962787866153208
Combination_048,40,32,3,0.4,PGAS,29.3849808706654,1653.3659722241753,40.66160316839678,1.7232227444232957
Combination_048,40,32,3,0.4,PTBA,37.4933773236309,4676.567959484521,68.38543674997274,1.5685907469985716
Combination_049,40,64,1,0.1,ADRO,38.12886913581719,2909.362697645029,53.93850848554332,2.0761266231245483
Combination_049,40,64,1,0.1,BBCA,120.23185723977116,27788.39789734039,166.69852398068917,1.4639923055967352
Combination_049,40,64,1,0.1,BBNI,65.02869413911014,7644.000052743876,87.42997227921255,1.5413462373657587
Combination_049,40,64,1,0.1,BBRI,69.49638393280836,8363.90517890338,91.45438851637128,1.805321296617496
Combination_049,40,64,1,0.1,BBTN,27.93471552545293,1565.792124712034,39.570091290165536,2.302115699973262
Combination_049,40,64,1,0.1,BMRI,85.6681819034995,11544.202049144733,107.44394840634224,1.834609330766911
Combination_049,40,64,1,0.1,ITMG,225.41803360628583,93975.80032762152,306.5547264806425,0.9993711730344268
Combination_049,40,64,1,0.1,MEDC,28.00123373407816,1438.6279574401945,37.92924936563067,2.1228614696044006
Combination_049,40,64,1,0.1,PGAS,23.46587591034044,1125.677802610634,33.551122225800945,1.3784335995937105
Combination_049,40,64,1,0.1,PTBA,24.72941880389084,2417.445263886286,49.16752245015287,1.02701117850983
Combination_050,40,64,1,0.2,ADRO,41.81093943151211,3474.816397864804,58.9475732992021,2.280694901130897
Combination_050,40,64,1,0.2,BBCA,108.18081551961758,24132.57939402941,155.34664268670053,1.315823944913265
Combination_050,40,64,1,0.2,BBNI,70.9623996816951,8974.516828315152,94.7339264905406,1.680948545656412
Combination_050,40,64,1,0.2,BBRI,68.55519853449324,8191.498853520098,90.50689948020592,1.776474698049226
Combination_050,40,64,1,0.2,BBTN,29.718310081563345,1846.298592434243,42.96857680252213,2.4523728483404086
Combination_050,40,64,1,0.2,BMRI,85.8499909154803,11151.445908924568,105.60040676495792,1.8441958852743
Combination_050,40,64,1,0.2,ITMG,212.79889244398603,78874.87733054438,280.846715007572,0.9414693428758216
Combination_050,40,64,1,0.2,MEDC,29.27623124714034,1536.9105308211033,39.20345049636707,2.2191262881534466
Combination_050,40,64,1,0.2,PGAS,24.014243290578705,1192.202219073731,34.52828143817371,1.4119282652673109
Combination_050,40,64,1,0.2,PTBA,25.82565301292234,2750.87466049102,52.44878130606106,1.0726357351680618
Combination_051,40,64,1,0.3,ADRO,45.22370828141414,3955.349161221247,62.891566693963405,2.474152443702126
Combination_051,40,64,1,0.3,BBCA,112.48179128272923,25525.90331702031,159.76828007154708,1.369239121709284
Combination_051,40,64,1,0.3,BBNI,72.35042198098823,9167.662857477248,95.74791307113304,1.7147673560050072
Combination_051,40,64,1,0.3,BBRI,73.13522031876704,9060.393670120302,95.18610019388494,1.896002950968689
Combination_051,40,64,1,0.3,BBTN,31.75824447502012,1898.0798865223544,43.56695865587079,2.63398659475219
Combination_051,40,64,1,0.3,BMRI,86.20925631025713,11778.973582258295,108.53097982722858,1.851598656273662
Combination_051,40,64,1,0.3,ITMG,210.09294859153803,86561.61735317679,294.21355739186595,0.9333961002962162
Combination_051,40,64,1,0.3,MEDC,31.890978716975145,1806.0024219986085,42.49708721781539,2.419378603124047
Combination_051,40,64,1,0.3,PGAS,24.12355745439048,1198.0400258067407,34.61271479971978,1.4197538551305509
Combination_051,40,64,1,0.3,PTBA,26.545607339349583,2762.7790836237905,52.56214496787389,1.1009748612302737
Combination_052,40,64,1,0.4,ADRO,44.0555675284897,3676.4674413502967,60.63388030919922,2.398767736825953
Combination_052,40,64,1,0.4,BBCA,119.92671979202636,28440.060273481125,168.64181057341955,1.4604427166280682
Combination_052,40,64,1,0.4,BBNI,92.62930568173635,13902.915875211493,117.91062664243412,2.1954834536563177
Combination_052,40,64,1,0.4,BBRI,84.32655738183296,11597.790573135577,107.69303864751691,2.181407753045848
Combination_052,40,64,1,0.4,BBTN,32.936966712497124,2013.65039813647,44.87371611685921,2.7332343745011145
Combination_052,40,64,1,0.4,BMRI,92.7813221632148,12811.210596049335,113.18661844957352,1.9958772363515105
Combination_052,40,64,1,0.4,ITMG,247.32334449780052,98429.18157037695,313.7342531034458,1.0949134219546663
Combination_052,40,64,1,0.4,MEDC,29.748127917973907,1593.8834147357331,39.92346947267651,2.260785085769218
Combination_052,40,64,1,0.4,PGAS,24.48114398572084,1252.7537300138445,35.394261258201794,1.4397962189350406
Combination_052,40,64,1,0.4,PTBA,29.015746303170705,3255.2674936869166,57.0549515264619,1.207307191601924
Combination_053,40,64,2,0.1,ADRO,45.798226988894505,3974.689215639452,63.04513633611598,2.4959642879065225
Combination_053,40,64,2,0.1,BBCA,117.45023940964565,29343.955460434103,171.30077483897762,1.426093558009631
Combination_053,40,64,2,0.1,BBNI,123.87215566292087,23087.297460464688,151.9450475022621,2.953258036067208
Combination_053,40,64,2,0.1,BBRI,69.0790858923197,8130.103204914,90.16708493077726,1.7971606322601803
Combination_053,40,64,2,0.1,BBTN,25.769899000048685,1322.2994648268625,36.36343582263456,2.124577552250298
Combination_053,40,64,2,0.1,BMRI,149.50808696395202,32900.320368064604,181.38445459317788,3.2348707520170565
Combination_053,40,64,2,0.1,ITMG,222.86164727356768,85277.13997401958,292.0224990887168,0.9862215986548416
Combination_053,40,64,2,0.1,MEDC,27.66869832707795,1414.0249518884984,37.60352313133037,2.1000781333585947
Combination_053,40,64,2,0.1,PGAS,24.026882374029345,1101.019663159256,33.1816163433799,1.4125186516775874
Combination_053,40,64,2,0.1,PTBA,25.774550477592207,2689.19759524558,51.85747386101235,1.0680667309795826
Combination_054,40,64,2,0.2,ADRO,46.94594773403605,4416.226709684715,66.45469667137692,2.5627650750182687
Combination_054,40,64,2,0.2,BBCA,168.97048793250704,59644.95636300501,244.22316917730188,2.0521373458490464
Combination_054,40,64,2,0.2,BBNI,83.30933058004588,11804.371333454212,108.64792374203113,1.9709989248522413
Combination_054,40,64,2,0.2,BBRI,80.13451852503881,10646.113007087502,103.1800029418855,2.0774194665332315
Combination_054,40,64,2,0.2,BBTN,28.96766753636045,1646.919512734122,40.5822561316411,2.392621024398238
Combination_054,40,64,2,0.2,BMRI,119.15838542602044,22885.10037333736,151.27822174172118,2.564540850485376
Combination_054,40,64,2,0.2,ITMG,242.76127465766132,109152.48034127011,330.38232449886016,1.077129047396294
Combination_054,40,64,2,0.2,MEDC,29.74301935230776,1570.984141110259,39.63564230727514,2.2549726004756563
Combination_054,40,64,2,0.2,PGAS,26.49979253467037,1405.2678617452511,37.48690253602251,1.5658918007953937
Combination_054,40,64,2,0.2,PTBA,28.272118369023577,2657.498229297523,51.55092850082841,1.179039879911293
Combination_055,40,64,2,0.3,ADRO,50.76031190939518,4901.28775131276,70.00919761940398,2.7755829874987703
Combination_055,40,64,2,0.3,BBCA,129.1842810241438,34829.182180945136,186.62578112614864,1.567879720828937
Combination_055,40,64,2,0.3,BBNI,118.261577448399,21298.4951319576,145.9400395092368,2.814735108945627
Combination_055,40,64,2,0.3,BBRI,80.5338828443427,10870.833461021211,104.26328913390952,2.089684424556385
Combination_055,40,64,2,0.3,BBTN,29.004477839146706,1754.8501736947658,41.89093187904473,2.3867424556314107
Combination_055,40,64,2,0.3,BMRI,107.95744287881917,19777.240027909207,140.63157550105598,2.309275935901704
Combination_055,40,64,2,0.3,ITMG,333.20025286014135,187467.25170272164,432.9748857644305,1.4759562325338509
Combination_055,40,64,2,0.3,MEDC,32.69114539418117,1843.2697907946515,42.93331795697429,2.4733273807979144
Combination_055,40,64,2,0.3,PGAS,24.863220238857124,1262.483466060542,35.531443343333834,1.457872076779889
Combination_055,40,64,2,0.3,PTBA,30.86524059339393,3210.489568228488,56.66118219935486,1.288480565467493
Combination_056,40,64,2,0.4,ADRO,48.78987954942873,4583.098961391761,67.69858906500018,2.664256432590769
Combination_056,40,64,2,0.4,BBCA,140.5343665343394,40286.321724161,200.71452793497784,1.7076878302879477
Combination_056,40,64,2,0.4,BBNI,129.96557328340822,25365.51014406049,159.2655334466955,3.0601168366818245
Combination_056,40,64,2,0.4,BBRI,87.1460081856176,12132.060555222117,110.14563339153358,2.260035531179503
Combination_056,40,64,2,0.4,BBTN,30.3597820070455,1951.944815714149,44.18081954552392,2.4991587721944155
Combination_056,40,64,2,0.4,BMRI,117.63834079392518,23231.02949229829,152.4172873800682,2.5190165389869748
Combination_056,40,64,2,0.4,ITMG,367.4248716063638,208141.9119927377,456.22572482570257,1.6252246497838518
Combination_056,40,64,2,0.4,MEDC,32.80713045164642,1871.957397214319,43.26612297415056,2.4810799004613022
Combination_056,40,64,2,0.4,PGAS,26.01259716980748,1378.2426678169013,37.12469081106133,1.530009682277988
Combination_056,40,64,2,0.4,PTBA,43.37050848942009,4125.3734734465415,64.22907031435642,1.8201417585144888
Combination_057,40,64,3,0.1,ADRO,56.930065964944944,5781.050279192141,76.03321826144241,3.113110117568896
Combination_057,40,64,3,0.1,BBCA,118.07193329008358,28953.33136499832,170.15678465755727,1.4358106711238134
Combination_057,40,64,3,0.1,BBNI,74.99869456394117,9333.62220585186,96.6106733536821,1.7818495209862129
Combination_057,40,64,3,0.1,BBRI,70.6869431754787,8769.969373047603,93.64811462623048,1.8396800578005343
Combination_057,40,64,3,0.1,BBTN,30.621885657872312,1919.7910342067648,43.81542005055714,2.514114900740729
Combination_057,40,64,3,0.1,BMRI,94.42423319216248,13304.46631861701,115.3449882683119,2.0124717284660165
Combination_057,40,64,3,0.1,ITMG,280.92059091055125,125253.58745969347,353.91183571575203,1.2431653781516214
Combination_057,40,64,3,0.1,MEDC,27.77616870931008,1412.025129865499,37.5769228365695,2.1049515244423493
Combination_057,40,64,3,0.1,PGAS,24.79523861150946,1174.510176875447,34.27112745264514,1.45989264846899
Combination_057,40,64,3,0.1,PTBA,29.58313466726447,2988.787575186912,54.66980496752217,1.234208034964015
Combination_058,40,64,3,0.2,ADRO,58.48298357866653,6288.424736017886,79.29958849841458,3.2127913398268864
Combination_058,40,64,3,0.2,BBCA,122.95326856186058,34227.373155464906,185.0064138225076,1.489388818043294
Combination_058,40,64,3,0.2,BBNI,115.22358542723627,20435.7993055232,142.95383627424343,2.740902160891645
Combination_058,40,64,3,0.2,BBRI,87.30023335080423,12280.441426767771,110.8171531251718,2.2759511023807346
Combination_058,40,64,3,0.2,BBTN,32.26668462357424,2125.1081559007603,46.09889538699122,2.6611477389886065
Combination_058,40,64,3,0.2,BMRI,99.64040582342972,14832.254320556804,121.7877428995086,2.1344316512084283
Combination_058,40,64,3,0.2,ITMG,412.2277883316975,244846.983666834,494.82015285034015,1.8221085517737543
Combination_058,40,64,3,0.2,MEDC,32.28150330248001,1894.292410748743,43.52346965429965,2.454527814198354
Combination_058,40,64,3,0.2,PGAS,28.777862401317343,1620.348886349036,40.25355743718853,1.7009538406141662
Combination_058,40,64,3,0.2,PTBA,29.51336686774124,3165.2135474996694,56.26023060297273,1.2304605775324429
Combination_059,40,64,3,0.3,ADRO,59.10743750524607,6408.736055234952,80.05458172543875,3.251420872181019
Combination_059,40,64,3,0.3,BBCA,302.50102181872006,127585.29173621666,357.19083377967115,3.724205461146831
Combination_059,40,64,3,0.3,BBNI,143.44285035304893,31512.960374238573,177.51890145626345,3.4000079553667995
Combination_059,40,64,3,0.3,BBRI,82.3563972720758,11577.418118973055,107.59841132178975,2.1396017773986737
Combination_059,40,64,3,0.3,BBTN,31.15101834033556,1965.154159772946,44.33005932516836,2.570102164676081
Combination_059,40,64,3,0.3,BMRI,142.26190236832596,31955.103702654527,178.75990518752948,3.0362648193689523
Combination_059,40,64,3,0.3,ITMG,439.8437355919708,295307.2423835449,543.4217904938529,1.936313558799592
Combination_059,40,64,3,0.3,MEDC,39.11525260126291,2692.936402754941,51.893510218089325,2.961746876032522
Combination_059,40,64,3,0.3,PGAS,26.94542694434844,1437.8037232261547,37.91838239200289,1.58910234981065
Combination_059,40,64,3,0.3,PTBA,28.148861275516825,3136.306636580065,56.002737759685154,1.171119225987205
Combination_060,40,64,3,0.4,ADRO,57.66167778066166,6054.658691350447,77.81168736989609,3.1707495136853905
Combination_060,40,64,3,0.4,BBCA,290.55509673820114,120567.5676234373,347.22840843375315,3.576735450317625
Combination_060,40,64,3,0.4,BBNI,144.80895306566643,32376.79946944427,179.9355425407784,3.4434343493545265
Combination_060,40,64,3,0.4,BBRI,156.98846048659098,35109.20767792707,187.3745118150467,4.104152700660265
Combination_060,40,64,3,0.4,BBTN,32.2381074040179,2159.946850566252,46.4752283541055,2.6534058673198304
Combination_060,40,64,3,0.4,BMRI,119.28321044007646,23929.23178997012,154.69076181197804,2.548952420946957
Combination_060,40,64,3,0.4,ITMG,426.2818369076408,271577.9205720379,521.131385134342,1.878528638879847
Combination_060,40,64,3,0.4,MEDC,40.2693130502978,2768.333564248324,52.61495570888874,3.0328885171361737
Combination_060,40,64,3,0.4,PGAS,29.15964033963868,1619.4588287391796,40.24250027942075,1.7211466452570032
Combination_060,40,64,3,0.4,PTBA,38.91647736481625,4285.406197314486,65.46301396448598,1.6294078430046872
Combination_061,40,128,1,0.1,ADRO,43.071903235299125,3553.946654035892,59.614986824085534,2.3520683983540183
Combination_061,40,128,1,0.1,BBCA,97.98901327651178,19898.75945890788,141.06296274680992,1.1924354043270171
Combination_061,40,128,1,0.1,BBNI,64.9734714562945,7419.214521651037,86.13486240571257,1.5409606345760465
Combination_061,40,128,1,0.1,BBRI,89.69621840812664,12420.873713019488,111.44897358441436,2.326555372134957
Combination_061,40,128,1,0.1,BBTN,23.88262785353788,1158.7479030794004,34.040386353262804,1.965543276221522
Combination_061,40,128,1,0.1,BMRI,74.50593194086774,9329.4339064413,96.5889947480628,1.590765791530811
Combination_061,40,128,1,0.1,ITMG,173.89837936531725,60151.95209477292,245.25894906154377,0.7693813731334439
Combination_061,40,128,1,0.1,MEDC,28.21958444702312,1466.304782444324,38.29235932198908,2.1414301988321216
Combination_061,40,128,1,0.1,PGAS,22.778733274061896,1090.829504663648,33.02770813519533,1.3324078826609032
Combination_061,40,128,1,0.1,PTBA,22.882737349048792,2228.7507149119647,47.20964641799348,0.949655023325401
Combination_062,40,128,1,0.2,ADRO,41.46222366757102,3454.131621261022,58.77186079461005,2.261224717106902
Combination_062,40,128,1,0.2,BBCA,101.06489488761198,21816.82505684293,147.70519644495562,1.2293771822593942
Combination_062,40,128,1,0.2,BBNI,86.5626643544479,12131.519688068034,110.14317812768994,2.0587361924113923
Combination_062,40,128,1,0.2,BBRI,71.94977036947726,8927.095627288683,94.48330872322732,1.8693016256992327
Combination_062,40,128,1,0.2,BBTN,28.90351282520717,1681.8426887161556,41.01027540405156,2.3787966672360814
Combination_062,40,128,1,0.2,BMRI,78.90225250300743,10227.76130079268,101.13239491277103,1.6846777278859155
Combination_062,40,128,1,0.2,ITMG,181.4548485463474,65685.55899827648,256.2919409546006,0.8035740265143143
Combination_062,40,128,1,0.2,MEDC,27.370213365139303,1376.9541363303374,37.107332649091575,2.0725627353965828
Combination_062,40,128,1,0.2,PGAS,23.23013801368877,1116.9569527250117,33.4209059231645,1.3631131019590228
Combination_062,40,128,1,0.2,PTBA,23.40243681193256,2304.964209134376,48.01004279454847,0.9699008483065812
Combination_063,40,128,1,0.3,ADRO,42.13058420329645,3483.3402502000067,59.01982929660172,2.295405190589113
Combination_063,40,128,1,0.3,BBCA,105.54331037637996,24074.49996662264,155.15959514842336,1.2823295711779985
Combination_063,40,128,1,0.3,BBNI,107.05244345630676,17464.70446209111,132.15409362593016,2.5488654250669605
Combination_063,40,128,1,0.3,BBRI,67.20403879567272,8023.875729552962,89.57608905033175,1.7426965197536823
Combination_063,40,128,1,0.3,BBTN,27.51151664850224,1440.6984529754088,37.95653373235508,2.274424823941076
Combination_063,40,128,1,0.3,BMRI,76.75180685605935,9808.044271447652,99.0355707382335,1.6395013397040827
Combination_063,40,128,1,0.3,ITMG,191.8231699213708,71049.05676503328,266.55028937338125,0.8493052634528832
Combination_063,40,128,1,0.3,MEDC,28.23217118524564,1444.7466354017497,38.00982288043118,2.1386923823869712
Combination_063,40,128,1,0.3,PGAS,24.98159772200549,1233.4179129436077,35.12005001339844,1.4721209357106133
Combination_063,40,128,1,0.3,PTBA,24.02685620051494,2424.9476466831406,49.24375743871644,0.994668144381582
Combination_064,40,128,1,0.4,ADRO,45.16734527866191,3957.136970068967,62.90577851095213,2.460176770834096
Combination_064,40,128,1,0.4,BBCA,109.30904209399392,25044.51850048033,158.25460025060988,1.329079956299891
Combination_064,40,128,1,0.4,BBNI,69.79653282988849,8645.53468851098,92.98136742654938,1.6550882207134543
Combination_064,40,128,1,0.4,BBRI,81.96984204410512,10931.009402720532,104.55146772150324,2.1253341416132496
Combination_064,40,128,1,0.4,BBTN,28.34266348058672,1631.113561205112,40.38704694831144,2.3304203137766075
Combination_064,40,128,1,0.4,BMRI,79.25254333791115,10343.79434821483,101.70444605923002,1.694631347985846
Combination_064,40,128,1,0.4,ITMG,239.11213079373624,104160.56377469152,322.7391574858736,1.0605764000371538
Combination_064,40,128,1,0.4,MEDC,30.392684449051224,1623.6591545512274,40.294654168403376,2.306604526868059
Combination_064,40,128,1,0.4,PGAS,24.04033545967485,1171.068811134936,34.22088267615165,1.4145514588410708
Combination_064,40,128,1,0.4,PTBA,26.705946529940736,2847.5321162547257,53.36227240527455,1.1066946220200764
Combination_065,40,128,2,0.1,ADRO,43.236141945603954,3757.140774769287,61.29552002201537,2.3543413199185026
Combination_065,40,128,2,0.1,BBCA,107.43588214083536,22429.15309448352,149.76365745561745,1.3063449079478082
Combination_065,40,128,2,0.1,BBNI,63.95931700150748,6969.805858440713,83.48536313894019,1.5169556810333462
Combination_065,40,128,2,0.1,BBRI,60.031034965851326,6265.702065155911,79.15618778816922,1.557401064027661
Combination_065,40,128,2,0.1,BBTN,24.004708354005366,1200.4158467616478,34.647017862460366,1.9728537001963888
Combination_065,40,128,2,0.1,BMRI,81.2128913252474,9997.075939720467,99.98537862968,1.742546381191742
Combination_065,40,128,2,0.1,ITMG,191.4840025331476,69112.22937315806,262.8920488968011,0.8471016764809748
Combination_065,40,128,2,0.1,MEDC,34.2719656715909,2080.161765628341,45.60879044250506,2.598035602464308
Combination_065,40,128,2,0.1,PGAS,23.706165646477555,1145.039472570858,33.838431886995856,1.3919550701718983
Combination_065,40,128,2,0.1,PTBA,23.46411753365462,2336.992345758128,48.34244869427,0.972803655457768
Combination_066,40,128,2,0.2,ADRO,45.55877963201606,3932.4996376539216,62.70964549137494,2.4854606875040193
Combination_066,40,128,2,0.2,BBCA,119.72592961445125,30458.266880462135,174.52296949244857,1.4538319282400618
Combination_066,40,128,2,0.2,BBNI,72.90442535345508,8490.936847917428,92.14627962059797,1.7340206125519793
Combination_066,40,128,2,0.2,BBRI,66.70305904926288,7666.061397518479,87.55604717847008,1.7355758406584372
Combination_066,40,128,2,0.2,BBTN,25.367127884931303,1351.0887383810325,36.757159008566376,2.0833014316140406
Combination_066,40,128,2,0.2,BMRI,89.79897897234923,12353.988815655533,111.14849893568304,1.92668850295851
Combination_066,40,128,2,0.2,ITMG,189.06584883765373,70132.33527162098,264.8251031749463,0.8374779398978953
Combination_066,40,128,2,0.2,MEDC,27.440899878589438,1389.6727232766611,37.27831438352143,2.0836300886638313
Combination_066,40,128,2,0.2,PGAS,24.540233526298447,1140.7951167209603,33.775658642296825,1.4445581192873256
Combination_066,40,128,2,0.2,PTBA,24.717256270295426,2451.80422442047,49.51569674780382,1.0246356543058823
Combination_067,40,128,2,0.3,ADRO,46.138358207272134,4336.469642387377,65.85187652897505,2.51669838261973
Combination_067,40,128,2,0.3,BBCA,112.67109161872654,28193.85738563789,167.91026587328687,1.3663712914456962
Combination_067,40,128,2,0.3,BBNI,73.10056893945601,9012.824908590963,94.93589894550408,1.7358374955600164
Combination_067,40,128,2,0.3,BBRI,67.28285558588175,8222.345644771212,90.67715062115269,1.745150089069618
Combination_067,40,128,2,0.3,BBTN,26.306638848194204,1396.5811114969772,37.37085912174053,2.167028887221249
Combination_067,40,128,2,0.3,BMRI,95.99636811361039,14162.688125132074,119.00709275136535,2.063103584967841
Combination_067,40,128,2,0.3,ITMG,236.74375808281886,105622.80575132466,324.996624215275,1.050246416486098
Combination_067,40,128,2,0.3,MEDC,34.73478275178649,2105.8772680943557,45.88983839690826,2.6286935367994024
Combination_067,40,128,2,0.3,PGAS,26.708536576881677,1420.2826178885061,37.68663712628796,1.5697186474276072
Combination_067,40,128,2,0.3,PTBA,26.004190155499273,2578.538850826611,50.779315186664455,1.0805755359707876
Combination_068,40,128,2,0.4,ADRO,46.327565808197576,4198.34675527804,64.79465066869363,2.5306818661263577
Combination_068,40,128,2,0.4,BBCA,157.37741476769065,49111.045674061,221.61012087461395,1.9162376197479019
Combination_068,40,128,2,0.4,BBNI,99.84087738201775,15353.383582518743,123.90877120897756,2.377526710489847
Combination_068,40,128,2,0.4,BBRI,129.08030463561093,23578.68980004704,153.55354049987594,3.3596185993614496
Combination_068,40,128,2,0.4,BBTN,27.013727711687384,1505.0642469467464,38.79515751929287,2.2263361923191507
Combination_068,40,128,2,0.4,BMRI,114.88161252342545,19514.78447810222,139.69532733095343,2.479515168707962
Combination_068,40,128,2,0.4,ITMG,333.7696096022353,184642.08769420127,429.6999973169668,1.4772716744840426
Combination_068,40,128,2,0.4,MEDC,32.94978020726484,1969.8643543456285,44.3831539477044,2.5008927339326243
Combination_068,40,128,2,0.4,PGAS,41.07117181201633,2793.3596776900995,52.85224382833807,2.393106328401887
Combination_068,40,128,2,0.4,PTBA,27.89069001301587,2720.657863091814,52.159925834799786,1.1609287391771281
Combination_069,40,128,3,0.1,ADRO,51.78881083300218,5288.232152876238,72.72023207386124,2.828339102207431
Combination_069,40,128,3,0.1,BBCA,105.92395354517927,22048.88722952834,148.48867710882314,1.286457916493131
Combination_069,40,128,3,0.1,BBNI,71.59506526782361,8426.601956548693,91.79652475202258,1.7020445847495358
Combination_069,40,128,3,0.1,BBRI,67.62485284158376,7475.4815867004845,86.46086737189539,1.763111344308393
Combination_069,40,128,3,0.1,BBTN,26.031771377471976,1384.268489452092,37.20575882107623,2.1451031410601207
Combination_069,40,128,3,0.1,BMRI,82.737367867137,11284.018665561493,106.22626165671788,1.7596211869312095
Combination_069,40,128,3,0.1,ITMG,186.16902028485188,67155.22971140113,259.1432609801018,0.8246139079743972
Combination_069,40,128,3,0.1,MEDC,29.743765246946477,1547.91040823288,39.34349257797126,2.256117127260835
Combination_069,40,128,3,0.1,PGAS,24.494188003402808,1221.3863141358745,34.94833778788162,1.4430472746358143
Combination_069,40,128,3,0.1,PTBA,26.931883495488613,2809.4664850463228,53.00440061963084,1.117632997608416
Combination_070,40,128,3,0.2,ADRO,58.833211161893075,6763.324530025933,82.23943415433945,3.2198371932664935
Combination_070,40,128,3,0.2,BBCA,110.86909883742706,26480.37859695308,162.72792814066392,1.3464081801154921
Combination_070,40,128,3,0.2,BBNI,124.27504687000527,23720.413318368053,154.0143282891824,2.951502350597372
Combination_070,40,128,3,0.2,BBRI,64.650047637356,7325.710724140584,85.59036583716993,1.6820718152465126
Combination_070,40,128,3,0.2,BBTN,28.142691284111724,1542.4831762621427,39.274459592235544,2.324061800729384
Combination_070,40,128,3,0.2,BMRI,87.4735511892991,11657.833373058824,107.97144702678956,1.8711198637522286
Combination_070,40,128,3,0.2,ITMG,276.3144242463353,131948.01678517106,363.246495902123,1.2245153146636782
Combination_070,40,128,3,0.2,MEDC,31.285148924443085,1713.92452443184,41.39957154889215,2.3655610979142043
Combination_070,40,128,3,0.2,PGAS,24.283769508059923,1145.9927369595437,33.85251448503558,1.4293807893783306
Combination_070,40,128,3,0.2,PTBA,29.338016237715166,2651.2445173750257,51.4902371073879,1.2242300779805755
Combination_071,40,128,3,0.3,ADRO,51.115921206718724,4901.086075831064,70.00775725468617,2.795165173205219
Combination_071,40,128,3,0.3,BBCA,119.80576237543019,29078.202463941885,170.5233194139203,1.4578184138705483
Combination_071,40,128,3,0.3,BBNI,75.13020812178692,9440.009109158525,97.15970928918286,1.7844297243464657
Combination_071,40,128,3,0.3,BBRI,85.86043579586463,11831.869312018463,108.77439639923755,2.240838341386814
Combination_071,40,128,3,0.3,BBTN,30.934604658581854,1889.5537864901205,43.468997992708786,2.5515467244997434
Combination_071,40,128,3,0.3,BMRI,117.24186219757408,21262.95946061443,145.81824117926547,2.5213177750286526
Combination_071,40,128,3,0.3,ITMG,257.7459652754042,111467.89548007771,333.86808095425613,1.1399064793103415
Combination_071,40,128,3,0.3,MEDC,32.84354006140236,1920.2417346600869,43.820562920392604,2.487333597013718
Combination_071,40,128,3,0.3,PGAS,25.328269999661877,1224.8442335239647,34.99777469388539,1.4965904723971017
Combination_071,40,128,3,0.3,PTBA,29.426296181815992,3030.3569288395593,55.04867781191079,1.2257862487600863
Combination_072,40,128,3,0.4,ADRO,57.64228957323291,6386.565674471813,79.91599135637256,3.1624780982348875
Combination_072,40,128,3,0.4,BBCA,116.08919855716412,30004.00244984322,173.21663444901364,1.4089476316075311
Combination_072,40,128,3,0.4,BBNI,132.69455474057648,27190.862639641535,164.89652100527024,3.146387474701625
Combination_072,40,128,3,0.4,BBRI,126.87730273168249,22979.16744559102,151.5888104234314,3.303405166875267
Combination_072,40,128,3,0.4,BBTN,29.88912584372246,1801.8827311173181,42.448589271226886,2.4623200715690743
Combination_072,40,128,3,0.4,BMRI,120.55580820111057,23584.602360733817,153.57279173321626,2.5784314743381445
Combination_072,40,128,3,0.4,ITMG,243.44005419624773,101706.87989795822,318.91516097225326,1.0767007165546576
Combination_072,40,128,3,0.4,MEDC,41.56068338253817,2990.619005205626,54.686552325097495,3.1281447024606717
Combination_072,40,128,3,0.4,PGAS,27.45950017901632,1457.2794081560673,38.1743291775516,1.6172731948153507
Combination_072,40,128,3,0.4,PTBA,28.210004813593926,2821.450247023698,53.11732529997814,1.173123942558116
Combination_073,60,32,1,0.1,ADRO,40.187529120728286,3270.877889214204,57.19158932233134,2.1875208514265063
Combination_073,60,32,1,0.1,BBCA,121.05639577983948,26694.847968118767,163.38558066157114,1.4773724163671118
Combination_073,60,32,1,0.1,BBNI,77.98996405635809,10407.82640803404,102.01875517783012,1.8476407955457437
Combination_073,60,32,1,0.1,BBRI,70.05546821348648,8519.829492564551,92.30292244866655,1.8113057300054087
Combination_073,60,32,1,0.1,BBTN,29.08758971951889,1461.246008070861,38.22624763262621,2.4153000347520983
Combination_073,60,32,1,0.1,BMRI,81.89455740743401,11278.671003360363,106.20108758087349,1.7466422398632708
Combination_073,60,32,1,0.1,ITMG,217.10219043407497,80643.97361660459,283.9788260004689,0.9603071163202781
Combination_073,60,32,1,0.1,MEDC,40.41447093061213,2647.011580583962,51.449116421800305,3.0570493862124826
Combination_073,60,32,1,0.1,PGAS,24.031901393862924,1213.0195432747153,34.828430100633526,1.4114840741332904
Combination_073,60,32,1,0.1,PTBA,29.895302227718368,3053.6676946833777,55.26000085670808,1.2430431668514117
Combination_074,60,32,1,0.2,ADRO,43.738592658325935,3481.794991890511,59.006736834792946,2.389486003315069
Combination_074,60,32,1,0.2,BBCA,116.12187706738064,28745.87068751776,169.54607246267238,1.409685363111999
Combination_074,60,32,1,0.2,BBNI,100.50460940642326,15476.48635923102,124.40452708495387,2.383138294494918
Combination_074,60,32,1,0.2,BBRI,77.03591089172774,9878.830272119616,99.39230489388812,1.9940943333651497
Combination_074,60,32,1,0.2,BBTN,30.615576143168013,1721.0663214617955,41.485736361571256,2.5378728248167346
Combination_074,60,32,1,0.2,BMRI,93.61471708729961,14826.780804047628,121.76526928499615,1.9903003983630811
Combination_074,60,32,1,0.2,ITMG,218.96704175918234,86499.17130783864,294.1074145747411,0.9705202276529734
Combination_074,60,32,1,0.2,MEDC,31.576952662245937,1933.9859061246627,43.9771066138356,2.401210771662782
Combination_074,60,32,1,0.2,PGAS,27.453553093423075,1466.4730214552683,38.29455602896146,1.6239969547812168
Combination_074,60,32,1,0.2,PTBA,28.648793098094654,3335.880062919435,57.757078033081235,1.1909158956467698
Combination_075,60,32,1,0.3,ADRO,43.710261426812465,3603.051959891183,60.02542761106482,2.391214096213814
Combination_075,60,32,1,0.3,BBCA,125.38492092768924,35261.64209196699,187.78083526272587,1.5198976284806698
Combination_075,60,32,1,0.3,BBNI,131.2920913250327,26209.458244477002,161.89335454081183,3.1296666646072744
Combination_075,60,32,1,0.3,BBRI,83.64333366986395,11043.646643896875,105.08875602982877,2.1667048689214607
Combination_075,60,32,1,0.3,BBTN,28.805761855432607,1700.1744531423665,41.23317175700126,2.3753695413880576
Combination_075,60,32,1,0.3,BMRI,130.51335500941855,24627.647964162497,156.93198515332207,2.7754623304190162
Combination_075,60,32,1,0.3,ITMG,290.79146564221213,136268.9393530856,369.1462303113572,1.288779465380599
Combination_075,60,32,1,0.3,MEDC,37.90502536220851,2600.9373948809844,50.999386220629994,2.869263541485024
Combination_075,60,32,1,0.3,PGAS,26.203153785184128,1352.6265010682876,36.77807092641331,1.5433720311896035
Combination_075,60,32,1,0.3,PTBA,30.578277688875474,3449.4828152621035,58.7322978884881,1.2736099146210247
Combination_076,60,32,1,0.4,ADRO,46.7970788955903,4306.6044462363625,65.62472435169813,2.5544500029116937
Combination_076,60,32,1,0.4,BBCA,148.23971473055772,45635.61660323001,213.62494377583815,1.8008613140166003
Combination_076,60,32,1,0.4,BBNI,97.49296214083117,15121.31996957532,122.96877640106581,2.2983210797627294
Combination_076,60,32,1,0.4,BBRI,94.8771241037514,13485.440098706367,116.12682764420273,2.4589823184922315
Combination_076,60,32,1,0.4,BBTN,31.837810983133554,1924.3455269609549,43.86736289043319,2.6511836075901707
Combination_076,60,32,1,0.4,BMRI,101.11890434361182,17288.30049484609,131.4849820125709,2.158373452490808
Combination_076,60,32,1,0.4,ITMG,281.8249327566126,128299.1088886026,358.1886498601018,1.247904588092292
Combination_076,60,32,1,0.4,MEDC,34.300765979244865,2190.222279360367,46.799810676544055,2.600954437473627
Combination_076,60,32,1,0.4,PGAS,34.21364712200575,2411.334435013172,49.10534018834583,2.0185149087680374
Combination_076,60,32,1,0.4,PTBA,35.0107821350475,3899.2362313450903,62.44386464133278,1.4615147358836353
Combination_077,60,32,2,0.1,ADRO,48.96946345033837,4521.858357206352,67.24476453380107,2.6817917629955144
Combination_077,60,32,2,0.1,BBCA,128.08249403246867,33885.877464744306,184.08117085879346,1.5557054758102002
Combination_077,60,32,2,0.1,BBNI,132.1442546775873,26136.140967548836,161.66675900613842,3.139221804837275
Combination_077,60,32,2,0.1,BBRI,77.7381278460118,10351.442199940757,101.74203752599392,2.021075705934315
Combination_077,60,32,2,0.1,BBTN,32.94811620918461,1813.0258753933801,42.579641560179674,2.7362990340268114
Combination_077,60,32,2,0.1,BMRI,154.7531419520754,35331.392414551796,187.96646619690384,3.2531701791072316
Combination_077,60,32,2,0.1,ITMG,387.1059849215069,234254.66150847747,483.99861725884864,1.7082707116076803
Combination_077,60,32,2,0.1,MEDC,35.57453881507543,2372.3112741752334,48.70637816729174,2.692277133267766
Combination_077,60,32,2,0.1,PGAS,26.278592854095006,1384.3114948910627,37.20633675721197,1.55081190681653
Combination_077,60,32,2,0.1,PTBA,28.71048659407835,3249.022535992145,57.000197683798824,1.1935523309858738
Combination_078,60,32,2,0.2,ADRO,46.749871926341996,4459.2292247913965,66.77746045479265,2.5499307073793838
Combination_078,60,32,2,0.2,BBCA,144.54531815412227,43530.36992565745,208.63932976708261,1.7550322846159685
Combination_078,60,32,2,0.2,BBNI,144.02290484888098,31483.89877335416,177.43702762770278,3.440608635242099
Combination_078,60,32,2,0.2,BBRI,106.40902452917726,16527.077477545045,128.55768151901717,2.7483548726801437
Combination_078,60,32,2,0.2,BBTN,33.596955178310544,2185.323361434516,46.74744229831741,2.7925785329420116
Combination_078,60,32,2,0.2,BMRI,122.16027749099315,25774.88478775355,160.54558476567817,2.609941788355008
Combination_078,60,32,2,0.2,ITMG,316.3189022661113,159706.9462704052,399.63351494889065,1.401258319095503
Combination_078,60,32,2,0.2,MEDC,33.4447295314915,2054.4923431902225,45.326508173366086,2.539728970527632
Combination_078,60,32,2,0.2,PGAS,24.83579474387408,1257.4091192413302,35.45996502030607,1.4656035851825724
Combination_078,60,32,2,0.2,PTBA,29.555861389251064,3593.421887875151,59.9451573346434,1.2295362823259401
Combination_079,60,32,2,0.3,ADRO,50.234517939120764,4738.887824562233,68.83958036306026,2.7550070066587558
Combination_079,60,32,2,0.3,BBCA,171.4989844993721,58654.1671419096,242.1862240960654,2.084787906309082
Combination_079,60,32,2,0.3,BBNI,138.06947148961135,29094.21045056369,170.57025077827518,3.286202937727619
Combination_079,60,32,2,0.3,BBRI,96.73620663232315,14422.752983970193,120.09476668019383,2.500543430763921
Combination_079,60,32,2,0.3,BBTN,39.97794311952105,2404.3591759997166,49.03426532537952,3.328266014599518
Combination_079,60,32,2,0.3,BMRI,126.81754941991763,25487.530452091876,159.64814578344428,2.708608327421382
Combination_079,60,32,2,0.3,ITMG,412.65518254727755,257648.4562041755,507.590835421775,1.817352626363823
Combination_079,60,32,2,0.3,MEDC,36.01477385286948,2310.626446154548,48.068975921633154,2.7217238477519468
Combination_079,60,32,2,0.3,PGAS,28.008033097219112,1509.9190961931038,38.85767744208477,1.654462199364814
Combination_079,60,32,2,0.3,PTBA,31.82500344493406,4336.537612874054,65.85239261313178,1.3231754165289817
Combination_080,60,32,2,0.4,ADRO,50.39905535767406,4575.050562694529,67.63912006150382,2.770768235244653
Combination_080,60,32,2,0.4,BBCA,218.19022356177402,101337.15437780206,318.33497196789745,2.632351575994584
Combination_080,60,32,2,0.4,BBNI,129.07705554001626,25141.07282510795,158.5593668791218,3.049022315262569
Combination_080,60,32,2,0.4,BBRI,103.18126069081525,15726.273270706466,125.40443879985455,2.669515921050264
Combination_080,60,32,2,0.4,BBTN,41.45004304747037,3185.5278923342876,56.440480971854655,3.4340333340816853
Combination_080,60,32,2,0.4,BMRI,152.27202267312322,35221.447070549395,187.6737783243823,3.302858449871751
Combination_080,60,32,2,0.4,ITMG,355.54596766722307,193018.05732112372,439.33820380331565,1.5701688179452407
Combination_080,60,32,2,0.4,MEDC,50.46198141674343,4265.438297206658,65.31032305238321,3.764892479279153
Combination_080,60,32,2,0.4,PGAS,28.998485263303024,1577.3080809955977,39.715338107532176,1.7113103125394276
Combination_080,60,32,2,0.4,PTBA,33.17922004585643,4919.6317704704115,70.14008675836102,1.3821664354331726
Combination_081,60,32,3,0.1,ADRO,67.17097989142802,7370.817610270012,85.85346591879684,3.6605855762629225
Combination_081,60,32,3,0.1,BBCA,135.17033313890153,40762.603045990436,201.89750628967766,1.635572477212704
Combination_081,60,32,3,0.1,BBNI,150.606207092889,34934.9629384296,186.9089696575036,3.5813040799381586
Combination_081,60,32,3,0.1,BBRI,130.7203793229974,23901.2912412605,154.60042445368802,3.383887525874195
Combination_081,60,32,3,0.1,BBTN,31.543161734846002,2052.301367828735,45.30233291817028,2.6024438401267886
Combination_081,60,32,3,0.1,BMRI,149.0939675989768,35545.95768809675,188.5363564093057,3.169858723778806
Combination_081,60,32,3,0.1,ITMG,506.06894261545415,398832.09213391726,631.5315448446872,2.2220838932428224
Combination_081,60,32,3,0.1,MEDC,32.65580502885393,1928.8842886397908,43.91906520680729,2.4915604741040664
Combination_081,60,32,3,0.1,PGAS,27.110666559754502,1449.9837823633973,38.07865258072293,1.6039063359765053
Combination_081,60,32,3,0.1,PTBA,30.950943382738306,3870.7910991653225,62.21568209997639,1.2860655563257484
Combination_082,60,32,3,0.2,ADRO,57.92236163997822,5827.899854340887,76.34068282600626,3.163310909012959
Combination_082,60,32,3,0.2,BBCA,149.38726161452502,47663.60693237323,218.31996457578776,1.8068688069625676
Combination_082,60,32,3,0.2,BBNI,148.1322920751229,33410.52152453191,182.7854521687432,3.498834748355615
Combination_082,60,32,3,0.2,BBRI,91.22495844644044,13404.361661410045,115.77720700297638,2.376837173743654
Combination_082,60,32,3,0.2,BBTN,37.58491155066808,2432.312531759722,49.3184806310953,3.123693422579628
Combination_082,60,32,3,0.2,BMRI,195.83067492186584,63432.87295735266,251.8588353767893,4.093839726223247
Combination_082,60,32,3,0.2,ITMG,528.3840059483651,425156.8686734717,652.0405422007681,2.321422299038619
Combination_082,60,32,3,0.2,MEDC,36.638454193290315,2509.9672119217166,50.09957297145073,2.7750735032535565
Combination_082,60,32,3,0.2,PGAS,28.837953162707866,1586.995403900947,39.83711088797664,1.701917253389329
Combination_082,60,32,3,0.2,PTBA,30.326949197182554,3615.183302510822,60.12639439140536,1.2601727952766661
Combination_083,60,32,3,0.3,ADRO,59.63024653708766,6428.402257516879,80.17731759991025,3.290566441629926
Combination_083,60,32,3,0.3,BBCA,275.5937801526604,133094.06023209676,364.8205863600583,3.3359414478037155
Combination_083,60,32,3,0.3,BBNI,143.7959358503493,31808.23041485153,178.34862044560796,3.399442731496504
Combination_083,60,32,3,0.3,BBRI,145.22095496189138,29396.30383232,171.45350341220794,3.784725707111881
Combination_083,60,32,3,0.3,BBTN,39.03462795881813,3063.809773802384,55.351691697746546,3.218068957307183
Combination_083,60,32,3,0.3,BMRI,145.79165915791071,36192.03247676533,190.24203656596333,3.086288605757362
Combination_083,60,32,3,0.3,ITMG,475.5244884666779,349298.04900298006,591.0144236843802,2.089244497345697
Combination_083,60,32,3,0.3,MEDC,41.0232422828345,3170.7435358394578,56.30935566883586,3.0962848406801182
Combination_083,60,32,3,0.3,PGAS,47.653607430217924,4013.9693436864195,63.35589430894666,2.818223148572249
Combination_083,60,32,3,0.3,PTBA,37.73377423663791,4960.078113935092,70.42782201612579,1.5759361230371582
Combination_084,60,32,3,0.4,ADRO,61.02565058165318,6113.648754166799,78.18982513196202,3.366672894933832
Combination_084,60,32,3,0.4,BBCA,278.1541641860556,117074.8432657112,342.16201318339125,3.440895272248924
Combination_084,60,32,3,0.4,BBNI,144.6483646708427,32593.53766438034,180.5368041823615,3.432530093260339
Combination_084,60,32,3,0.4,BBRI,165.62112020736973,39635.703646515656,199.08717599713864,4.338419574063463
Combination_084,60,32,3,0.4,BBTN,38.19466370821105,3039.711766001844,55.13358110989929,3.1284558116249728
Combination_084,60,32,3,0.4,BMRI,182.00298059972928,52847.98958147935,229.88690606791712,3.8967883811608677
Combination_084,60,32,3,0.4,ITMG,507.87662233380104,414073.45961645764,643.485399691755,2.2274652369671086
Combination_084,60,32,3,0.4,MEDC,54.057978319044594,5090.199102324283,71.34563127707457,4.053835572153572
Combination_084,60,32,3,0.4,PGAS,28.941757250175193,1596.256176400123,39.95317479750668,1.7045772839563305
Combination_084,60,32,3,0.4,PTBA,34.74137606059047,5190.004911719149,72.04168870674222,1.4477128486134572
Combination_085,60,64,1,0.1,ADRO,41.91144192015097,3495.527155706419,59.122983311961,2.2870635078146835
Combination_085,60,64,1,0.1,BBCA,109.2714778296381,24023.442344594176,154.99497522369612,1.32990312971287
Combination_085,60,64,1,0.1,BBNI,66.7764991650479,7965.321876436569,89.24865195865185,1.5829220756065219
Combination_085,60,64,1,0.1,BBRI,75.93803603526659,9668.417017767233,98.3281089911081,1.9706870347940078
Combination_085,60,64,1,0.1,BBTN,27.957862584212283,1395.1265260663786,37.35139255859651,2.3178571873154654
Combination_085,60,64,1,0.1,BMRI,78.95490719260074,9773.416698400146,98.86059224180354,1.6905682327259821
Combination_085,60,64,1,0.1,ITMG,312.5960251303026,144712.08092414198,380.4104111668633,1.382909852301222
Combination_085,60,64,1,0.1,MEDC,37.19599618051707,2482.202739379884,49.82170951884213,2.817334488884651
Combination_085,60,64,1,0.1,PGAS,23.30096356302713,1112.0118863182138,33.34684222408793,1.3673485197566133
Combination_085,60,64,1,0.1,PTBA,24.819920969952783,2470.2252510144967,49.70136065556452,1.0281973718406185
Combination_086,60,64,1,0.2,ADRO,39.738639743744045,3181.0675694287306,56.40095362162532,2.16497922172879
Combination_086,60,64,1,0.2,BBCA,116.78224469045936,27156.32773337022,164.79177083025178,1.420577981661996
Combination_086,60,64,1,0.2,BBNI,67.91727599480168,8422.871513114102,91.77620341414271,1.6034822402633688
Combination_086,60,64,1,0.2,BBRI,67.15746384360283,7958.484543058455,89.21033876775974,1.74194409659778
Combination_086,60,64,1,0.2,BBTN,31.31734284199886,1771.4044499363556,42.08805590587852,2.597222745605439
Combination_086,60,64,1,0.2,BMRI,77.93921623298588,10253.324640522174,101.2587015545932,1.6652440880405235
Combination_086,60,64,1,0.2,ITMG,230.09883320803254,89253.96445121402,298.75401997498545,1.0183585758916596
Combination_086,60,64,1,0.2,MEDC,34.61138221495264,2175.062553992098,46.63756590981242,2.62179350186354
Combination_086,60,64,1,0.2,PGAS,24.136119111836372,1180.2655588039881,34.35499321501881,1.4199208260877358
Combination_086,60,64,1,0.2,PTBA,26.875318236273827,2825.605062340828,53.15642070663551,1.1138217382116193
Combination_087,60,64,1,0.3,ADRO,38.18121595562792,2847.6476667597904,53.363355092795565,2.0801195789583877
Combination_087,60,64,1,0.3,BBCA,117.61526319191606,26653.93370660798,163.2603249617248,1.4323755873187773
Combination_087,60,64,1,0.3,BBNI,112.06582746917398,19680.22129561805,140.28621206525625,2.651861494507837
Combination_087,60,64,1,0.3,BBRI,70.15325272241945,8605.135858604735,92.76387151582632,1.817808091291195
Combination_087,60,64,1,0.3,BBTN,29.977169228045053,1824.2615843654871,42.71137535090022,2.467083882910472
Combination_087,60,64,1,0.3,BMRI,106.81352126512589,19080.763022953834,138.13313513764115,2.2729731502017234
Combination_087,60,64,1,0.3,ITMG,203.41950502755847,77486.94125385048,278.3647629529472,0.9010635218843717
Combination_087,60,64,1,0.3,MEDC,36.39405875587573,2367.702427668796,48.6590426094554,2.7558807144916253
Combination_087,60,64,1,0.3,PGAS,25.109953674481055,1263.9877115006411,35.552604848317955,1.4808634764384614
Combination_087,60,64,1,0.3,PTBA,28.430622835382284,3088.636215261465,55.5755001350547,1.1808190041721633
Combination_088,60,64,1,0.4,ADRO,39.10502886761437,2970.529100432589,54.50256049427943,2.1299216012386673
Combination_088,60,64,1,0.4,BBCA,132.7179384681818,33978.837666227984,184.3334957793292,1.6175769606591783
Combination_088,60,64,1,0.4,BBNI,119.46545125769191,19942.585709612373,141.21822017577043,2.7896122748338295
Combination_088,60,64,1,0.4,BBRI,81.09567883629951,10707.479562641305,103.47695184262679,2.103344790457056
Combination_088,60,64,1,0.4,BBTN,32.62436103492108,2133.745066363662,46.192478460931945,2.7008471334800523
Combination_088,60,64,1,0.4,BMRI,104.5352211487378,18247.948307237653,135.08496699202934,2.2164553775996856
Combination_088,60,64,1,0.4,ITMG,325.458645616933,165025.01498528544,406.23271038320564,1.4451321748617847
Combination_088,60,64,1,0.4,MEDC,36.607378941294705,2352.620136473611,48.50381568983631,2.767023005987807
Combination_088,60,64,1,0.4,PGAS,25.056391688559547,1322.735049873974,36.36942465690066,1.4715108514951982
Combination_088,60,64,1,0.4,PTBA,28.284229715522244,3146.6676987551214,56.09516644734305,1.175861004579024
Combination_089,60,64,2,0.1,ADRO,45.53435353602437,4052.5184829122063,63.65939430211543,2.489525702528478
Combination_089,60,64,2,0.1,BBCA,115.88628574884191,27206.772370504812,164.94475551076127,1.4085147276494303
Combination_089,60,64,2,0.1,BBNI,78.65290545731148,9381.725760226129,96.85930910462932,1.8734107959554076
Combination_089,60,64,2,0.1,BBRI,113.63556676342895,18526.408111716,136.11174861750914,2.946167278221718
Combination_089,60,64,2,0.1,BBTN,29.444977703084085,1710.3331709461381,41.356174520210864,2.4274594808184005
Combination_089,60,64,2,0.1,BMRI,84.67872350335978,11336.697995503775,106.47393106062994,1.8074334269349357
Combination_089,60,64,2,0.1,ITMG,209.94748944858853,80386.19972522439,283.5246016225477,0.928980321583325
Combination_089,60,64,2,0.1,MEDC,33.13084295717035,2065.095197776817,45.443318516332155,2.516877067771375
Combination_089,60,64,2,0.1,PGAS,24.041201622366028,1140.2851356905949,33.768108263428005,1.413327911651908
Combination_089,60,64,2,0.1,PTBA,23.839576172528506,2416.230610226658,49.15516870306375,0.9896464662360049
Combination_090,60,64,2,0.2,ADRO,47.469102381695116,4200.208135173997,64.8090127619145,2.5932698760450434
Combination_090,60,64,2,0.2,BBCA,120.38746287282417,30572.34462129405,174.84949133839095,1.4609927204609479
Combination_090,60,64,2,0.2,BBNI,127.6453771865626,24526.045848393544,156.6079367349993,3.055595387076234
Combination_090,60,64,2,0.2,BBRI,73.98833806977404,9436.685927481421,97.14260613902337,1.9201878117861184
Combination_090,60,64,2,0.2,BBTN,33.369293341396606,1931.9582829054307,43.95404740072785,2.766810016858876
Combination_090,60,64,2,0.2,BMRI,100.33053993321147,16905.711709089537,130.02196625605052,2.145289427716891
Combination_090,60,64,2,0.2,ITMG,312.31163686556795,165743.55819467444,407.1161482853197,1.3827717701546265
Combination_090,60,64,2,0.2,MEDC,33.17763137268725,1943.3809489686143,44.083794629870674,2.513783206487686
Combination_090,60,64,2,0.2,PGAS,25.000511742324267,1300.4913078314416,36.06232532479626,1.4732863155907483
Combination_090,60,64,2,0.2,PTBA,31.137181152757123,3995.202016533514,63.20761043207941,1.2942151032575007
Combination_091,60,64,2,0.3,ADRO,47.08524251423725,4120.482897478421,64.19098766554711,2.576410868334637
Combination_091,60,64,2,0.3,BBCA,160.5351881007496,50393.273475150585,224.48446154500445,1.9524524988795624
Combination_091,60,64,2,0.3,BBNI,75.58497471775088,9489.123855734939,97.41213402720905,1.7956705604909102
Combination_091,60,64,2,0.3,BBRI,82.28497977367334,11255.363327929514,106.09129713567232,2.1318122397482933
Combination_091,60,64,2,0.3,BBTN,32.85451505823587,2030.8311555048876,45.064744041266756,2.7233611968074705
Combination_091,60,64,2,0.3,BMRI,116.03150913612438,23736.776583268245,154.06744167171806,2.465034581768941
Combination_091,60,64,2,0.3,ITMG,326.24916835225736,166359.89845735262,407.87240462839924,1.4427382717841113
Combination_091,60,64,2,0.3,MEDC,35.51316484496301,2316.9747819020495,48.134964234972166,2.6854770386500206
Combination_091,60,64,2,0.3,PGAS,24.710875963993196,1246.7370685721444,35.309164087700296,1.456522580061637
Combination_091,60,64,2,0.3,PTBA,27.71239580117541,3063.536755854838,55.349225431390074,1.1492460484988611
Combination_092,60,64,2,0.4,ADRO,49.12882326961423,4691.745752736842,68.49631926415347,2.6849499350031945
Combination_092,60,64,2,0.4,BBCA,170.65114909581996,58043.90944486713,240.92303635158495,2.0743060129981052
Combination_092,60,64,2,0.4,BBNI,129.60741314098993,25272.253642761585,158.97249335266017,3.0833792537344804
Combination_092,60,64,2,0.4,BBRI,94.20803069191547,13670.632016578538,116.92147799518503,2.436887466634384
Combination_092,60,64,2,0.4,BBTN,32.47292433676884,2144.069644253128,46.30409964844504,2.680957425722785
Combination_092,60,64,2,0.4,BMRI,128.72441836612686,25106.89391923094,158.45155069998822,2.756688422226335
Combination_092,60,64,2,0.4,ITMG,467.4105083020469,323280.00279054436,568.577173997114,2.05671746047864
Combination_092,60,64,2,0.4,MEDC,40.299312988457984,3007.2092355488667,54.83802727623293,3.0385650529244463
Combination_092,60,64,2,0.4,PGAS,25.89555189763899,1356.259678852556,36.82743106507099,1.5225227625871287
Combination_092,60,64,2,0.4,PTBA,33.38755435759215,4366.511912668039,66.07958771563302,1.3921717482207645
Combination_093,60,64,3,0.1,ADRO,53.201603399549484,5421.104110914438,73.62814754504176,2.9077011573823452
Combination_093,60,64,3,0.1,BBCA,132.17595563518051,36637.92068748329,191.4103463438779,1.6018803698627788
Combination_093,60,64,3,0.1,BBNI,133.62102107178396,28346.318686654817,168.3636501346262,3.1509037354459744
Combination_093,60,64,3,0.1,BBRI,139.47110998072094,26627.26111578173,163.17861721371992,3.6142023403651886
Combination_093,60,64,3,0.1,BBTN,35.710364728297584,2180.6513506728634,46.697444798113565,2.9602830858649947
Combination_093,60,64,3,0.1,BMRI,172.6658836736095,44203.145574693684,210.2454412697067,3.6510504344295724
Combination_093,60,64,3,0.1,ITMG,459.1058251133068,322767.8899318353,568.1266495525758,2.0190809727652903
Combination_093,60,64,3,0.1,MEDC,39.793213313888984,2927.934160539663,54.11038865633533,3.001519492010073
Combination_093,60,64,3,0.1,PGAS,25.12616687541384,1199.8369524792931,34.6386626831824,1.4816599883811472
Combination_093,60,64,3,0.1,PTBA,30.655218102305913,3774.019259655724,61.43304696704961,1.2725890894230534
Combination_094,60,64,3,0.2,ADRO,56.40164152966989,5427.50529441387,73.67160439690363,3.0980907748561815
Combination_094,60,64,3,0.2,BBCA,126.67573725148065,34910.1594678113,186.84260613631812,1.5341681078034413
Combination_094,60,64,3,0.2,BBNI,140.93381679315365,30824.715248981134,175.56968772820989,3.3460356038320214
Combination_094,60,64,3,0.2,BBRI,136.08266316412838,25378.09095497103,159.3050248892703,3.51410866517839
Combination_094,60,64,3,0.2,BBTN,37.646739216419796,2817.349447222066,53.07870992424426,3.0681288167144376
Combination_094,60,64,3,0.2,BMRI,131.24597532929272,30587.307746700513,174.89227469130967,2.7934787862450143
Combination_094,60,64,3,0.2,ITMG,243.6376587950068,103054.53894997919,321.0210880144468,1.077735705472696
Combination_094,60,64,3,0.2,MEDC,36.5426199249509,2356.690238853352,48.54575407647256,2.764273241383896
Combination_094,60,64,3,0.2,PGAS,27.023263783763632,1404.5515373608714,37.47734698935974,1.5973631353217455
Combination_094,60,64,3,0.2,PTBA,29.14440780127649,3283.8546859218477,57.30492723947783,1.2093888020402197
Combination_095,60,64,3,0.3,ADRO,58.186893306082986,6137.555043098847,78.3425493783477,3.200639642644475
Combination_095,60,64,3,0.3,BBCA,270.85756004928675,113199.84430756536,336.4518454512701,3.318266457586372
Combination_095,60,64,3,0.3,BBNI,141.76735411445023,30990.19573396948,176.0403241702579,3.367106720217629
Combination_095,60,64,3,0.3,BBRI,133.69617933515212,24343.621933643888,156.0244273620124,3.4519908426364267
Combination_095,60,64,3,0.3,BBTN,31.38235524394465,1805.9848662564116,42.496880665013656,2.593691117741343
Combination_095,60,64,3,0.3,BMRI,113.92212740808938,20915.111808402868,144.6205787860181,2.4448374620294597
Combination_095,60,64,3,0.3,ITMG,481.6279369292499,349723.95604855724,591.3746325710608,2.1186931826982542
Combination_095,60,64,3,0.3,MEDC,34.86812594966093,2356.8439441744526,48.54733714813257,2.649442767309397
Combination_095,60,64,3,0.3,PGAS,25.417452596074373,1268.9949747927776,35.622955727911986,1.5004535812220146
Combination_095,60,64,3,0.3,PTBA,32.207018899188625,4299.754649894243,65.57251443931553,1.3389999470454523
Combination_096,60,64,3,0.4,ADRO,61.267816408289434,6220.082104656755,78.867497137013,3.350049014713561
Combination_096,60,64,3,0.4,BBCA,179.19881796236513,72650.59518672465,269.5377435290365,2.1683798707833497
Combination_096,60,64,3,0.4,BBNI,155.72499292359944,36661.17822985118,191.47108980170134,3.7197662583430673
Combination_096,60,64,3,0.4,BBRI,133.09796919306953,24920.422472281378,157.86203619705842,3.4576939210668525
Combination_096,60,64,3,0.4,BBTN,31.37019667960503,1978.0470440280355,44.47524079786455,2.582017308622882
Combination_096,60,64,3,0.4,BMRI,122.53572571835066,24708.933178708336,157.19075411330127,2.616453433086021
Combination_096,60,64,3,0.4,ITMG,547.0253592236435,492007.3130274087,701.4323296137759,2.3965673378923937
Combination_096,60,64,3,0.4,MEDC,42.61430698215567,3530.5049866411287,59.41805269984139,3.218990989027795
Combination_096,60,64,3,0.4,PGAS,30.266962565964068,1725.8134242507742,41.54291063768611,1.77852496244271
Combination_096,60,64,3,0.4,PTBA,35.045915903161756,4311.0077427343485,65.65826484711843,1.4611705610116488
Combination_097,60,128,1,0.1,ADRO,43.982361719655486,3819.8259376954957,61.80474041443339,2.4017976499172393
Combination_097,60,128,1,0.1,BBCA,102.74327790994434,21956.662437235842,148.1778068309686,1.2489390940155518
Combination_097,60,128,1,0.1,BBNI,66.94854456743757,7722.043240942815,87.87515713182432,1.588247989301431
Combination_097,60,128,1,0.1,BBRI,89.6947426834394,12353.866205717059,111.14794737518574,2.3256853827886195
Combination_097,60,128,1,0.1,BBTN,32.04278514838305,1908.489998361344,43.686267846559566,2.655660835659814
Combination_097,60,128,1,0.1,BMRI,76.67278951020552,9478.18696694384,97.35598064291602,1.640520580286611
Combination_097,60,128,1,0.1,ITMG,183.75918366711784,66732.9438973776,258.32720316950287,0.8134914720139399
Combination_097,60,128,1,0.1,MEDC,29.19068651893068,1523.4024478101323,39.03078846001106,2.2086453343974504
Combination_097,60,128,1,0.1,PGAS,23.523357137501648,1097.3402918820666,33.12612702810376,1.380888975986663
Combination_097,60,128,1,0.1,PTBA,23.388038186503827,2269.797126529226,47.64238791800035,0.9696803816926922
Combination_098,60,128,1,0.2,ADRO,41.05970604063796,3336.8880421662743,57.76580339756623,2.236633604150961
Combination_098,60,128,1,0.2,BBCA,104.6912274429266,22617.27601155906,150.39041196685068,1.273702758764266
Combination_098,60,128,1,0.2,BBNI,65.85459421006901,7729.386312012239,87.91692847234961,1.5610872907631104
Combination_098,60,128,1,0.2,BBRI,74.15514462486935,9512.425848409654,97.53166587529229,1.9195657614672357
Combination_098,60,128,1,0.2,BBTN,32.084821712490644,1823.3311567933983,42.700481926945486,2.6624549542801956
Combination_098,60,128,1,0.2,BMRI,77.05353684133763,9845.286414253549,99.2234166628702,1.6445026691430442
Combination_098,60,128,1,0.2,ITMG,222.65941510311976,84228.14278864255,290.22085174680774,0.9846722911236141
Combination_098,60,128,1,0.2,MEDC,31.28270799815884,1771.0980955318169,42.08441630261512,2.379641710642957
Combination_098,60,128,1,0.2,PGAS,24.223867165956552,1158.3967910770907,34.03522867672687,1.4255834178389595
Combination_098,60,128,1,0.2,PTBA,25.806514919876193,2461.983270008792,49.61837633386236,1.0697600116416321
Combination_099,60,128,1,0.3,ADRO,42.577470623010356,3391.9936842470593,58.2408248932573,2.3265731113654073
Combination_099,60,128,1,0.3,BBCA,108.74642878342014,24934.415605232232,157.9063507438261,1.3223890438969481
Combination_099,60,128,1,0.3,BBNI,65.15835154828407,8101.240089666455,90.00688912336908,1.5391973925530915
Combination_099,60,128,1,0.3,BBRI,68.00272383578675,8059.190968159737,89.77299687634215,1.767530972734285
Combination_099,60,128,1,0.3,BBTN,32.408190551293906,1839.9325966449792,42.89443549745094,2.689110433885173
Combination_099,60,128,1,0.3,BMRI,111.5569503894812,18758.450750417258,136.9614936776657,2.3704677187965983
Combination_099,60,128,1,0.3,ITMG,193.32043736529866,71053.57129345358,266.5587576754018,0.8557208442839052
Combination_099,60,128,1,0.3,MEDC,36.90396013490031,2417.066625969351,49.16367181130139,2.7917205971308277
Combination_099,60,128,1,0.3,PGAS,23.70351911448745,1167.786525723793,34.172891679279836,1.392153594734933
Combination_099,60,128,1,0.3,PTBA,29.185367184791634,3075.8559302317844,55.46039965806038,1.2124129510347987
Combination_100,60,128,1,0.4,ADRO,41.72318467026134,3354.7823036403693,57.92048259157005,2.277814820096806
Combination_100,60,128,1,0.4,BBCA,108.32141892086683,24823.8566373359,157.55588417236564,1.3170604298967608
Combination_100,60,128,1,0.4,BBNI,112.21633075810165,18688.871345734373,136.70724686619351,2.6420296322742907
Combination_100,60,128,1,0.4,BBRI,76.96706496960616,9736.492747406865,98.67366795354708,1.9991840699923504
Combination_100,60,128,1,0.4,BBTN,31.257509093230247,1760.0849354207946,41.95336619892133,2.59198324458908
Combination_100,60,128,1,0.4,BMRI,94.36349384647468,15027.309172297952,122.58592566970302,2.0087335681326626
Combination_100,60,128,1,0.4,ITMG,205.75313859706338,82174.78743814508,286.66145091055597,0.9136324984295471
Combination_100,60,128,1,0.4,MEDC,35.57520135142759,2304.4391755447577,48.0045745272756,2.695618612720499
Combination_100,60,128,1,0.4,PGAS,24.523298431643465,1262.029067875712,35.52504845704946,1.4419932010158434
Combination_100,60,128,1,0.4,PTBA,27.892973055299237,2915.009017713398,53.990823458374834,1.157882955043312
Combination_101,60,128,2,0.1,ADRO,42.48503785124786,3547.6901947310835,59.56248982985083,2.3181881806400773
Combination_101,60,128,2,0.1,BBCA,113.8777898712981,26837.435687640515,163.8213529660908,1.384374360221353
Combination_101,60,128,2,0.1,BBNI,103.49168595650215,16988.699797007543,130.3407066000777,2.450521494036818
Combination_101,60,128,2,0.1,BBRI,97.13074481932152,14029.614789859057,118.44667487886292,2.5282712040844975
Combination_101,60,128,2,0.1,BBTN,26.19683646690024,1334.1995568602847,36.526696495307164,2.1596204435290356
Combination_101,60,128,2,0.1,BMRI,88.91760981340204,12199.653306801994,110.45204075435635,1.9018888777694285
Combination_101,60,128,2,0.1,ITMG,256.62318625681684,108067.26432479272,328.7358579844808,1.1355640145438421
Combination_101,60,128,2,0.1,MEDC,27.900059564789693,1423.79286583251,37.73317990618482,2.112223015495217
Combination_101,60,128,2,0.1,PGAS,23.500523550047276,1135.4500229242894,33.696439321155125,1.3771450810514083
Combination_101,60,128,2,0.1,PTBA,26.629875890857026,2605.5970389103827,51.045049112625826,1.1036735604812549
Combination_102,60,128,2,0.2,ADRO,43.574684147032904,3727.924086320438,61.05672842791725,2.3769642240542437
Combination_102,60,128,2,0.2,BBCA,111.34073495864864,26990.305134025613,164.28726406519044,1.3505511179803544
Combination_102,60,128,2,0.2,BBNI,73.97058205638864,9163.933959864995,95.7284386160403,1.7569728201027486
Combination_102,60,128,2,0.2,BBRI,69.48764472798122,8448.041575675716,91.91322851296061,1.8033887824542654
Combination_102,60,128,2,0.2,BBTN,29.370953938962906,1427.3724326041806,37.78058274569333,2.4312474787659784
Combination_102,60,128,2,0.2,BMRI,95.92030345107155,13645.245049146439,116.81286337191824,2.0615704844607885
Combination_102,60,128,2,0.2,ITMG,248.61325421136038,100407.89430526615,316.8720472134867,1.0995131722140536
Combination_102,60,128,2,0.2,MEDC,30.70018959980039,1660.5274181507666,40.749569545588656,2.325807610421467
Combination_102,60,128,2,0.2,PGAS,23.409398048044096,1092.170300519808,33.047999947346405,1.3740260982249932
Combination_102,60,128,2,0.2,PTBA,25.29311450586902,2646.443308322049,51.44359346237439,1.045772340101547
Combination_103,60,128,2,0.3,ADRO,49.47854790541768,4456.560689988782,66.75747665983775,2.712665139019441
Combination_103,60,128,2,0.3,BBCA,121.34319002036563,29533.961849205552,171.8544786998743,1.4740349474385999
Combination_103,60,128,2,0.3,BBNI,105.98462624515564,17379.699502075848,131.83208828686531,2.5186036842956527
Combination_103,60,128,2,0.3,BBRI,73.61849096283025,9424.650644929901,97.08063990791317,1.910224132238102
Combination_103,60,128,2,0.3,BBTN,32.136998835409734,1874.4638667126014,43.29507901266149,2.6562815543461333
Combination_103,60,128,2,0.3,BMRI,126.63182722793198,27309.3049393339,165.2552720470179,2.681785379725842
Combination_103,60,128,2,0.3,ITMG,267.3383928674587,116706.716162587,341.6236469604922,1.1834151664208437
Combination_103,60,128,2,0.3,MEDC,32.8353345284167,1932.0660253175897,43.95527300924873,2.4902060320476735
Combination_103,60,128,2,0.3,PGAS,25.501236195186905,1288.9604676049353,35.90209558793101,1.5066240261183614
Combination_103,60,128,2,0.3,PTBA,27.0943424384371,2802.253949651537,52.93631975923087,1.120893817022549
Combination_104,60,128,2,0.4,ADRO,45.82592858148995,4240.506011463246,65.11916777311613,2.499771363785304
Combination_104,60,128,2,0.4,BBCA,127.43212813310484,34903.955181684614,186.82600242387196,1.5456602596837692
Combination_104,60,128,2,0.4,BBNI,100.72345419753373,15865.185204847154,125.95707683511536,2.3921984234985487
Combination_104,60,128,2,0.4,BBRI,82.79946784099249,11308.135310197476,106.33971652302576,2.149555149257795
Combination_104,60,128,2,0.4,BBTN,30.129253284199837,1593.004310228035,39.91245808301006,2.4944893457240007
Combination_104,60,128,2,0.4,BMRI,100.90171301965232,16334.080542844422,127.80485336185173,2.163981675057216
Combination_104,60,128,2,0.4,ITMG,344.68129156090373,191735.98226491216,437.87667472121893,1.5236633606569268
Combination_104,60,128,2,0.4,MEDC,33.425175175343256,2022.8880103901859,44.97652732693116,2.5320222520221174
Combination_104,60,128,2,0.4,PGAS,24.337690631262678,1208.8558450806204,34.76860430159112,1.4277290923406567
Combination_104,60,128,2,0.4,PTBA,30.187899705102975,3660.0768427765674,60.49856893164141,1.2519422985229434
Combination_105,60,128,3,0.1,ADRO,54.151915821025725,5287.3184128466155,72.71394923153751,2.971139732951062
Combination_105,60,128,3,0.1,BBCA,123.03846388412032,29775.96670486878,172.5571404053416,1.4945957973080883
Combination_105,60,128,3,0.1,BBNI,132.08050918236057,26978.70255320594,164.25194840002948,3.1222994352324345
Combination_105,60,128,3,0.1,BBRI,66.34835037845261,7892.761543278602,88.8412153410713,1.72138884747245
Combination_105,60,128,3,0.1,BBTN,27.090610252888922,1392.2112027737803,37.312346519265986,2.234353150149187
Combination_105,60,128,3,0.1,BMRI,88.6715512031274,12078.25662041019,109.90112201615682,1.8960485456389435
Combination_105,60,128,3,0.1,ITMG,393.00052031553025,218984.67372466324,467.95798286241813,1.737495608003656
Combination_105,60,128,3,0.1,MEDC,29.90585327712353,1617.2785061438742,40.21540135500172,2.271138418666838
Combination_105,60,128,3,0.1,PGAS,25.542870065291137,1211.4139402904566,34.80537229064583,1.5093461453959893
Combination_105,60,128,3,0.1,PTBA,25.634870937616704,2588.326013067249,50.87559349105668,1.0607642456646023
Combination_106,60,128,3,0.2,ADRO,47.272728046388934,4003.772915504468,63.27537368917285,2.5847560415821427
Combination_106,60,128,3,0.2,BBCA,117.1465197205543,28571.14628099537,169.03001591727835,1.422190429601478
Combination_106,60,128,3,0.2,BBNI,142.80129202835857,31728.117655378574,178.12388288878776,3.365538569263261
Combination_106,60,128,3,0.2,BBRI,83.32319096754061,11545.203642120305,107.44860930752108,2.166086772926868
Combination_106,60,128,3,0.2,BBTN,32.736274517427745,1743.5785282725349,41.756179521988535,2.7132800130477492
Combination_106,60,128,3,0.2,BMRI,88.94788019519913,12198.329694062673,110.4460487933483,1.8972306237707286
Combination_106,60,128,3,0.2,ITMG,513.7910320282838,382698.0765604062,618.6259585245402,2.2621325893187145
Combination_106,60,128,3,0.2,MEDC,43.213894339634194,3220.468781116143,56.7491742769544,3.2587154392039657
Combination_106,60,128,3,0.2,PGAS,23.41066470249093,1113.896997422967,33.3750954668742,1.3695783754252289
Combination_106,60,128,3,0.2,PTBA,31.97856911866785,3875.0937767199857,62.25025121812751,1.3251856646098208
Combination_107,60,128,3,0.3,ADRO,55.86791097045803,6209.654340885412,78.80136001926243,3.058038375400831
Combination_107,60,128,3,0.3,BBCA,130.36854984734552,35087.96336451126,187.31781379386015,1.582954612217515
Combination_107,60,128,3,0.3,BBNI,136.9647444924005,29152.375087004002,170.7406661782834,3.2510247248215918
Combination_107,60,128,3,0.3,BBRI,102.59875766842154,15715.75491071883,125.36249403517317,2.655669052550049
Combination_107,60,128,3,0.3,BBTN,33.76701416851344,2031.5601275038734,45.07283136773053,2.7957838181174752
Combination_107,60,128,3,0.3,BMRI,131.92198294101,28480.33204553679,168.76116865421616,2.822950361914162
Combination_107,60,128,3,0.3,ITMG,241.95596353827605,100116.0080821184,316.41113773399064,1.0701059480216695
Combination_107,60,128,3,0.3,MEDC,39.33350935361738,2849.0203799472592,53.376215489178875,2.9718106903382484
Combination_107,60,128,3,0.3,PGAS,24.82415068921424,1166.0019928867641,34.14677133912903,1.4644525492369405
Combination_107,60,128,3,0.3,PTBA,31.647474683231586,3910.003490022257,62.530020710233714,1.312942645098477
Combination_108,60,128,3,0.4,ADRO,54.44295308304779,5537.412378879255,74.41379159053284,2.980334408934671
Combination_108,60,128,3,0.4,BBCA,133.98675688736725,36229.31888503571,190.34000862938856,1.627177882190132
Combination_108,60,128,3,0.4,BBNI,125.90531472679525,24634.4293847426,156.9535899071525,2.9823062956659077
Combination_108,60,128,3,0.4,BBRI,141.5741357525853,27444.344177812927,165.66334590914468,3.6693884508702417
Combination_108,60,128,3,0.4,BBTN,33.215860376580146,2284.349081395861,47.79486459229549,2.7418849006992896
Combination_108,60,128,3,0.4,BMRI,132.5890064968479,30178.66275734315,173.72007010516415,2.8205326630941396
Combination_108,60,128,3,0.4,ITMG,247.01387301194583,105193.93170976033,324.336139999477,1.0926372116374463
Combination_108,60,128,3,0.4,MEDC,33.874400976095394,2186.3397235125676,46.75831181204651,2.5836631341177885
Combination_108,60,128,3,0.4,PGAS,24.235653122551994,1181.7140606981425,34.37606813901413,1.424896191138546
Combination_108,60,128,3,0.4,PTBA,32.33850275441039,4198.049003036719,64.79235296728093,1.340984913263292
