time,open,high,low,close,Volume
2016-02-17,1494.4945,1518.59925,1484.8526,1508.95735,30831475
2016-02-18,1537.88305,1595.73445,1470.38975,1475.2107,128809155
2016-02-19,1451.10595,1561.9878,1431.82215,1451.10595,93089328
2016-02-22,1475.2107,1508.95735,1402.89645,1412.53835,58628382
2016-02-23,1417.3593,1431.82215,1378.7917,1398.0755,36928613
2016-02-24,1427.0012,1537.88305,1427.0012,1537.88305,52569306
2016-02-25,1561.9878,1566.80875,1508.95735,1552.3459,18683350
2016-02-26,1561.9878,1624.66015,1552.3459,1610.1973,51665439
2016-02-29,1610.1973,1629.4811,1576.45065,1600.5554,23557078
2016-03-01,1619.8392,1619.8392,1542.704,1542.704,10730146
2016-03-02,1581.2716,1590.9135,1552.3459,1571.6297,32178927
2016-03-03,1590.9135,1615.01825,1571.6297,1610.1973,22518175
2016-03-04,1624.66015,1624.66015,1586.09255,1619.8392,18279177
2016-03-07,1619.8392,1643.94395,1619.8392,1619.8392,26632925
2016-03-08,1619.8392,1624.66015,1595.73445,1615.01825,18174322
2016-03-10,1658.4068,1658.4068,1566.80875,1600.5554,23244796
2016-03-11,1590.9135,1648.7649,1586.09255,1639.123,25556684
2016-03-14,1639.123,1663.22775,1615.01825,1634.30205,14232983
2016-03-15,1648.7649,1687.3325,1634.30205,1687.3325,27288812
2016-03-16,1682.51155,1696.9744,1677.6906,1692.15345,5928603
2016-03-17,1701.79535,1706.6163,1687.3325,1687.3325,7061989
2016-03-18,1706.6163,1725.9001,1677.6906,1696.9744,21290305
2016-03-21,1730.72105,1730.72105,1692.15345,1725.9001,13644509
2016-03-22,1735.542,1798.21435,1735.542,1774.1096,53752891
2016-03-23,1783.7515,1788.57245,1745.1839,1759.64675,12741990
2016-03-24,1759.64675,1764.4677,1692.15345,1696.9744,17696823
2016-03-28,1682.51155,1711.43725,1672.86965,1682.51155,6569348
2016-03-29,1663.22775,1692.15345,1639.123,1639.123,4735166
2016-03-30,1687.3325,1687.3325,1658.4068,1668.0487,15671807
2016-03-31,1696.9744,1730.72105,1653.58585,1682.51155,31134838
2016-04-01,1677.6906,1682.51155,1643.94395,1668.0487,7314429
2016-04-04,1696.9744,1696.9744,1624.66015,1653.58585,23643991
2016-04-05,1663.22775,1687.3325,1653.58585,1668.0487,13876725
2016-04-06,1682.51155,1692.15345,1672.86965,1682.51155,8814134
2016-04-07,1701.79535,1701.79535,1677.6906,1677.6906,20525000
2016-04-08,1668.0487,1672.86965,1571.6297,1634.30205,42821124
2016-04-11,1653.58585,1653.58585,1566.80875,1629.4811,21453862
2016-04-12,1615.01825,1634.30205,1590.9135,1619.8392,22022526
2016-04-13,1639.123,1643.94395,1629.4811,1639.123,36382662.99999999
2016-04-14,1653.58585,1677.6906,1648.7649,1672.86965,25727294
2016-04-15,1668.0487,1672.86965,1629.4811,1634.30205,17044151
2016-04-18,1634.30205,1658.4068,1624.66015,1648.7649,18536699
2016-04-19,1653.58585,1658.4068,1643.94395,1658.4068,23730281
2016-04-20,1648.7649,1668.0487,1639.123,1658.4068,27682718
2016-04-21,1658.4068,1668.0487,1648.7649,1658.4068,15241498
2016-04-22,1668.0487,1672.86965,1658.4068,1668.0487,8230431
2016-04-25,1682.51155,1687.3325,1668.0487,1668.0487,16528381
2016-04-26,1682.51155,1682.51155,1663.22775,1672.86965,20153496
2016-04-27,1672.86965,1701.79535,1672.86965,1687.3325,17517605
2016-04-28,1706.6163,1706.6163,1687.3325,1701.79535,17491676
2016-04-29,1701.79535,1716.2582,1677.6906,1696.9744,16224499
2016-05-02,1682.51155,1706.6163,1677.6906,1696.9744,4601790
2016-05-03,1711.43725,1725.9001,1696.9744,1725.9001,15827067
2016-05-04,1716.2582,1783.7515,1716.2582,1764.4677,21853369
2016-05-09,1783.7515,1817.49815,1716.2582,1798.21435,41263547
2016-05-10,1798.21435,1812.6772,1740.36295,1754.8258,13624181
2016-05-11,1754.8258,1774.1096,1750.00485,1759.64675,6309648
2016-05-12,1769.28865,1769.28865,1759.64675,1764.4677,5240668
2016-05-13,1764.4677,1774.1096,1740.36295,1750.00485,9453842
2016-05-16,1735.542,1750.00485,1692.15345,1701.79535,7273255
2016-05-17,1692.15345,1706.6163,1643.94395,1643.94395,9227538
2016-05-18,1634.30205,1658.4068,1624.66015,1639.123,26092782
2016-05-19,1639.123,1639.123,1566.80875,1581.2716,11739802
2016-05-20,1571.6297,1610.1973,1533.0621,1586.09255,22529376
2016-05-23,1586.09255,1610.1973,1581.2716,1586.09255,23073564
2016-05-24,1600.5554,1605.37635,1586.09255,1600.5554,11745299
2016-05-25,1619.8392,1639.123,1615.01825,1629.4811,16483058
2016-05-26,1639.123,1648.7649,1624.66015,1629.4811,9113556
2016-05-27,1639.123,1648.7649,1629.4811,1639.123,14348209
2016-05-30,1639.123,1682.51155,1639.123,1653.58585,25953494
2016-05-31,1658.4068,1663.22775,1639.123,1643.94395,12110579
2016-06-01,1643.94395,1677.6906,1643.94395,1658.4068,15875086
2016-06-02,1658.4068,1658.4068,1624.66015,1634.30205,20777751
2016-06-03,1648.7649,1653.58585,1634.30205,1639.123,8269635
2016-06-06,1653.58585,1658.4068,1639.123,1653.58585,15027950
2016-06-07,1658.4068,1682.51155,1639.123,1648.7649,21560169
2016-06-08,1658.4068,1658.4068,1600.5554,1605.37635,25860878
2016-06-09,1605.37635,1624.66015,1595.73445,1600.5554,14202698
2016-06-10,1600.5554,1619.8392,1595.73445,1610.1973,4605523
2016-06-13,1600.5554,1605.37635,1586.09255,1590.9135,5151578
2016-06-14,1590.9135,1605.37635,1547.52495,1571.6297,11061305
2016-06-15,1571.6297,1590.9135,1557.16685,1581.2716,8989099
2016-06-16,1581.2716,1600.5554,1571.6297,1586.09255,12613385
2016-06-17,1610.1973,1629.4811,1590.9135,1595.73445,16892002
2016-06-20,1600.5554,1605.37635,1571.6297,1600.5554,14023895
2016-06-21,1600.5554,1605.37635,1576.45065,1576.45065,13740445
2016-06-22,1590.9135,1639.123,1586.09255,1629.4811,38612099
2016-06-23,1639.123,1643.94395,1619.8392,1629.4811,11728912
2016-06-24,1624.66015,1634.30205,1504.1364,1605.37635,28460365
2016-06-27,1605.37635,1610.1973,1566.80875,1590.9135,18568124
2016-06-28,1590.9135,1648.7649,1590.9135,1639.123,33181841
2016-06-29,1658.4068,1668.0487,1639.123,1653.58585,22110165
2016-06-30,1658.4068,1672.86965,1634.30205,1653.58585,29342245
2016-07-01,1639.123,1668.0487,1629.4811,1629.4811,16341799
2016-07-11,1639.123,1663.22775,1639.123,1658.4068,15553054
2016-07-12,1672.86965,1764.4677,1668.0487,1745.1839,64968211.00000001
2016-07-13,1769.28865,1778.93055,1730.72105,1754.8258,28233854
2016-07-14,1759.64675,1783.7515,1750.00485,1754.8258,21497318
2016-07-15,1764.4677,1793.3934,1764.4677,1769.28865,15933996
2016-07-18,1793.3934,1793.3934,1735.542,1735.542,9133988
2016-07-19,1716.2582,1783.7515,1716.2582,1740.36295,21395782
2016-07-20,1754.8258,1774.1096,1735.542,1759.64675,12797788
2016-07-21,1769.28865,1803.0353,1759.64675,1783.7515,29174125
2016-07-22,1764.4677,1798.21435,1754.8258,1788.57245,8194131
2016-07-25,1807.85625,1831.961,1788.57245,1817.49815,20902104
2016-07-26,1831.961,1894.63335,1831.961,1880.1705,48912662
2016-07-27,1894.63335,1923.55905,1870.5286,1913.91715,36910152
2016-07-28,1913.91715,1957.3057,1884.99145,1928.38,17311318
2016-07-29,1957.3057,1957.3057,1889.8124,1904.27525,14650950
2016-08-01,1880.1705,2024.799,1880.1705,1976.5895,22565988
2016-08-02,2005.5152,2015.1571,1938.0219,1957.3057,19382590
2016-08-03,1938.0219,1947.6638,1894.63335,1899.4543,19335919
2016-08-04,1889.8124,1966.9476,1817.49815,1851.2448,66124311
2016-08-05,1831.961,1860.8867,1803.0353,1827.14005,106226262
2016-08-08,1831.961,1889.8124,1831.961,1884.99145,52665657
2016-08-09,1889.8124,1909.0962,1880.1705,1884.99145,29805017
2016-08-10,1889.8124,1894.63335,1856.06575,1875.34955,16678559
2016-08-11,1880.1705,1880.1705,1822.3191,1836.78195,18219852
2016-08-12,1841.6029,1851.2448,1812.6772,1822.3191,16492807
2016-08-15,1822.3191,1827.14005,1769.28865,1817.49815,17395948
2016-08-16,1817.49815,1860.8867,1817.49815,1851.2448,16959935
2016-08-18,1856.06575,1880.1705,1851.2448,1856.06575,25194826
2016-08-19,1875.34955,1909.0962,1860.8867,1870.5286,29119986
2016-08-22,1875.34955,1880.1705,1851.2448,1865.70765,5014571
2016-08-23,1865.70765,1884.99145,1831.961,1884.99145,30710648
2016-08-24,1889.8124,1923.55905,1870.5286,1913.91715,34867816
2016-08-25,1923.55905,1966.9476,1918.7381,1947.6638,48668830
2016-08-26,1947.6638,1957.3057,1909.0962,1918.7381,13021707
2016-08-29,1918.7381,1928.38,1870.5286,1909.0962,13649280
2016-08-30,1909.0962,1909.0962,1860.8867,1875.34955,20965473
2016-08-31,1851.2448,1938.0219,1851.2448,1938.0219,26499859
2016-09-01,1947.6638,1957.3057,1909.0962,1938.0219,28993559
2016-09-02,1938.0219,1947.6638,1913.91715,1913.91715,5552536
2016-09-05,1938.0219,1957.3057,1880.1705,1894.63335,13487590
2016-09-06,1904.27525,1938.0219,1904.27525,1918.7381,7082317
2016-09-07,1918.7381,1938.0219,1918.7381,1938.0219,14441033
2016-09-08,1947.6638,1947.6638,1928.38,1928.38,14395295
2016-09-09,1938.0219,1957.3057,1918.7381,1928.38,29322125
2016-09-13,1923.55905,1928.38,1894.63335,1928.38,14591522
2016-09-14,1918.7381,1918.7381,1822.3191,1851.2448,44111326
2016-09-15,1851.2448,1880.1705,1841.6029,1856.06575,27469689
2016-09-16,1870.5286,1894.63335,1870.5286,1880.1705,23065993
2016-09-19,1880.1705,1894.63335,1875.34955,1884.99145,10336240
2016-09-20,1889.8124,1894.63335,1831.961,1831.961,6220350
2016-09-21,1856.06575,1928.38,1831.961,1918.7381,22692104
2016-09-22,1928.38,1947.6638,1909.0962,1928.38,15315134
2016-09-23,1923.55905,1938.0219,1909.0962,1923.55905,8118005
2016-09-26,1923.55905,1923.55905,1870.5286,1889.8124,8769744
2016-09-27,1889.8124,1938.0219,1870.5286,1938.0219,13561953
2016-09-28,1918.7381,1923.55905,1904.27525,1904.27525,10488078
2016-09-29,1904.27525,1918.7381,1894.63335,1894.63335,7122869
2016-09-30,1894.63335,1894.63335,1846.42385,1851.2448,23725717
2016-10-03,1889.8124,1889.8124,1851.2448,1860.8867,14393843
2016-10-04,1860.8867,1923.55905,1860.8867,1909.0962,17906429
2016-10-05,1899.4543,1909.0962,1860.8867,1860.8867,8198487
2016-10-06,1865.70765,1894.63335,1851.2448,1880.1705,13476182
2016-10-07,1856.06575,1889.8124,1856.06575,1856.06575,9500824
2016-10-10,1860.8867,1875.34955,1851.2448,1851.2448,7090407
2016-10-11,1856.06575,1880.1705,1846.42385,1846.42385,7833103
2016-10-12,1846.42385,1856.06575,1836.78195,1846.42385,8615418
2016-10-13,1831.961,1865.70765,1831.961,1831.961,16181458
2016-10-14,1836.78195,1889.8124,1836.78195,1880.1705,18654725
2016-10-17,1884.99145,1904.27525,1870.5286,1870.5286,12013503
2016-10-18,1865.70765,1884.99145,1851.2448,1851.2448,8953836
2016-10-19,1870.5286,1870.5286,1846.42385,1851.2448,5253010
2016-10-20,1870.5286,1870.5286,1851.2448,1851.2448,8809363
2016-10-21,1870.5286,1870.5286,1841.6029,1841.6029,7494166
2016-10-24,1865.70765,1880.1705,1860.8867,1870.5286,5717234
2016-10-25,1889.8124,1909.0962,1856.06575,1870.5286,20903348
2016-10-26,1880.1705,1880.1705,1856.06575,1865.70765,6870430
2016-10-27,1865.70765,1880.1705,1851.2448,1870.5286,6792022
2016-10-28,1870.5286,1880.1705,1851.2448,1851.2448,7388170
2016-10-31,1851.2448,1856.06575,1841.6029,1841.6029,5446851
2016-11-01,1851.2448,1870.5286,1836.78195,1841.6029,8688432
2016-11-02,1841.6029,1851.2448,1812.6772,1822.3191,14563208
2016-11-03,1822.3191,1846.42385,1783.7515,1793.3934,13808896
2016-11-04,1788.57245,1827.14005,1778.93055,1803.0353,11163982
2016-11-07,1803.0353,1812.6772,1783.7515,1807.85625,13005942
2016-11-08,1831.961,1856.06575,1822.3191,1851.2448,14784845
2016-11-09,1851.2448,1860.8867,1783.7515,1812.6772,19491593
2016-11-10,1822.3191,1841.6029,1817.49815,1817.49815,8484323
2016-11-11,1745.1839,1745.1839,1682.51155,1696.9744,29345875
2016-11-14,1648.7649,1663.22775,1542.704,1600.5554,55362117
2016-11-15,1610.1973,1629.4811,1561.9878,1566.80875,53446312
2016-11-16,1610.1973,1653.58585,1600.5554,1624.66015,36251879
2016-11-17,1629.4811,1643.94395,1619.8392,1619.8392,13941131
2016-11-18,1619.8392,1629.4811,1590.9135,1600.5554,8785716
2016-11-21,1586.09255,1610.1973,1576.45065,1595.73445,16595380
2016-11-22,1581.2716,1639.123,1581.2716,1639.123,8407471
2016-11-23,1639.123,1677.6906,1624.66015,1658.4068,15431087
2016-11-24,1629.4811,1643.94395,1590.9135,1590.9135,9056098
2016-11-25,1590.9135,1610.1973,1566.80875,1576.45065,11169893
2016-11-28,1576.45065,1590.9135,1542.704,1542.704,5723042
2016-11-29,1537.88305,1595.73445,1533.0621,1561.9878,13338138
2016-11-30,1561.9878,1600.5554,1561.9878,1590.9135,19033696
2016-12-01,1581.2716,1600.5554,1561.9878,1576.45065,23825594
2016-12-02,1571.6297,1619.8392,1566.80875,1610.1973,15354546
2016-12-05,1610.1973,1634.30205,1600.5554,1600.5554,13900787
2016-12-06,1600.5554,1721.07915,1600.5554,1696.9744,35878405
2016-12-07,1711.43725,1769.28865,1701.79535,1740.36295,44542050
2016-12-08,1750.00485,1754.8258,1696.9744,1711.43725,15621609
2016-12-09,1711.43725,1716.2582,1663.22775,1668.0487,12779120
2016-12-13,1668.0487,1682.51155,1624.66015,1653.58585,22695837
2016-12-14,1682.51155,1711.43725,1668.0487,1668.0487,12081747
2016-12-15,1639.123,1692.15345,1634.30205,1653.58585,8511600
2016-12-16,1653.58585,1668.0487,1634.30205,1639.123,11042740
2016-12-19,1639.123,1643.94395,1605.37635,1619.8392,9636378
2016-12-20,1619.8392,1619.8392,1590.9135,1595.73445,4108733
2016-12-21,1595.73445,1619.8392,1576.45065,1590.9135,5732065
2016-12-22,1586.09255,1600.5554,1557.16685,1571.6297,6122963
2016-12-23,1571.6297,1595.73445,1552.3459,1571.6297,6565510
2016-12-27,1595.73445,1600.5554,1576.45065,1586.09255,5447888
2016-12-28,1590.9135,1701.79535,1590.9135,1682.51155,16837967
2016-12-29,1687.3325,1721.07915,1677.6906,1706.6163,16674410
2016-12-30,1716.2582,1725.9001,1677.6906,1677.6906,13069415
2017-01-03,1682.51155,1687.3325,1634.30205,1639.123,5836401
2017-01-04,1648.7649,1725.9001,1643.94395,1721.07915,20459453
2017-01-05,1735.542,1750.00485,1706.6163,1706.6163,24935230
2017-01-06,1725.9001,1778.93055,1721.07915,1759.64675,30232319
2017-01-09,1774.1096,1783.7515,1750.00485,1754.8258,11122704
2017-01-10,1759.64675,1774.1096,1750.00485,1769.28865,17486491
2017-01-11,1774.1096,1783.7515,1764.4677,1774.1096,17806448
2017-01-12,1783.7515,1831.961,1778.93055,1817.49815,29892241
2017-01-13,1817.49815,1841.6029,1812.6772,1831.961,21069913
2017-01-16,1831.961,1831.961,1788.57245,1812.6772,13561227
2017-01-17,1798.21435,1846.42385,1774.1096,1831.961,15996328
2017-01-18,1831.961,1846.42385,1793.3934,1812.6772,15900704
2017-01-19,1812.6772,1841.6029,1807.85625,1812.6772,13663385
2017-01-20,1812.6772,1822.3191,1764.4677,1822.3191,11284186
2017-01-23,1822.3191,1836.78195,1793.3934,1827.14005,15558655
2017-01-24,1831.961,1851.2448,1827.14005,1836.78195,21553635
2017-01-25,1846.42385,1860.8867,1831.961,1851.2448,16072765
2017-01-26,1851.2448,1860.8867,1836.78195,1836.78195,4195957
2017-01-27,1836.78195,1860.8867,1836.78195,1856.06575,9223597
2017-01-30,1836.78195,1856.06575,1836.78195,1841.6029,5837023
2017-01-31,1841.6029,1841.6029,1827.14005,1836.78195,6772420
2017-02-01,1827.14005,1846.42385,1807.85625,1822.3191,16508260
2017-02-02,1822.3191,1841.6029,1817.49815,1827.14005,14204358
2017-02-03,1822.3191,1836.78195,1817.49815,1822.3191,15085304
2017-02-06,1831.961,1851.2448,1827.14005,1836.78195,13963223
2017-02-07,1836.78195,1860.8867,1822.3191,1851.2448,18099855
2017-02-08,1851.2448,1860.8867,1827.14005,1831.961,9052157
2017-02-09,1831.961,1856.06575,1831.961,1846.42385,16201163
2017-02-10,1851.2448,1860.8867,1841.6029,1846.42385,14238687
2017-02-13,1846.42385,1894.63335,1836.78195,1889.8124,28710731
2017-02-14,1928.38,2005.5152,1913.91715,1957.3057,78862153
2017-02-16,1966.9476,2101.9342,1938.0219,2015.1571,58996048
2017-02-17,2015.1571,2101.9342,2015.1571,2092.2923,44127713
2017-02-20,2101.9342,2111.5761,2034.4409,2063.3666,15055746
2017-02-21,2063.3666,2092.2923,2034.4409,2073.0085,18569369
2017-02-22,2073.0085,2198.3532,2073.0085,2159.7856,44651054
2017-02-23,2169.4275,2198.3532,2111.5761,2130.8599,16350511
2017-02-24,2150.1437,2150.1437,2034.4409,2073.0085,13699789
2017-02-27,2101.9342,2101.9342,2005.5152,2015.1571,16881631
2017-02-28,2044.0828,2121.218,2024.799,2063.3666,29058173
2017-03-01,2063.3666,2073.0085,1976.5895,1986.2314,21233989
2017-03-02,2024.799,2063.3666,1995.8733,2044.0828,21439446
2017-03-03,2044.0828,2092.2923,2024.799,2034.4409,21796948
2017-03-06,2034.4409,2053.7247,1986.2314,1995.8733,10963814
2017-03-07,2005.5152,2015.1571,1928.38,1957.3057,26548086
2017-03-08,1957.3057,1995.8733,1947.6638,1976.5895,22744168
2017-03-09,2015.1571,2015.1571,1966.9476,2005.5152,20642611
2017-03-10,2015.1571,2063.3666,2015.1571,2063.3666,31466930
2017-03-13,2073.0085,2092.2923,2044.0828,2044.0828,15570167
2017-03-14,2063.3666,2188.7113,2063.3666,2179.0694,40931040
2017-03-15,2169.4275,2256.2046,2159.7856,2169.4275,27174104
2017-03-16,2169.4275,2236.9208,2169.4275,2217.637,12641284
2017-03-17,2246.5627,2256.2046,2150.1437,2179.0694,17553386
2017-03-20,2130.8599,2169.4275,2121.218,2121.218,23145749
2017-03-21,2169.4275,2179.0694,2140.5018,2169.4275,14671174
2017-03-22,2101.9342,2159.7856,1986.2314,2159.7856,78878021
2017-03-23,2159.7856,2256.2046,2140.5018,2236.9208,40275256
2017-03-24,2236.9208,2275.4884,2207.9951,2236.9208,28393470
2017-03-27,2207.9951,2217.637,2179.0694,2198.3532,17002872
2017-03-29,2227.2789,2236.9208,2198.3532,2227.2789,14679264
2017-03-30,2227.2789,2227.2789,2150.1437,2198.3532,13680083
2017-03-31,2198.3532,2207.9951,2159.7856,2188.7113,25719515
2017-04-03,2217.637,2217.637,2179.0694,2198.3532,9353239
2017-04-04,2217.637,2227.2789,2198.3532,2198.3532,9155664
2017-04-05,2207.9951,2207.9951,2188.7113,2188.7113,6259036
2017-04-06,2169.4275,2236.9208,2169.4275,2227.2789,20923262
2017-04-07,2227.2789,2285.1303,2198.3532,2236.9208,21975233
2017-04-10,2265.8465,2304.4141,2236.9208,2246.5627,17599643
2017-04-11,2246.5627,2265.8465,2227.2789,2236.9208,17966064
2017-04-12,2236.9208,2256.2046,2236.9208,2236.9208,11883757
2017-04-13,2256.2046,2256.2046,2188.7113,2198.3532,16494466
2017-04-17,2198.3532,2207.9951,2063.3666,2188.7113,8365882
2017-04-18,2198.3532,2236.9208,2179.0694,2207.9951,25336500
2017-04-20,2169.4275,2236.9208,2169.4275,2236.9208,7745153
2017-04-21,2265.8465,2275.4884,2236.9208,2246.5627,15589665
2017-04-25,2275.4884,2275.4884,2217.637,2265.8465,18580362
2017-04-26,2265.8465,2275.4884,2246.5627,2246.5627,8110849
2017-04-27,2246.5627,2256.2046,2227.2789,2246.5627,10120100
2017-04-28,2217.637,2236.9208,2150.1437,2217.637,9629222
2017-05-02,2227.2789,2236.9208,2207.9951,2217.637,6208527
2017-05-03,2198.3532,2217.637,2188.7113,2217.637,9346394
2017-05-04,2236.9208,2265.8465,2217.637,2265.8465,8948028
2017-05-05,2265.8465,2285.1303,2236.9208,2256.2046,6211016
2017-05-08,2256.2046,2362.2655,2256.2046,2352.6236,23723851
2017-05-09,2362.2655,2400.8331,2314.056,2362.2655,27006088
2017-05-10,2362.2655,2381.5493,2265.8465,2265.8465,13890519
2017-05-12,2304.4141,2314.056,2217.637,2227.2789,13962497
2017-05-15,2227.2789,2246.5627,2217.637,2227.2789,8318381
2017-05-16,2236.9208,2265.8465,2236.9208,2256.2046,10880013
2017-05-17,2275.4884,2362.2655,2246.5627,2342.9817,24292307
2017-05-18,2314.056,2323.6979,2265.8465,2314.056,12456258
2017-05-19,2333.3398,2555.1035,2285.1303,2439.4007,39575602
2017-05-22,2458.6845,2497.2521,2410.475,2458.6845,28530476
2017-05-23,2420.1169,2439.4007,2352.6236,2400.8331,20208257
2017-05-24,2371.9074,2410.475,2352.6236,2381.5493,9579336
2017-05-26,2352.6236,2420.1169,2333.3398,2410.475,11170516
2017-05-29,2381.5493,2420.1169,2371.9074,2371.9074,5830489
2017-05-30,2352.6236,2391.1912,2352.6236,2362.2655,8948028
2017-05-31,2342.9817,2429.7588,2342.9817,2410.475,13139630
2017-06-02,2410.475,2420.1169,2362.2655,2381.5493,10700276
2017-06-05,2362.2655,2420.1169,2362.2655,2381.5493,8005683
2017-06-06,2371.9074,2391.1912,2314.056,2333.3398,15575768
2017-06-07,2333.3398,2371.9074,2333.3398,2352.6236,10919113
2017-06-08,2352.6236,2458.6845,2352.6236,2420.1169,13977328
2017-06-09,2420.1169,2497.2521,2420.1169,2468.3264,13043279
2017-06-12,2468.3264,2497.2521,2458.6845,2477.9683,6136653
2017-06-13,2449.0426,2593.6711,2449.0426,2584.0292,12828799
2017-06-14,2593.6711,2612.9549,2574.3873,2603.313,19634408
2017-06-15,2612.9549,2612.9549,2497.2521,2603.313,5300407
2017-06-16,2603.313,2603.313,2477.9683,2545.4616,22147916
2017-06-19,2545.4616,2564.7454,2506.894,2564.7454,6587187
2017-06-20,2564.7454,2603.313,2535.8197,2564.7454,10752756
2017-06-21,2535.8197,2574.3873,2535.8197,2574.3873,10419004
2017-06-22,2593.6711,2593.6711,2506.894,2506.894,15638930
2017-07-03,2506.894,2535.8197,2468.3264,2506.894,19212499
2017-07-04,2506.894,2555.1035,2497.2521,2545.4616,15032929
2017-07-05,2545.4616,2555.1035,2429.7588,2506.894,17033157
2017-07-06,2477.9683,2506.894,2449.0426,2477.9683,27734678
2017-07-07,2477.9683,2477.9683,2381.5493,2410.475,17672243
2017-07-10,2314.056,2400.8331,2294.7722,2304.4141,24595048
2017-07-11,2314.056,2323.6979,2236.9208,2314.056,39260830
2017-07-12,2314.056,2410.475,2314.056,2400.8331,29467013
2017-07-13,2420.1169,2439.4007,2352.6236,2362.2655,23929515
2017-07-14,2362.2655,2420.1169,2352.6236,2381.5493,13814393
2017-07-17,2391.1912,2400.8331,2352.6236,2362.2655,10292162
2017-07-18,2381.5493,2381.5493,2323.6979,2342.9817,13312832
2017-07-19,2342.9817,2362.2655,2314.056,2314.056,18664059
2017-07-20,2342.9817,2362.2655,2314.056,2352.6236,8607017
2017-07-21,2352.6236,2362.2655,2314.056,2323.6979,7900413
2017-07-24,2314.056,2371.9074,2314.056,2352.6236,9331148
2017-07-25,2381.5493,2420.1169,2352.6236,2400.8331,20402410
2017-07-26,2400.8331,2410.475,2333.3398,2333.3398,12552194
2017-07-27,2342.9817,2439.4007,2342.9817,2429.7588,17476742
2017-07-28,2429.7588,2506.894,2391.1912,2497.2521,21028428
2017-07-31,2497.2521,2506.894,2468.3264,2506.894,15461060
2017-08-01,2506.894,2545.4616,2487.6102,2526.1778,21390286
2017-08-02,2545.4616,2555.1035,2497.2521,2545.4616,9876995
2017-08-03,2545.4616,2545.4616,2497.2521,2516.5359,6700028
2017-08-04,2506.894,2545.4616,2477.9683,2545.4616,13101670
2017-08-07,2555.1035,2574.3873,2506.894,2535.8197,10288843
2017-08-08,2555.1035,2593.6711,2526.1778,2574.3873,11112436
2017-08-09,2574.3873,2680.4482,2564.7454,2651.5225,23066511
2017-08-10,2661.1644,2661.1644,2632.2387,2641.8806,4328088
2017-08-11,2641.8806,2641.8806,2593.6711,2612.9549,4974227
2017-08-14,2612.9549,2651.5225,2612.9549,2641.8806,4640267
2017-08-15,2641.8806,2651.5225,2593.6711,2612.9549,11369958
2017-08-16,2593.6711,2632.2387,2574.3873,2584.0292,9845051
2017-08-18,2584.0292,2699.732,2555.1035,2699.732,23131747
2017-08-21,2719.0158,2757.5834,2719.0158,2728.6577,11761063
2017-08-22,2728.6577,2796.151,2728.6577,2796.151,21079662
2017-08-23,2854.0024,2921.4957,2786.5091,2796.151,25225940
2017-08-24,2815.4348,2844.3605,2699.732,2738.2996,10890384
2017-08-25,2738.2996,2796.151,2728.6577,2767.2253,10283035
2017-08-28,2786.5091,2854.0024,2786.5091,2825.0767,15542683
2017-08-29,2834.7186,2892.57,2815.4348,2844.3605,12222176
2017-08-30,2844.3605,2863.6443,2815.4348,2844.3605,10450222
2017-08-31,2873.2862,2902.2119,2844.3605,2902.2119,27094244
2017-09-04,2882.9281,2969.7052,2844.3605,2940.7795,14666403
2017-09-05,2950.4214,3066.1242,2950.4214,3046.8404,23674586
2017-09-06,3037.1985,3037.1985,2940.7795,2979.3471,13996515
2017-09-07,2969.7052,2988.989,2854.0024,2911.8538,15737354
2017-09-08,2950.4214,2950.4214,2882.9281,2892.57,15693587
2017-09-11,2892.57,2921.4957,2863.6443,2892.57,10646449
2017-09-12,2892.57,2988.989,2882.9281,2911.8538,21901699
2017-09-13,2911.8538,2960.0633,2911.8538,2950.4214,24621392
2017-09-14,2950.4214,3027.5566,2940.7795,3027.5566,18517408
2017-09-15,3027.5566,3181.827,3027.5566,3181.827,25508354
2017-09-18,3181.827,3220.3946,3152.9013,3152.9013,14891048
2017-09-19,3114.3337,3191.4689,3075.7661,3095.0499,13826216
2017-09-20,3104.6918,3143.2594,3095.0499,3095.0499,12932513
2017-09-22,3085.408,3172.1851,3037.1985,3143.2594,25350605
2017-09-25,3162.5432,3181.827,3133.6175,3152.9013,21444217
2017-09-26,3143.2594,3143.2594,3104.6918,3114.3337,10858440
2017-09-27,3133.6175,3133.6175,3037.1985,3066.1242,16901959
2017-09-28,3037.1985,3037.1985,2911.8538,2950.4214,28477167
2017-09-29,2988.989,3037.1985,2950.4214,3037.1985,20924402
2017-10-02,3056.4823,3056.4823,2921.4957,2921.4957,22335742
2017-10-03,2921.4957,2940.7795,2796.151,2825.0767,39160746
2017-10-04,2825.0767,2892.57,2825.0767,2834.7186,23703626
2017-10-05,2834.7186,2863.6443,2815.4348,2854.0024,17628475
2017-10-06,2854.0024,2940.7795,2854.0024,2902.2119,21079662
2017-10-09,2902.2119,2940.7795,2873.2862,2882.9281,10682749
2017-10-10,2882.9281,2902.2119,2854.0024,2854.0024,11100612
2017-10-11,2854.0024,2921.4957,2834.7186,2902.2119,18560449
2017-10-12,2902.2119,3037.1985,2892.57,3027.5566,34290855
2017-10-13,3037.1985,3056.4823,2940.7795,2940.7795,28585755
2017-10-16,2988.989,3017.9147,2950.4214,2960.0633,27903732
2017-10-17,2979.3471,3027.5566,2931.1376,2969.7052,15150437
2017-10-18,2988.989,2998.6309,2921.4957,2950.4214,7686244
2017-10-19,2979.3471,3008.2728,2960.0633,3008.2728,24176251
2017-10-20,3027.5566,3027.5566,2940.7795,2950.4214,16026509
2017-10-23,2979.3471,2998.6309,2931.1376,2950.4214,17418454
2017-10-24,2960.0633,2979.3471,2931.1376,2940.7795,9298685
2017-10-25,2950.4214,2960.0633,2882.9281,2892.57,17242763
2017-10-26,2911.8538,2940.7795,2863.6443,2863.6443,16898536
2017-10-27,2892.57,2902.2119,2709.3739,2728.6577,61962891
2017-10-30,2728.6577,2747.9415,2593.6711,2661.1644,114845103
2017-10-31,2661.1644,2719.0158,2641.8806,2661.1644,45542164
2017-11-01,2670.8063,2719.0158,2641.8806,2719.0158,20893703
2017-11-02,2738.2996,2786.5091,2719.0158,2757.5834,42929401
2017-11-03,2767.2253,2776.8672,2719.0158,2776.8672,18714257
2017-11-06,2776.8672,2815.4348,2767.2253,2815.4348,19521463
2017-11-07,2825.0767,2834.7186,2796.151,2796.151,11529677
2017-11-08,2805.7929,2854.0024,2776.8672,2786.5091,22190024
2017-11-09,2776.8672,2815.4348,2690.0901,2767.2253,31938310
2017-11-10,2767.2253,2825.0767,2767.2253,2805.7929,10624773
2017-11-13,2815.4348,2815.4348,2776.8672,2805.7929,13493502
2017-11-14,2863.6443,2931.1376,2844.3605,2844.3605,101590246
2017-11-15,2892.57,2892.57,2844.3605,2863.6443,25256744
2017-11-16,2873.2862,2873.2862,2825.0767,2834.7186,27385058
2017-11-17,2834.7186,2902.2119,2834.7186,2873.2862,35851543
2017-11-20,2892.57,2921.4957,2863.6443,2873.2862,26161752
2017-11-21,2882.9281,2892.57,2863.6443,2882.9281,19751397
2017-11-22,2882.9281,2960.0633,2873.2862,2960.0633,39913813
2017-11-23,2960.0633,2998.6309,2940.7795,2950.4214,20174343
2017-11-24,2979.3471,2988.989,2940.7795,2960.0633,17138323
2017-11-27,2979.3471,3008.2728,2969.7052,2988.989,37058256
2017-11-28,2998.6309,3085.408,2998.6309,3066.1242,54970804
2017-11-29,3085.408,3123.9756,3046.8404,3046.8404,41642414
2017-11-30,3075.7661,3085.408,2998.6309,3085.408,360621246
2017-12-04,3085.408,3172.1851,3056.4823,3172.1851,53096796
2017-12-05,3181.827,3278.246,3181.827,3278.246,60427612
2017-12-06,3258.9622,3326.4555,3210.7527,3258.9622,40846098
2017-12-07,3278.246,3422.8745,3249.3203,3422.8745,24252481
2017-12-08,3422.8745,3422.8745,3345.7393,3413.2326,16549538
2017-12-11,3393.9488,3403.5907,3258.9622,3326.4555,27553697
2017-12-12,3287.8879,3345.7393,3220.3946,3239.6784,35234756
2017-12-13,3239.6784,3287.8879,3201.1108,3239.6784,15962310
2017-12-14,3268.6041,3278.246,3230.0365,3249.3203,19062944
2017-12-15,3278.246,3278.246,3220.3946,3249.3203,16562192
2017-12-18,3258.9622,3336.0974,3258.9622,3307.1717,19342142
2017-12-19,3336.0974,3374.665,3316.8136,3355.3812,22733797
2017-12-20,3374.665,3393.9488,3336.0974,3345.7393,28336634
2017-12-21,3365.0231,3393.9488,3355.3812,3384.3069,22774868
2017-12-22,3384.3069,3403.5907,3365.0231,3374.665,13531772
2017-12-27,3403.5907,3403.5907,3365.0231,3365.0231,17861106
2017-12-28,3374.665,3403.5907,3355.3812,3393.9488,15709351
2017-12-29,3403.5907,3480.7259,3393.9488,3442.1583,18029848
2018-01-02,3432.5164,3490.3678,3432.5164,3461.4421,8599446
2018-01-03,3461.4421,3471.084,3393.9488,3461.4421,14179155
2018-01-04,3451.8002,3461.4421,3249.3203,3336.0974,19169873
2018-01-05,3336.0974,3393.9488,3287.8879,3316.8136,21076032
2018-01-08,3345.7393,3345.7393,3297.5298,3297.5298,26438876
2018-01-09,3326.4555,3393.9488,3307.1717,3374.665,39138862
2018-01-10,3384.3069,3548.2192,3384.3069,3480.7259,31252657
2018-01-11,3528.9354,3528.9354,3461.4421,3490.3678,16340140
2018-01-12,3528.9354,3538.5773,3490.3678,3500.0097,11650919
2018-01-15,3519.2935,3519.2935,3471.084,3509.6516,6404443
2018-01-16,3500.0097,3528.9354,3490.3678,3519.2935,8095292
2018-01-17,3528.9354,3548.2192,3519.2935,3538.5773,13282651
2018-01-18,3538.5773,3557.8611,3490.3678,3557.8611,18594467
2018-01-19,3557.8611,3567.503,3490.3678,3528.9354,10857299
2018-01-22,3538.5773,3557.8611,3509.6516,3509.6516,10503946
2018-01-23,3528.9354,3557.8611,3509.6516,3557.8611,19944513
2018-01-24,3567.503,3567.503,3500.0097,3548.2192,22528650
2018-01-25,3548.2192,3557.8611,3471.084,3500.0097,12006762
2018-01-26,3471.084,3509.6516,3471.084,3471.084,15626276
2018-01-29,3471.084,3509.6516,3461.4421,3509.6516,13351206
2018-01-30,3471.084,3509.6516,3461.4421,3471.084,16159159
2018-01-31,3384.3069,3538.5773,3384.3069,3528.9354,18426140
2018-02-01,3528.9354,3548.2192,3480.7259,3480.7259,13223119
2018-02-02,3500.0097,3538.5773,3490.3678,3538.5773,17579937
2018-02-05,3471.084,3538.5773,3451.8002,3519.2935,14180918
2018-02-06,3471.084,3490.3678,3432.5164,3471.084,34294381
2018-02-07,3509.6516,3509.6516,3461.4421,3471.084,16275008
2018-02-08,3500.0097,3519.2935,3461.4421,3509.6516,9387465
2018-02-09,3471.084,3471.084,3432.5164,3471.084,12776320
2018-02-12,3490.3678,3596.4287,3471.084,3586.7868,24363559
2018-02-13,3606.0706,3625.3544,3567.503,3625.3544,31795807
2018-02-14,3625.3544,3692.8477,3625.3544,3673.5639,20701314
2018-02-15,3702.4896,3702.4896,3615.7125,3634.9963,17464296
2018-02-19,3673.5639,3712.1315,3634.9963,3702.4896,18506414
2018-02-20,3673.5639,3702.4896,3634.9963,3663.922,10112529
2018-02-21,3654.2801,3692.8477,3644.6382,3663.922,19966604
2018-02-22,3596.4287,3683.2058,3586.7868,3654.2801,9537954
2018-02-23,3683.2058,3683.2058,3596.4287,3615.7125,17225131
2018-02-26,3615.7125,3644.6382,3519.2935,3538.5773,11239900
2018-02-27,3538.5773,3596.4287,3538.5773,3596.4287,11452825
2018-02-28,3519.2935,3606.0706,3519.2935,3606.0706,24952758
2018-03-01,3606.0706,3625.3544,3567.503,3625.3544,12293012
2018-03-02,3644.6382,3644.6382,3596.4287,3634.9963,22686711
2018-03-05,3615.7125,3673.5639,3615.7125,3663.922,12292286
2018-03-06,3683.2058,3683.2058,3557.8611,3586.7868,18258745
2018-03-07,3586.7868,3644.6382,3519.2935,3577.1449,24698555
2018-03-08,3577.1449,3663.922,3577.1449,3663.922,18696833
2018-03-09,3673.5639,3673.5639,3596.4287,3615.7125,8527676
2018-03-12,3577.1449,3615.7125,3538.5773,3567.503,18834358
2018-03-13,3567.503,3615.7125,3548.2192,3615.7125,8347836
2018-03-14,3625.3544,3625.3544,3528.9354,3548.2192,9049668
2018-03-15,3548.2192,3548.2192,3442.1583,3442.1583,11717400
2018-03-16,3471.084,3557.8611,3307.1717,3557.8611,24488949
2018-03-19,3557.8611,3606.0706,3480.7259,3606.0706,7176386
2018-03-20,3567.503,3567.503,3461.4421,3490.3678,11004366
2018-03-21,3519.2935,3557.8611,3500.0097,3557.8611,6701583
2018-03-22,3606.0706,3750.6991,3586.7868,3673.5639,22475030
2018-03-23,3663.922,3663.922,3519.2935,3615.7125,5954324
2018-03-26,3615.7125,3663.922,3586.7868,3625.3544,7379043
2018-03-27,3625.3544,3644.6382,3538.5773,3538.5773,10549787
2018-03-28,3519.2935,3586.7868,3519.2935,3557.8611,11308352
2018-03-29,3567.503,3663.922,3422.8745,3663.922,9595826
2018-04-02,3606.0706,3634.9963,3557.8611,3596.4287,3913647
2018-04-03,3596.4287,3615.7125,3557.8611,3586.7868,10539105
2018-04-04,3586.7868,3596.4287,3336.0974,3384.3069,23459276
2018-04-05,3432.5164,3451.8002,3374.665,3413.2326,13080824
2018-04-06,3422.8745,3422.8745,3374.665,3413.2326,9796616
2018-04-09,3432.5164,3480.7259,3413.2326,3471.084,10227652
2018-04-10,3451.8002,3538.5773,3451.8002,3509.6516,11926591
2018-04-11,3528.9354,3548.2192,3461.4421,3528.9354,17390555
2018-04-12,3528.9354,3528.9354,3480.7259,3519.2935,4255385
2018-04-13,3538.5773,3538.5773,3451.8002,3451.8002,3114012
2018-04-16,3461.4421,3500.0097,3403.5907,3500.0097,11212105
2018-04-17,3480.7259,3500.0097,3422.8745,3500.0097,13377964
2018-04-18,3500.0097,3528.9354,3432.5164,3490.3678,16673166
2018-04-19,3471.084,3528.9354,3451.8002,3528.9354,15690268
2018-04-20,3538.5773,3577.1449,3509.6516,3557.8611,20517117
2018-04-23,3567.503,3586.7868,3538.5773,3586.7868,8206784
2018-04-24,3567.503,3577.1449,3509.6516,3528.9354,6014271
2018-04-25,3500.0097,3500.0097,3384.3069,3432.5164,8863709
2018-04-26,3384.3069,3422.8745,3027.5566,3075.7661,41434364
2018-04-27,3162.5432,3172.1851,2911.8538,2940.7795,46440846
2018-04-30,2960.0633,3046.8404,2940.7795,2998.6309,23886370
2018-05-02,2998.6309,3037.1985,2960.0633,2998.6309,17446250
2018-05-03,2960.0633,2988.989,2805.7929,2815.4348,16551716
2018-05-04,2796.151,2805.7929,2555.1035,2555.1035,50653605
2018-05-07,2603.313,2815.4348,2564.7454,2786.5091,51300366
2018-05-08,2786.5091,2805.7929,2651.5225,2680.4482,17165807
2018-05-09,2651.5225,2786.5091,2641.8806,2757.5834,28310913
2018-05-11,2796.151,3017.9147,2776.8672,2950.4214,39266949
2018-05-14,2931.1376,2988.989,2844.3605,2892.57,15946338
2018-05-15,2892.57,2892.57,2767.2253,2834.7186,18328130
2018-05-16,2796.151,2805.7929,2699.732,2757.5834,41184102
2018-05-17,2776.8672,2776.8672,2719.0158,2728.6577,27949159
2018-05-18,2699.732,2728.6577,2612.9549,2651.5225,39485267
2018-05-21,2651.5225,2670.8063,2535.8197,2670.8063,27802611
2018-05-22,2680.4482,2719.0158,2632.2387,2690.0901,36198467
2018-05-23,2680.4482,2776.8672,2680.4482,2757.5834,45979423
2018-05-24,2767.2253,2902.2119,2767.2253,2892.57,26634169
2018-05-25,2892.57,2892.57,2805.7929,2892.57,21825781
2018-05-28,2892.57,3133.6175,2863.6443,3123.9756,56146610
2018-05-30,3085.408,3104.6918,2979.3471,3056.4823,43595142
2018-05-31,3046.8404,3095.0499,2940.7795,2940.7795,47655130
2018-06-04,2969.7052,3008.2728,2969.7052,2988.989,31097086
2018-06-05,3008.2728,3008.2728,2854.0024,2892.57,49946794
2018-06-06,2892.57,2911.8538,2834.7186,2863.6443,38048413
2018-06-07,2902.2119,2988.989,2892.57,2960.0633,37207085
2018-06-08,2979.3471,2979.3471,2921.4957,2921.4957,27762474
2018-06-20,2844.3605,2863.6443,2709.3739,2757.5834,45759134
2018-06-21,2805.7929,2815.4348,2699.732,2699.732,17406838
2018-06-22,2651.5225,2709.3739,2564.7454,2593.6711,50399402
2018-06-25,2593.6711,2670.8063,2545.4616,2545.4616,26594136
2018-06-26,2555.1035,2574.3873,2487.6102,2506.894,21195614
2018-06-27,2506.894,2526.1778,2420.1169,2429.7588,22576670
2018-06-28,2410.475,2458.6845,2285.1303,2285.1303,29451560
2018-06-29,2333.3398,2391.1912,2314.056,2362.2655,32511641
2018-07-02,2362.2655,2429.7588,2275.4884,2275.4884,21629658
2018-07-03,2323.6979,2323.6979,2217.637,2265.8465,16505460
2018-07-04,2275.4884,2420.1169,2236.9208,2381.5493,21251309
2018-07-05,2362.2655,2362.2655,2150.1437,2169.4275,65587487
2018-07-06,2140.5018,2169.4275,2034.4409,2073.0085,43743349
2018-07-09,2121.218,2265.8465,2063.3666,2246.5627,51702983
2018-07-10,2265.8465,2285.1303,2169.4275,2217.637,42763563
2018-07-11,2169.4275,2198.3532,2121.218,2188.7113,41664505
2018-07-12,2169.4275,2198.3532,2101.9342,2121.218,49876995
2018-07-13,2140.5018,2381.5493,2140.5018,2323.6979,112021178
2018-07-16,2362.2655,2400.8331,2275.4884,2391.1912,51244879
2018-07-17,2371.9074,2391.1912,2314.056,2352.6236,49390369
2018-07-18,2371.9074,2468.3264,2352.6236,2410.475,50855018
2018-07-19,2429.7588,2449.0426,2246.5627,2265.8465,123449112
2018-07-20,2246.5627,2256.2046,2140.5018,2169.4275,106196392
2018-07-23,2169.4275,2246.5627,2159.7856,2227.2789,130325143
2018-07-24,2256.2046,2285.1303,2207.9951,2275.4884,82448168
2018-07-25,2285.1303,2294.7722,2217.637,2246.5627,37044565
2018-07-26,2265.8465,2323.6979,2256.2046,2265.8465,49819745
2018-07-27,2285.1303,2352.6236,2246.5627,2323.6979,41711799
2018-07-30,2323.6979,2333.3398,2285.1303,2294.7722,26837137
2018-07-31,2294.7722,2304.4141,2246.5627,2275.4884,28519067
2018-08-01,2285.1303,2381.5493,2285.1303,2371.9074,49499579
2018-08-02,2371.9074,2391.1912,2323.6979,2323.6979,26232485
2018-08-03,2333.3398,2391.1912,2333.3398,2362.2655,32909488
2018-08-06,2391.1912,2564.7454,2381.5493,2564.7454,99301693
2018-08-07,2564.7454,2593.6711,2516.5359,2564.7454,27817650
2018-08-08,2564.7454,2574.3873,2468.3264,2526.1778,38135429
2018-08-09,2555.1035,2738.2996,2516.5359,2661.1644,83129362
2018-08-10,2699.732,2776.8672,2690.0901,2709.3739,62561528
2018-08-13,2661.1644,2661.1644,2516.5359,2535.8197,37030979.00000001
2018-08-14,2526.1778,2564.7454,2420.1169,2439.4007,98448957
2018-08-15,2458.6845,2526.1778,2323.6979,2487.6102,34001078
2018-08-16,2439.4007,2458.6845,2342.9817,2400.8331,38524357
2018-08-20,2400.8331,2468.3264,2400.8331,2420.1169,49259067
2018-08-21,2429.7588,2497.2521,2371.9074,2468.3264,45905578
2018-08-23,2487.6102,2545.4616,2468.3264,2545.4616,51518995
2018-08-24,2535.8197,2564.7454,2506.894,2535.8197,38367749
2018-08-27,2564.7454,2728.6577,2564.7454,2670.8063,62626868
2018-08-28,2699.732,2738.2996,2680.4482,2709.3739,43894149
2018-08-29,2709.3739,2776.8672,2670.8063,2757.5834,39914850
2018-08-30,2767.2253,2815.4348,2728.6577,2757.5834,58596957
2018-08-31,2709.3739,2709.3739,2622.5968,2651.5225,50550721
2018-09-03,2651.5225,2699.732,2612.9549,2651.5225,21765938
2018-09-04,2641.8806,2641.8806,2506.894,2555.1035,28358103
2018-09-05,2477.9683,2487.6102,2323.6979,2391.1912,56242960
2018-09-06,2342.9817,2477.9683,2333.3398,2449.0426,30295792
2018-09-07,2458.6845,2564.7454,2410.475,2526.1778,29927296
2018-09-10,2506.894,2516.5359,2439.4007,2468.3264,30937885
2018-09-12,2477.9683,2506.894,2420.1169,2439.4007,20329914
2018-09-13,2458.6845,2535.8197,2458.6845,2506.894,28677335
2018-09-14,2555.1035,2584.0292,2516.5359,2584.0292,25582405
2018-09-17,2574.3873,2574.3873,2449.0426,2497.2521,17716736
2018-09-18,2439.4007,2516.5359,2429.7588,2497.2521,19524056
2018-09-19,2506.894,2535.8197,2468.3264,2497.2521,17540318
2018-09-20,2506.894,2555.1035,2497.2521,2526.1778,24740248
2018-09-21,2555.1035,2612.9549,2545.4616,2584.0292,42080813
2018-09-24,2574.3873,2574.3873,2535.8197,2545.4616,8787583
2018-09-25,2526.1778,2574.3873,2506.894,2555.1035,9861749
2018-09-26,2555.1035,2564.7454,2516.5359,2545.4616,20179840
2018-09-27,2516.5359,2603.313,2516.5359,2555.1035,25072444
2018-09-28,2545.4616,2584.0292,2535.8197,2535.8197,26818780
2018-10-01,2535.8197,2574.3873,2535.8197,2535.8197,13800806
2018-10-02,2535.8197,2564.7454,2420.1169,2449.0426,41161180.99999999
2018-10-03,2468.3264,2487.6102,2429.7588,2449.0426,12894553
2018-10-04,2429.7588,2429.7588,2294.7722,2314.056,73044316
2018-10-05,2275.4884,2342.9817,2265.8465,2323.6979,20714278
2018-10-08,2342.9817,2352.6236,2304.4141,2323.6979,9980709
2018-10-09,2314.056,2352.6236,2304.4141,2323.6979,12764704
2018-10-10,2333.3398,2352.6236,2323.6979,2333.3398,9674856
2018-10-11,2265.8465,2294.7722,2207.9951,2217.637,33978987
2018-10-12,2217.637,2304.4141,2217.637,2256.2046,27160933
2018-10-15,2256.2046,2285.1303,2236.9208,2256.2046,17705120
2018-10-16,2256.2046,2265.8465,2236.9208,2256.2046,16763500
2018-10-17,2294.7722,2342.9817,2294.7722,2333.3398,28902394
2018-10-18,2323.6979,2342.9817,2294.7722,2333.3398,12086310
2018-10-19,2314.056,2333.3398,2275.4884,2285.1303,18931849
2018-10-22,2304.4141,2314.056,2256.2046,2256.2046,24791897
2018-10-23,2256.2046,2275.4884,2207.9951,2217.637,27860276
2018-10-24,2227.2789,2246.5627,2073.0085,2092.2923,72431056
2018-10-25,2053.7247,2121.218,2024.799,2101.9342,49772347
2018-10-26,2121.218,2130.8599,2053.7247,2063.3666,45804146
2018-10-29,2082.6504,2082.6504,1976.5895,1976.5895,32235970
2018-10-30,1986.2314,2053.7247,1938.0219,2024.799,40505709
2018-10-31,2044.0828,2053.7247,2005.5152,2044.0828,44043705
2018-11-01,2073.0085,2169.4275,2073.0085,2159.7856,82241259
2018-11-02,2207.9951,2265.8465,2150.1437,2265.8465,76972069.00000001
2018-11-05,2246.5627,2256.2046,2188.7113,2246.5627,28077868
2018-11-06,2265.8465,2323.6979,2246.5627,2256.2046,32210145
2018-11-07,2285.1303,2304.4141,2246.5627,2294.7722,24084775
2018-11-08,2333.3398,2391.1912,2314.056,2323.6979,56601084
2018-11-09,2314.056,2314.056,2256.2046,2265.8465,14152501
2018-11-12,2265.8465,2265.8465,2111.5761,2140.5018,29101110
2018-11-13,2101.9342,2179.0694,2082.6504,2159.7856,46891587
2018-11-14,2169.4275,2227.2789,2159.7856,2169.4275,26819195
2018-11-15,2169.4275,2217.637,2140.5018,2217.637,25267841
2018-11-16,2236.9208,2342.9817,2227.2789,2314.056,81239278
2018-11-19,2314.056,2333.3398,2265.8465,2294.7722,23197502
2018-11-21,2265.8465,2304.4141,2207.9951,2294.7722,18656903
2018-11-22,2314.056,2477.9683,2294.7722,2439.4007,79939431
2018-11-23,2458.6845,2458.6845,2391.1912,2439.4007,35231126
2018-11-26,2439.4007,2506.894,2400.8331,2497.2521,32492039
2018-11-27,2506.894,2584.0292,2477.9683,2545.4616,60545431
2018-11-28,2545.4616,2555.1035,2429.7588,2439.4007,47584812
2018-11-29,2497.2521,2641.8806,2497.2521,2612.9549,95263485
2018-11-30,2612.9549,2622.5968,2564.7454,2574.3873,58543751
2018-12-03,2651.5225,2719.0158,2632.2387,2690.0901,49508810
2018-12-04,2690.0901,2699.732,2632.2387,2651.5225,37789024
2018-12-05,2603.313,2641.8806,2555.1035,2622.5968,26116118
2018-12-06,2603.313,2641.8806,2584.0292,2641.8806,21766975
2018-12-07,2641.8806,2670.8063,2622.5968,2641.8806,13990603
2018-12-10,2603.313,2651.5225,2564.7454,2584.0292,18079942
2018-12-11,2574.3873,2622.5968,2506.894,2584.0292,14245428
2018-12-12,2622.5968,2641.8806,2584.0292,2622.5968,15157904
2018-12-13,2632.2387,2651.5225,2603.313,2632.2387,38105767
2018-12-14,2632.2387,2632.2387,2545.4616,2555.1035,37290160
2018-12-17,2526.1778,2555.1035,2468.3264,2477.9683,42397141
2018-12-18,2458.6845,2535.8197,2439.4007,2516.5359,28264346
2018-12-19,2545.4616,2593.6711,2545.4616,2564.7454,28641865
2018-12-20,2545.4616,2574.3873,2497.2521,2506.894,29512751
2018-12-21,2477.9683,2516.5359,2477.9683,2487.6102,23292297
2018-12-26,2468.3264,2497.2521,2449.0426,2449.0426,12043373
2018-12-27,2506.894,2526.1778,2468.3264,2477.9683,15946753
2018-12-28,2497.2521,2516.5359,2449.0426,2449.0426,20169053
2019-01-02,2468.3264,2487.6102,2439.4007,2458.6845,10060361
2019-01-03,2458.6845,2487.6102,2420.1169,2439.4007,19632645
2019-01-04,2429.7588,2555.1035,2410.475,2487.6102,49409245
2019-01-07,2555.1035,2612.9549,2526.1778,2545.4616,56274074
2019-01-08,2574.3873,2651.5225,2555.1035,2632.2387,61856480
2019-01-09,2661.1644,2661.1644,2584.0292,2584.0292,26502763
2019-01-10,2584.0292,2612.9549,2555.1035,2584.0292,24350179
2019-01-11,2612.9549,2651.5225,2593.6711,2632.2387,24477333
2019-01-14,2632.2387,2670.8063,2603.313,2641.8806,16425911
2019-01-15,2661.1644,2670.8063,2622.5968,2661.1644,15806324
2019-01-16,2661.1644,2690.0901,2641.8806,2651.5225,30159097
2019-01-17,2661.1644,2719.0158,2641.8806,2661.1644,32468496
2019-01-18,2661.1644,2699.732,2651.5225,2661.1644,25537705
2019-01-21,2699.732,2699.732,2651.5225,2670.8063,25127308
2019-01-22,2670.8063,2680.4482,2641.8806,2670.8063,17575581
2019-01-23,2661.1644,2680.4482,2612.9549,2622.5968,33753202
2019-01-24,2622.5968,2632.2387,2584.0292,2584.0292,28562316
2019-01-25,2612.9549,2641.8806,2574.3873,2603.313,21444321
2019-01-28,2612.9549,2632.2387,2526.1778,2555.1035,28053391
2019-01-29,2535.8197,2574.3873,2526.1778,2535.8197,16007322
2019-01-30,2555.1035,2593.6711,2526.1778,2574.3873,11847872
2019-01-31,2603.313,2651.5225,2593.6711,2641.8806,37062093
2019-02-01,2670.8063,2757.5834,2661.1644,2690.0901,77176178
2019-02-04,2699.732,2719.0158,2651.5225,2661.1644,25664858
2019-02-06,2670.8063,2690.0901,2632.2387,2641.8806,24249784
2019-02-07,2641.8806,2651.5225,2603.313,2622.5968,20240097
2019-02-08,2603.313,2641.8806,2584.0292,2603.313,21648430
2019-02-11,2612.9549,2622.5968,2526.1778,2555.1035,34829857
2019-02-12,2574.3873,2584.0292,2468.3264,2506.894,38590111
2019-02-13,2535.8197,2545.4616,2477.9683,2497.2521,22100830
2019-02-14,2497.2521,2497.2521,2420.1169,2439.4007,31586616
2019-02-15,2429.7588,2439.4007,2391.1912,2391.1912,28108360
2019-02-18,2420.1169,2468.3264,2420.1169,2468.3264,22897769
2019-02-19,2487.6102,2516.5359,2429.7588,2429.7588,23640050
2019-02-20,2458.6845,2487.6102,2391.1912,2410.475,32414980
2019-02-21,2410.475,2458.6845,2391.1912,2449.0426,25928084
2019-02-22,2449.0426,2458.6845,2400.8331,2410.475,23918937
2019-02-25,2429.7588,2449.0426,2400.8331,2439.4007,30579035
2019-02-26,2449.0426,2449.0426,2400.8331,2429.7588,19710637
2019-02-27,2449.0426,2449.0426,2400.8331,2410.475,21986019
2019-02-28,2410.475,2410.475,2323.6979,2342.9817,33427436
2019-03-01,2333.3398,2362.2655,2256.2046,2265.8465,78779078
2019-03-04,2285.1303,2323.6979,2265.8465,2304.4141,28518238
2019-03-05,2294.7722,2304.4141,2236.9208,2265.8465,33758284
2019-03-06,2265.8465,2304.4141,2256.2046,2265.8465,13255478
2019-03-08,2227.2789,2256.2046,2169.4275,2188.7113,43272487
2019-03-11,2188.7113,2207.9951,2169.4275,2188.7113,9771414
2019-03-12,2207.9951,2236.9208,2179.0694,2179.0694,19045105
2019-03-13,2179.0694,2236.9208,2169.4275,2217.637,10186581
2019-03-14,2236.9208,2323.6979,2227.2789,2314.056,38596957
2019-03-15,2314.056,2381.5493,2294.7722,2342.9817,42397867
2019-03-18,2342.9817,2371.9074,2304.4141,2314.056,17403312
2019-03-19,2342.9817,2391.1912,2314.056,2333.3398,29264149
2019-03-20,2342.9817,2362.2655,2304.4141,2304.4141,16857880
2019-03-21,2352.6236,2439.4007,2323.6979,2429.7588,70580279
2019-03-22,2429.7588,2439.4007,2400.8331,2429.7588,22842904
2019-03-25,2391.1912,2391.1912,2314.056,2352.6236,28127858
2019-03-26,2371.9074,2400.8331,2352.6236,2391.1912,13831713
2019-03-27,2391.1912,2410.475,2342.9817,2362.2655,17591346
2019-03-28,2323.6979,2429.7588,2323.6979,2420.1169,32395274
2019-03-29,2400.8331,2400.8331,2333.3398,2352.6236,33972246
2019-04-01,2352.6236,2362.2655,2275.4884,2294.7722,38920233
2019-04-02,2294.7722,2323.6979,2246.5627,2256.2046,28195065
2019-04-04,2256.2046,2304.4141,2246.5627,2285.1303,28583889
2019-04-05,2304.4141,2333.3398,2285.1303,2285.1303,15807776
2019-04-08,2285.1303,2294.7722,2198.3532,2246.5627,25017475
2019-04-09,2246.5627,2275.4884,2227.2789,2275.4884,23134029
2019-04-10,2265.8465,2333.3398,2246.5627,2323.6979,31810016
2019-04-11,2333.3398,2333.3398,2265.8465,2265.8465,12852964
2019-04-12,2275.4884,2342.9817,2265.8465,2314.056,31137016
2019-04-15,2323.6979,2352.6236,2314.056,2352.6236,23316877
2019-04-16,2352.6236,2487.6102,2342.9817,2487.6102,80697580
2019-04-18,2555.1035,2603.313,2497.2521,2526.1778,113145438
2019-04-22,2526.1778,2526.1778,2449.0426,2506.894,32167726
2019-04-23,2497.2521,2535.8197,2468.3264,2535.8197,33362407
2019-04-24,2506.894,2545.4616,2429.7588,2458.6845,38280836
2019-04-25,2468.3264,2468.3264,2333.3398,2362.2655,41893091
2019-04-26,2362.2655,2429.7588,2333.3398,2420.1169,22761074
2019-04-29,2429.7588,2458.6845,2391.1912,2439.4007,16286209
2019-04-30,2439.4007,2458.6845,2420.1169,2439.4007,13772285
2019-05-02,2439.4007,2439.4007,2381.5493,2400.8331,8912869
2019-05-03,2410.475,2410.475,2342.9817,2391.1912,20388616
2019-05-06,2362.2655,2362.2655,2285.1303,2294.7722,21368195
2019-05-07,2314.056,2391.1912,2314.056,2371.9074,15000777
2019-05-08,2342.9817,2352.6236,2314.056,2333.3398,14388968
2019-05-09,2314.056,2333.3398,2265.8465,2265.8465,16618612
2019-05-10,2275.4884,2333.3398,2256.2046,2304.4141,24652609
2019-05-13,2304.4141,2323.6979,2198.3532,2227.2789,19076323
2019-05-14,2217.637,2256.2046,2169.4275,2227.2789,18708760
2019-05-15,2246.5627,2265.8465,2188.7113,2198.3532,13132785
2019-05-16,2217.637,2236.9208,2150.1437,2169.4275,17076198
2019-05-17,2198.3532,2217.637,2159.7856,2159.7856,9401155
2019-05-20,2159.7856,2256.2046,2082.6504,2246.5627,21360001
2019-05-21,2265.8465,2314.056,2236.9208,2256.2046,18582022
2019-05-22,2217.637,2285.1303,2217.637,2246.5627,5517273
2019-05-23,2246.5627,2294.7722,2246.5627,2285.1303,11854821
2019-05-24,2285.1303,2333.3398,2265.8465,2294.7722,15541127
2019-05-27,2314.056,2381.5493,2314.056,2371.9074,30178284
2019-05-28,2342.9817,2342.9817,2304.4141,2314.056,43952955
2019-05-29,2314.056,2352.6236,2314.056,2333.3398,10034018
2019-05-31,2333.3398,2400.8331,2333.3398,2381.5493,31602277
2019-06-10,2458.6845,2497.2521,2410.475,2487.6102,36002655
2019-06-11,2449.0426,2487.6102,2449.0426,2468.3264,17546541
2019-06-12,2468.3264,2497.2521,2449.0426,2487.6102,15016334
2019-06-13,2487.6102,2584.0292,2477.9683,2555.1035,51531544
2019-06-14,2555.1035,2564.7454,2487.6102,2555.1035,21578630
2019-06-17,2555.1035,2555.1035,2458.6845,2487.6102,21055912
2019-06-18,2506.894,2584.0292,2477.9683,2564.7454,31351704
2019-06-19,2593.6711,2651.5225,2574.3873,2641.8806,48537528
2019-06-20,2641.8806,2641.8806,2584.0292,2612.9549,19695391
2019-06-21,2632.2387,2641.8806,2535.8197,2574.3873,27308932
2019-06-24,2574.3873,2632.2387,2564.7454,2593.6711,13067134
2019-06-25,2593.6711,2632.2387,2545.4616,2564.7454,9511714
2019-06-26,2545.4616,2545.4616,2487.6102,2506.894,23159750
2019-06-27,2506.894,2535.8197,2352.6236,2362.2655,105338781
2019-06-28,2400.8331,2439.4007,2362.2655,2371.9074,53392173
2019-07-01,2400.8331,2439.4007,2400.8331,2429.7588,31254731
2019-07-02,2439.4007,2458.6845,2410.475,2420.1169,14416660
2019-07-03,2420.1169,2429.7588,2352.6236,2362.2655,31288439
2019-07-04,2362.2655,2381.5493,2342.9817,2362.2655,15681349
2019-07-05,2362.2655,2381.5493,2333.3398,2342.9817,13151453
2019-07-08,2362.2655,2371.9074,2323.6979,2333.3398,8940872
2019-07-09,2333.3398,2352.6236,2314.056,2333.3398,22992356
2019-07-10,2342.9817,2381.5493,2333.3398,2362.2655,37000694
2019-07-11,2381.5493,2410.475,2342.9817,2371.9074,31617419
2019-07-12,2381.5493,2381.5493,2342.9817,2342.9817,9718209
2019-07-15,2362.2655,2400.8331,2352.6236,2381.5493,39485474
2019-07-16,2391.1912,2400.8331,2342.9817,2352.6236,17984940
2019-07-17,2352.6236,2371.9074,2342.9817,2362.2655,22630705
2019-07-18,2371.9074,2371.9074,2333.3398,2333.3398,16672025
2019-07-19,2333.3398,2352.6236,2333.3398,2342.9817,17104512
2019-07-22,2342.9817,2371.9074,2333.3398,2352.6236,14156338
2019-07-23,2362.2655,2381.5493,2352.6236,2381.5493,16601188
2019-07-24,2381.5493,2391.1912,2333.3398,2333.3398,18160424
2019-07-25,2352.6236,2362.2655,2323.6979,2333.3398,8568435
2019-07-26,2323.6979,2333.3398,2275.4884,2314.056,22835851
2019-07-29,2314.056,2323.6979,2275.4884,2304.4141,14984079
2019-07-30,2294.7722,2371.9074,2294.7722,2362.2655,15414596
2019-07-31,2362.2655,2371.9074,2333.3398,2371.9074,18584926
2019-08-01,2352.6236,2362.2655,2294.7722,2314.056,20411952
2019-08-02,2294.7722,2294.7722,2236.9208,2236.9208,26847198
2019-08-05,2227.2789,2236.9208,2159.7856,2169.4275,17832584
2019-08-06,2121.218,2188.7113,2092.2923,2140.5018,23899957
2019-08-07,2159.7856,2227.2789,2159.7856,2217.637,18927597
2019-08-08,2217.637,2256.2046,2198.3532,2246.5627,12673435
2019-08-09,2246.5627,2265.8465,2227.2789,2246.5627,13644198
2019-08-12,2246.5627,2265.8465,2207.9951,2217.637,7398023
2019-08-13,2198.3532,2217.637,2179.0694,2207.9951,11620531
2019-08-14,2236.9208,2246.5627,2188.7113,2207.9951,14001286
2019-08-15,2169.4275,2207.9951,2130.8599,2188.7113,11134216
2019-08-16,2207.9951,2246.5627,2169.4275,2227.2789,7720677
2019-08-19,2256.2046,2265.8465,2207.9951,2217.637,12212841
2019-08-20,2217.637,2236.9208,2140.5018,2150.1437,13905972
2019-08-21,2140.5018,2159.7856,2092.2923,2092.2923,22370279
2019-08-22,2101.9342,2188.7113,2044.0828,2101.9342,32145946
2019-08-23,2111.5761,2140.5018,2082.6504,2111.5761,16280193
2019-08-26,2073.0085,2082.6504,2044.0828,2073.0085,19331459
2019-08-27,2073.0085,2092.2923,2024.799,2024.799,42505004
2019-08-28,2034.4409,2053.7247,1995.8733,2005.5152,17457658
2019-08-29,2024.799,2024.799,1947.6638,1957.3057,28951555
2019-08-30,1966.9476,2015.1571,1918.7381,1928.38,46946245
2019-09-02,1928.38,1986.2314,1928.38,1938.0219,27360582
2019-09-03,1947.6638,1986.2314,1938.0219,1947.6638,20258247
2019-09-04,1938.0219,1995.8733,1938.0219,1986.2314,29563882
2019-09-05,2005.5152,2044.0828,1995.8733,2024.799,33804851
2019-09-06,2024.799,2053.7247,2005.5152,2024.799,17859031
2019-09-09,2015.1571,2024.799,1995.8733,2005.5152,11275682
2019-09-10,2005.5152,2024.799,1995.8733,2005.5152,12257438
2019-09-11,2005.5152,2101.9342,2005.5152,2101.9342,38941494
2019-09-12,2121.218,2188.7113,2111.5761,2130.8599,44183200
2019-09-13,2130.8599,2150.1437,2092.2923,2111.5761,18344620
2019-09-16,2092.2923,2111.5761,2034.4409,2073.0085,25134983
2019-09-17,2082.6504,2140.5018,2073.0085,2130.8599,23664008
2019-09-18,2140.5018,2188.7113,2121.218,2188.7113,26819402
2019-09-19,2198.3532,2207.9951,2159.7856,2179.0694,21235959
2019-09-20,2188.7113,2198.3532,2150.1437,2179.0694,18035553
2019-09-23,2169.4275,2179.0694,2130.8599,2169.4275,13140771
2019-09-24,2169.4275,2169.4275,2092.2923,2121.218,19657951
2019-09-25,2121.218,2169.4275,2092.2923,2121.218,14096910
2019-09-26,2121.218,2159.7856,2024.799,2082.6504,59038881.99999999
2019-09-27,2063.3666,2073.0085,1986.2314,2005.5152,36706873
2019-09-30,2005.5152,2005.5152,1880.1705,1889.8124,85409411
2019-10-01,1899.4543,1918.7381,1899.4543,1909.0962,22515271
2019-10-02,1909.0962,1913.91715,1851.2448,1856.06575,21089722
2019-10-03,1831.961,1846.42385,1807.85625,1822.3191,30165216
2019-10-04,1817.49815,1851.2448,1735.542,1764.4677,36225640
2019-10-07,1774.1096,1803.0353,1735.542,1750.00485,24784119
2019-10-08,1750.00485,1783.7515,1750.00485,1754.8258,18422717
2019-10-09,1750.00485,1764.4677,1716.2582,1730.72105,16282371
2019-10-10,1735.542,1750.00485,1730.72105,1735.542,8615314
2019-10-11,1759.64675,1831.961,1745.1839,1822.3191,29818085
2019-10-14,1841.6029,1870.5286,1827.14005,1836.78195,22480735
2019-10-15,1836.78195,1846.42385,1803.0353,1836.78195,20915379
2019-10-16,1846.42385,1860.8867,1822.3191,1841.6029,19620406
2019-10-17,1822.3191,1860.8867,1822.3191,1836.78195,15307045
2019-10-18,1841.6029,1865.70765,1831.961,1846.42385,19576535
2019-10-21,1860.8867,1875.34955,1846.42385,1851.2448,21567740
2019-10-22,1856.06575,1875.34955,1841.6029,1846.42385,15340130
2019-10-23,1851.2448,1860.8867,1803.0353,1860.8867,23757143
2019-10-24,1870.5286,1957.3057,1865.70765,1938.0219,64390835
2019-10-25,1947.6638,1957.3057,1913.91715,1938.0219,37128470
2019-10-28,1938.0219,1957.3057,1909.0962,1923.55905,18077349
2019-10-29,1928.38,1938.0219,1856.06575,1865.70765,41568051
2019-10-30,1865.70765,1870.5286,1836.78195,1841.6029,24453167
2019-10-31,1841.6029,1860.8867,1764.4677,1793.3934,49662618
2019-11-01,1764.4677,1783.7515,1750.00485,1783.7515,21542019
2019-11-04,1783.7515,1807.85625,1740.36295,1745.1839,20790508
2019-11-05,1750.00485,1798.21435,1750.00485,1798.21435,33106234
2019-11-06,1807.85625,1822.3191,1783.7515,1793.3934,21092938
2019-11-07,1807.85625,1807.85625,1750.00485,1778.93055,15625239
2019-11-08,1783.7515,1827.14005,1778.93055,1822.3191,20541698
2019-11-11,1798.21435,1803.0353,1774.1096,1798.21435,15637478
2019-11-12,1798.21435,1812.6772,1778.93055,1807.85625,12636720
2019-11-13,1807.85625,1812.6772,1774.1096,1774.1096,8496043
2019-11-14,1774.1096,1783.7515,1754.8258,1769.28865,6511579
2019-11-15,1769.28865,1860.8867,1769.28865,1851.2448,41428660
2019-11-18,1860.8867,1909.0962,1836.78195,1884.99145,42899532
2019-11-19,1894.63335,2015.1571,1870.5286,1995.8733,81250790
2019-11-20,1995.8733,2044.0828,1976.5895,2005.5152,43743556
2019-11-21,1986.2314,2082.6504,1957.3057,2073.0085,51671973
2019-11-22,2073.0085,2101.9342,2015.1571,2024.799,31594187
2019-11-25,2024.799,2034.4409,1976.5895,2005.5152,15831112
2019-11-26,2005.5152,2082.6504,1986.2314,2082.6504,35817318
2019-11-27,2082.6504,2101.9342,2024.799,2044.0828,21018160
2019-11-28,2063.3666,2063.3666,1928.38,1976.5895,17196921
2019-11-29,1976.5895,2063.3666,1928.38,2053.7247,27930283
2019-12-02,2073.0085,2121.218,2034.4409,2092.2923,33335649
2019-12-03,2092.2923,2150.1437,2063.3666,2140.5018,27081488
2019-12-04,2121.218,2159.7856,2111.5761,2121.218,21329820
2019-12-05,2121.218,2150.1437,2121.218,2140.5018,13496302
2019-12-06,2140.5018,2150.1437,2073.0085,2092.2923,14296248
2019-12-09,2092.2923,2130.8599,2092.2923,2111.5761,11289579
2019-12-10,2121.218,2121.218,2044.0828,2063.3666,11187214
2019-12-11,2053.7247,2092.2923,2015.1571,2024.799,21161596
2019-12-12,2024.799,2073.0085,2024.799,2034.4409,10725894
2019-12-13,2053.7247,2111.5761,2053.7247,2092.2923,24060817
2019-12-16,2101.9342,2111.5761,2053.7247,2082.6504,20283035
2019-12-17,2101.9342,2111.5761,2063.3666,2101.9342,11291965
2019-12-18,2101.9342,2121.218,2073.0085,2111.5761,18492309
2019-12-19,2101.9342,2130.8599,2073.0085,2073.0085,16697953
2019-12-20,2073.0085,2082.6504,2053.7247,2053.7247,16884120
2019-12-23,2082.6504,2092.2923,2044.0828,2044.0828,7297420
2019-12-26,2044.0828,2073.0085,2044.0828,2053.7247,13534261
2019-12-27,2063.3666,2082.6504,2063.3666,2073.0085,10957280
2019-12-30,2082.6504,2082.6504,2044.0828,2044.0828,9521152
2020-01-02,2073.0085,2073.0085,2034.4409,2053.7247,5635300
2020-01-03,2073.0085,2073.0085,2034.4409,2073.0085,8581711
2020-01-06,2053.7247,2073.0085,2034.4409,2053.7247,11206193
2020-01-07,2034.4409,2063.3666,2024.799,2044.0828,19328763
2020-01-08,2024.799,2044.0828,1995.8733,1995.8733,13200095
2020-01-09,1995.8733,2044.0828,1986.2314,2034.4409,9407274
2020-01-10,2053.7247,2092.2923,2034.4409,2082.6504,18849811
2020-01-13,2092.2923,2101.9342,2044.0828,2073.0085,10761260
2020-01-14,2082.6504,2092.2923,2053.7247,2082.6504,16564888
2020-01-15,2092.2923,2101.9342,2044.0828,2063.3666,9248592
2020-01-16,2044.0828,2053.7247,2024.799,2053.7247,16496541
2020-01-17,2044.0828,2073.0085,2034.4409,2073.0085,8194339
2020-01-20,2073.0085,2073.0085,2015.1571,2024.799,7761851
2020-01-21,2034.4409,2034.4409,1986.2314,2005.5152,6644541
2020-01-22,2005.5152,2024.799,1947.6638,1976.5895,10244557
2020-01-23,1976.5895,1986.2314,1928.38,1957.3057,7122662
2020-01-24,1966.9476,2015.1571,1947.6638,1995.8733,13723228
2020-01-27,1976.5895,1976.5895,1909.0962,1918.7381,9030688
2020-01-28,1880.1705,1918.7381,1856.06575,1884.99145,16717659
2020-01-29,1899.4543,1909.0962,1860.8867,1860.8867,10664288
2020-01-30,1884.99145,1884.99145,1841.6029,1860.8867,8523734
2020-01-31,1870.5286,1875.34955,1788.57245,1803.0353,19250977
2020-02-03,1798.21435,1798.21435,1740.36295,1745.1839,17957871
2020-02-04,1750.00485,1793.3934,1682.51155,1774.1096,33724162
2020-02-05,1788.57245,1798.21435,1730.72105,1740.36295,14997251
2020-02-06,1774.1096,1817.49815,1745.1839,1783.7515,37948225
2020-02-07,1783.7515,1803.0353,1764.4677,1778.93055,20764268
2020-02-10,1764.4677,1778.93055,1750.00485,1769.28865,11538182
2020-02-11,1769.28865,1778.93055,1716.2582,1735.542,10973770
2020-02-12,1735.542,1745.1839,1696.9744,1716.2582,15723664
2020-02-13,1716.2582,1721.07915,1668.0487,1687.3325,13758802
2020-02-14,1687.3325,1706.6163,1668.0487,1701.79535,14542154
2020-02-17,1668.0487,1745.1839,1615.01825,1730.72105,36373847
2020-02-18,1730.72105,1836.78195,1716.2582,1827.14005,32871114
2020-02-19,1827.14005,1841.6029,1803.0353,1827.14005,18225557
2020-02-20,1841.6029,1865.70765,1812.6772,1851.2448,24060610
2020-02-21,1846.42385,1856.06575,1803.0353,1803.0353,15566952
2020-02-24,1764.4677,1798.21435,1740.36295,1754.8258,17983177
2020-02-25,1750.00485,1769.28865,1716.2582,1754.8258,17193914
2020-02-26,1725.9001,1754.8258,1716.2582,1730.72105,20351486
2020-02-27,1735.542,1735.542,1672.86965,1687.3325,11166160
2020-02-28,1639.123,1668.0487,1561.9878,1639.123,20625913
2020-03-02,1624.66015,1658.4068,1576.45065,1590.9135,9095821
2020-03-03,1610.1973,1663.22775,1605.37635,1629.4811,11702776
2020-03-04,1629.4811,1711.43725,1615.01825,1687.3325,25297088
2020-03-05,1706.6163,1730.72105,1648.7649,1658.4068,11941837
2020-03-06,1639.123,1639.123,1590.9135,1600.5554,6083551
2020-03-09,1566.80875,1571.6297,1349.866,1398.0755,19459027
2020-03-10,1378.7917,1470.38975,1378.7917,1446.285,37523413
2020-03-11,1446.285,1489.67355,1427.0012,1436.6431,29186985
2020-03-12,1398.0755,1398.0755,1258.26795,1258.26795,22457399
2020-03-13,1253.447,1340.2241,1171.49085,1287.19365,29420861
2020-03-16,1253.447,1263.0889,1200.41655,1200.41655,15456497
2020-03-17,1142.56515,1157.028,1118.4604,1118.4604,65964799.00000001
2020-03-18,1079.8928,1118.4604,1041.3252,1041.3252,50296725
2020-03-19,973.8319,1012.3995,969.01095,969.01095,50142606
2020-03-20,920.80145,940.08525,901.51765,911.15955,57366079
2020-03-23,867.771,867.771,848.4872,848.4872,12831392
2020-03-24,867.771,901.51765,790.6358,790.6358,24754353
2020-03-26,809.9196,877.4129,785.81485,790.6358,129236042
2020-03-27,829.2034,954.5481,819.5615,858.1291,142766674
2020-03-30,858.1291,858.1291,800.2777,800.2777,43012995
2020-03-31,829.2034,838.8453,790.6358,809.9196,52784513
2020-04-01,809.9196,848.4872,771.352,805.09865,45728435
2020-04-02,800.2777,824.38245,766.53105,814.74055,45421856
2020-04-03,819.5615,901.51765,819.5615,887.0548,59440151
2020-04-06,887.0548,973.8319,867.771,969.01095,73512793
2020-04-07,1007.57855,1060.609,940.08525,973.8319,84418942
2020-04-08,1002.7576,1002.7576,906.3386,906.3386,44551799
2020-04-09,949.72715,949.72715,877.4129,887.0548,45327373
2020-04-13,896.6967,911.15955,877.4129,887.0548,28786027
2020-04-14,891.87575,959.36905,891.87575,954.5481,48534313
2020-04-15,954.5481,983.4738,911.15955,925.6224,52266462
2020-04-16,915.9805,920.80145,862.95005,867.771,31616278
2020-04-17,901.51765,935.2643,891.87575,925.6224,45183210
2020-04-20,925.6224,930.44335,872.59195,882.23385,40777128
2020-04-21,887.0548,887.0548,838.8453,848.4872,33823105
2020-04-22,843.66625,867.771,824.38245,867.771,26248042
2020-04-23,867.771,882.23385,848.4872,848.4872,48819734
2020-04-24,848.4872,848.4872,795.45675,800.2777,64843962
2020-04-27,800.2777,819.5615,776.17295,790.6358,38452067.99999999
2020-04-28,790.6358,824.38245,780.9939,805.09865,42499818
2020-04-29,805.09865,819.5615,785.81485,795.45675,27745153
2020-04-30,805.09865,858.1291,800.2777,848.4872,75551499
2020-05-04,819.5615,838.8453,809.9196,838.8453,50126219
2020-05-05,848.4872,867.771,834.02435,843.66625,36663209
2020-05-06,848.4872,858.1291,838.8453,843.66625,18492413
2020-05-08,848.4872,848.4872,809.9196,814.74055,44735166
2020-05-11,834.02435,838.8453,824.38245,829.2034,20428546
2020-05-12,834.02435,834.02435,785.81485,795.45675,36286831
2020-05-13,795.45675,795.45675,742.4263,752.0682,111318619
2020-05-14,752.0682,752.0682,713.5006,718.32155,50633588
2020-05-15,732.7844,737.60535,699.03775,718.32155,37127951
2020-05-18,723.1425,732.7844,694.2168,732.7844,24857756
2020-05-19,737.60535,771.352,732.7844,732.7844,67986081
2020-05-20,737.60535,752.0682,723.1425,742.4263,37217975
2020-05-26,761.7101,761.7101,737.60535,737.60535,41690953
2020-05-27,747.24725,766.53105,742.4263,752.0682,70857196
2020-05-28,771.352,790.6358,756.88915,780.9939,118266523.99999999
2020-05-29,780.9939,780.9939,732.7844,732.7844,497859550
2020-06-02,742.4263,906.3386,732.7844,891.87575,544717120
2020-06-03,915.9805,1046.14615,915.9805,973.8319,625125545
2020-06-04,993.1157,1017.22045,935.2643,940.08525,266341073
2020-06-05,940.08525,1022.0414,915.9805,1017.22045,321714392
2020-06-08,1036.50425,1152.20705,1036.50425,1132.92325,362466318
2020-06-09,1157.028,1229.34225,1118.4604,1128.1023,338841825
2020-06-10,1123.28135,1157.028,1050.9671,1050.9671,230985282
2020-06-11,1055.78805,1079.8928,978.65285,988.29475,216581586
2020-06-12,959.36905,1094.35565,925.6224,1084.71375,316132608
2020-06-15,1084.71375,1142.56515,1022.0414,1022.0414,288194235
2020-06-16,1060.609,1118.4604,1060.609,1103.99755,229884358.00000003
2020-06-17,1137.7442,1142.56515,1084.71375,1099.1766,156869704
2020-06-18,1084.71375,1118.4604,1060.609,1094.35565,116581482
2020-06-19,1099.1766,1103.99755,1065.42995,1075.07185,155573382
2020-06-22,1075.07185,1084.71375,1060.609,1060.609,51451788
2020-06-23,1065.42995,1075.07185,1026.86235,1046.14615,58785820
2020-06-24,1060.609,1190.77465,1046.14615,1171.49085,445697321
2020-06-25,1128.1023,1185.9537,1118.4604,1137.7442,233261805
2020-06-26,1166.6699,1214.8794,1152.20705,1166.6699,270141154
2020-06-29,1157.028,1195.5956,1142.56515,1195.5956,133724473
2020-06-30,1219.70035,1248.62605,1195.5956,1200.41655,169085448.99999997
2020-07-01,1205.2375,1219.70035,1190.77465,1205.2375,78844107
2020-07-02,1214.8794,1224.5213,1195.5956,1205.2375,55821881
2020-07-03,1214.8794,1219.70035,1185.9537,1185.9537,54713697
2020-07-06,1185.9537,1214.8794,1176.3118,1195.5956,47132515
2020-07-07,1205.2375,1219.70035,1181.13275,1181.13275,47917630
2020-07-08,1185.9537,1296.83555,1181.13275,1292.0146,331409264.99999994
2020-07-09,1301.6565,1316.11935,1258.26795,1267.90985,168460469
2020-07-10,1258.26795,1277.55175,1238.98415,1248.62605,131710036
2020-07-13,1258.26795,1287.19365,1258.26795,1277.55175,67748887
2020-07-14,1229.34225,1301.6565,1229.34225,1272.7308,92645640
2020-07-15,1287.19365,1306.47745,1263.0889,1272.7308,70032047
2020-07-16,1272.7308,1287.19365,1263.0889,1267.90985,41221336
2020-07-17,1253.447,1282.3727,1253.447,1258.26795,25409514
2020-07-20,1263.0889,1263.0889,1190.77465,1195.5956,118400730
2020-07-21,1210.05845,1267.90985,1210.05845,1263.0889,102096682
2020-07-22,1263.0889,1272.7308,1234.1632,1238.98415,63596282
2020-07-23,1248.62605,1277.55175,1243.8051,1248.62605,69130461
2020-07-24,1248.62605,1248.62605,1219.70035,1229.34225,44073470
2020-07-27,1229.34225,1248.62605,1219.70035,1234.1632,25356620
2020-07-28,1243.8051,1248.62605,1219.70035,1219.70035,26763189
2020-07-29,1219.70035,1243.8051,1214.8794,1238.98415,32646262
2020-07-30,1243.8051,1258.26795,1219.70035,1219.70035,81774546
2020-08-03,1229.34225,1234.1632,1137.7442,1166.6699,92212530
2020-08-04,1181.13275,1238.98415,1176.3118,1234.1632,70877938
2020-08-05,1243.8051,1282.3727,1219.70035,1272.7308,137270973
2020-08-06,1277.55175,1301.6565,1267.90985,1292.0146,82733071
2020-08-07,1292.0146,1301.6565,1263.0889,1282.3727,37136871
2020-08-10,1287.19365,1292.0146,1267.90985,1287.19365,22388429
2020-08-11,1292.0146,1398.0755,1287.19365,1359.5079,182480423
2020-08-12,1359.5079,1436.6431,1345.04505,1412.53835,143782242
2020-08-13,1412.53835,1460.74785,1402.89645,1402.89645,67614266
2020-08-14,1402.89645,1417.3593,1383.61265,1398.0755,28095707
2020-08-18,1398.0755,1480.03165,1398.0755,1451.10595,76391271
2020-08-19,1455.9269,1504.1364,1446.285,1455.9269,75327891
2020-08-24,1460.74785,1484.8526,1441.46405,1470.38975,41714184
2020-08-25,1480.03165,1513.7783,1470.38975,1513.7783,55449859
2020-08-26,1523.4202,1523.4202,1494.4945,1508.95735,29196838
2020-08-27,1508.95735,1561.9878,1508.95735,1528.24115,48961511
2020-08-28,1537.88305,1542.704,1499.31545,1533.0621,24105829
2020-08-31,1533.0621,1552.3459,1489.67355,1518.59925,39845466
2020-09-01,1475.2107,1537.88305,1475.2107,1523.4202,21579564
2020-09-02,1533.0621,1533.0621,1508.95735,1528.24115,21609018
2020-09-03,1533.0621,1542.704,1508.95735,1508.95735,26005662
2020-09-04,1484.8526,1508.95735,1460.74785,1499.31545,19102770
2020-09-07,1504.1364,1508.95735,1480.03165,1489.67355,14475051
2020-09-08,1494.4945,1508.95735,1446.285,1446.285,31596573
2020-09-09,1427.0012,1427.0012,1354.68695,1359.5079,82060071
2020-09-10,1311.2984,1316.11935,1267.90985,1267.90985,56856947
2020-09-11,1185.9537,1320.9403,1181.13275,1282.3727,166444787
2020-09-14,1301.6565,1345.04505,1287.19365,1330.5822,94681235
2020-09-15,1345.04505,1359.5079,1311.2984,1330.5822,54975264
2020-09-16,1330.5822,1349.866,1282.3727,1292.0146,26548916
2020-09-17,1282.3727,1311.2984,1243.8051,1253.447,31843205
2020-09-18,1253.447,1287.19365,1238.98415,1267.90985,34457835
2020-09-21,1267.90985,1272.7308,1195.5956,1205.2375,41512564
2020-09-22,1181.13275,1195.5956,1147.3861,1157.028,60412055
2020-09-23,1166.6699,1185.9537,1099.1766,1132.92325,39736359
2020-09-24,1123.28135,1128.1023,1089.5347,1103.99755,31827129
2020-09-25,1108.8185,1214.8794,1103.99755,1190.77465,96238915
2020-09-28,1205.2375,1229.34225,1142.56515,1157.028,76442195
2020-09-29,1171.49085,1190.77465,1142.56515,1152.20705,59852726
2020-09-30,1176.3118,1185.9537,1123.28135,1157.028,43450461
2020-10-01,1176.3118,1195.5956,1161.84895,1190.77465,51563903
2020-10-02,1190.77465,1195.5956,1137.7442,1166.6699,35377674
2020-10-05,1181.13275,1195.5956,1161.84895,1195.5956,32462792
2020-10-06,1214.8794,1224.5213,1195.5956,1200.41655,54114541
2020-10-07,1190.77465,1200.41655,1176.3118,1181.13275,24400999
2020-10-08,1195.5956,1200.41655,1176.3118,1190.77465,17415447
2020-10-09,1195.5956,1200.41655,1176.3118,1185.9537,23297379
2020-10-12,1195.5956,1238.98415,1195.5956,1214.8794,62119914
2020-10-13,1224.5213,1282.3727,1195.5956,1277.55175,93857019
2020-10-14,1277.55175,1320.9403,1263.0889,1301.6565,61168441
2020-10-15,1296.83555,1316.11935,1263.0889,1267.90985,34654787
2020-10-16,1272.7308,1282.3727,1229.34225,1238.98415,58894927
2020-10-19,1248.62605,1263.0889,1238.98415,1263.0889,32482290
2020-10-20,1253.447,1263.0889,1238.98415,1243.8051,34903390
2020-10-21,1253.447,1263.0889,1234.1632,1238.98415,29907901
2020-10-22,1229.34225,1243.8051,1214.8794,1214.8794,27478816
2020-10-23,1272.7308,1436.6431,1272.7308,1378.7917,338194649.99999994
2020-10-26,1388.4336,1393.25455,1335.40315,1340.2241,94120246
2020-10-27,1330.5822,1364.32885,1320.9403,1340.2241,64858274
2020-11-02,1325.76125,1359.5079,1320.9403,1340.2241,30191041
2020-11-03,1349.866,1364.32885,1345.04505,1349.866,28668001
2020-11-04,1359.5079,1373.97075,1320.9403,1320.9403,46475176
2020-11-05,1359.5079,1388.4336,1340.2241,1383.61265,93492672
2020-11-06,1398.0755,1494.4945,1373.97075,1480.03165,214536657
2020-11-09,1528.24115,1547.52495,1480.03165,1508.95735,142002821
2020-11-10,1537.88305,1552.3459,1518.59925,1552.3459,137291197
2020-11-11,1552.3459,1581.2716,1537.88305,1542.704,89232308
2020-11-12,1542.704,1547.52495,1508.95735,1533.0621,48124539
2020-11-13,1523.4202,1561.9878,1513.7783,1557.16685,43216170.99999999
2020-11-16,1581.2716,1619.8392,1571.6297,1590.9135,73650629
2020-11-17,1605.37635,1615.01825,1581.2716,1590.9135,42412698
2020-11-18,1590.9135,1648.7649,1586.09255,1639.123,61494311
2020-11-19,1639.123,1668.0487,1619.8392,1643.94395,72125722
2020-11-20,1643.94395,1653.58585,1600.5554,1619.8392,36927369
2020-11-23,1624.66015,1658.4068,1619.8392,1648.7649,41527810
2020-11-24,1658.4068,1668.0487,1643.94395,1663.22775,46373640
2020-11-25,1672.86965,1706.6163,1639.123,1663.22775,62974621
2020-11-26,1653.58585,1687.3325,1648.7649,1687.3325,41601862
2020-11-27,1696.9744,1706.6163,1672.86965,1677.6906,31934888
2020-11-30,1692.15345,1692.15345,1561.9878,1586.09255,83445793
2020-12-01,1595.73445,1668.0487,1586.09255,1658.4068,77079102.6664869
2020-12-02,1668.0487,1682.51155,1658.4068,1677.6906,43802466.31887906
2020-12-03,1687.3325,1701.79535,1653.58585,1658.4068,79582447.44293138
2020-12-04,1658.4068,1668.0487,1639.123,1658.4068,30834171.68815275
2020-12-07,1677.6906,1692.15345,1658.4068,1672.86965,59328348.14714942
2020-12-08,1677.6906,1682.51155,1648.7649,1653.58585,39559215.50731702
2020-12-10,1668.0487,1677.6906,1643.94395,1648.7649,43782864.37320446
2020-12-11,1648.7649,1663.22775,1639.123,1643.94395,29837065.30870472
2020-12-14,1668.0487,1783.7515,1653.58585,1774.1096,213370704.9440463
2020-12-15,1778.93055,1827.14005,1759.64675,1769.28865,129046764.64182371
2020-12-16,1783.7515,1899.4543,1778.93055,1841.6029,104019850.85927048
2020-12-17,1846.42385,1870.5286,1817.49815,1851.2448,64526908.59685331
2020-12-18,1851.2448,1880.1705,1836.78195,1870.5286,48345969.15545691
2020-12-21,1880.1705,1928.38,1875.34955,1928.38,54502950.66325102
2020-12-22,1928.38,1928.38,1793.3934,1798.21435,105614868.43879318
2020-12-23,1807.85625,1831.961,1672.86965,1735.542,157396467.50121865
2020-12-28,1759.64675,1798.21435,1701.79535,1754.8258,58932160.67372614
2020-12-29,1783.7515,1783.7515,1692.15345,1706.6163,83720635.97423744
2020-12-30,1706.6163,1716.2582,1634.30205,1663.22775,74326948.00817266
2021-01-04,1672.86965,1764.4677,1643.94395,1754.8258,68859042.3049399
2021-01-05,1759.64675,1769.28865,1725.9001,1745.1839,34892811.58277932
2021-01-06,1769.28865,1783.7515,1668.0487,1740.36295,71553946.83620448
2021-01-07,1774.1096,1774.1096,1740.36295,1745.1839,32918097.05555959
2021-01-08,1754.8258,1812.6772,1754.8258,1788.57245,71149151.10092409
2021-01-11,1783.7515,1860.8867,1783.7515,1841.6029,84506891.7951856
2021-01-12,1846.42385,1870.5286,1817.49815,1836.78195,55594644.20912891
2021-01-13,1836.78195,1856.06575,1798.21435,1803.0353,51760959.97676806
2021-01-14,1803.0353,1880.1705,1793.3934,1836.78195,70273493.81346
2021-01-15,1841.6029,1856.06575,1764.4677,1788.57245,51826922.0796731
2021-01-18,1754.8258,1812.6772,1745.1839,1764.4677,42232858.66893454
2021-01-19,1783.7515,1788.57245,1716.2582,1735.542,41326087.18198695
2021-01-20,1740.36295,1803.0353,1711.43725,1798.21435,59418786.75364814
2021-01-21,1822.3191,1831.961,1774.1096,1793.3934,55227600.36922184
2021-01-22,1793.3934,1803.0353,1721.07915,1735.542,38558582.85192753
2021-01-25,1735.542,1750.00485,1677.6906,1716.2582,28587726.48544374
2021-01-26,1716.2582,1730.72105,1610.1973,1648.7649,40383845.50762817
2021-01-27,1648.7649,1668.0487,1571.6297,1639.123,39493564.54640682
2021-01-28,1571.6297,1639.123,1537.88305,1566.80875,43893734.63736401
2021-01-29,1581.2716,1610.1973,1460.74785,1513.7783,73257345.54392806
2021-02-01,1494.4945,1615.01825,1451.10595,1615.01825,64500772.66928718
2021-02-02,1629.4811,1716.2582,1595.73445,1677.6906,120090023.75050561
2021-02-03,1716.2582,1735.542,1648.7649,1668.0487,90468683.55821986
2021-02-04,1668.0487,1716.2582,1648.7649,1687.3325,62878167.16622242
2021-02-05,1701.79535,1725.9001,1682.51155,1725.9001,52461859.17713314
2021-02-08,1740.36295,1764.4677,1725.9001,1725.9001,43595868.03430859
2021-02-09,1730.72105,1754.8258,1672.86965,1672.86965,47821176.32416847
2021-02-10,1672.86965,1692.15345,1663.22775,1677.6906,19501757.95227082
2021-02-11,1687.3325,1692.15345,1663.22775,1668.0487,11769360.81062861
2021-02-15,1687.3325,1803.0353,1677.6906,1788.57245,81940696.33578444
2021-02-16,1798.21435,1875.34955,1793.3934,1860.8867,219525923.31386968
2021-02-17,1860.8867,1875.34955,1798.21435,1807.85625,115053775.70810732
2021-02-18,1807.85625,1841.6029,1778.93055,1793.3934,101147699.1049482
2021-02-19,1793.3934,1817.49815,1769.28865,1812.6772,44179570.41661913
2021-02-22,1822.3191,1870.5286,1822.3191,1860.8867,88340368.59954987
2021-02-23,1870.5286,1947.6638,1865.70765,1928.38,205519555.27437538
2021-02-24,1938.0219,2044.0828,1909.0962,2024.799,217077339.52851617
2021-02-25,2044.0828,2073.0085,2015.1571,2034.4409,103855567.88599758
2021-02-26,1976.5895,2073.0085,1947.6638,1995.8733,92472749.14695238
2021-03-01,2024.799,2053.7247,1986.2314,2053.7247,68238936.30923365
2021-03-02,2073.0085,2101.9342,2053.7247,2073.0085,44461361.3499414
2021-03-03,2082.6504,2082.6504,2015.1571,2044.0828,26205727.08698493
2021-03-04,2044.0828,2092.2923,1986.2314,2053.7247,48422302.65818978
2021-03-05,2024.799,2082.6504,2005.5152,2034.4409,39731795.60045219
2021-03-08,2053.7247,2092.2923,2044.0828,2073.0085,41298499.25844491
2021-03-09,2073.0085,2073.0085,1928.38,1928.38,77410365.17698795
2021-03-10,1884.99145,1957.3057,1836.78195,1918.7381,109181074.26959416
2021-03-12,1918.7381,1938.0219,1875.34955,1904.27525,71807631.27599332
2021-03-15,1909.0962,1947.6638,1894.63335,1899.4543,30960184.19606094
2021-03-16,1904.27525,1938.0219,1884.99145,1894.63335,41407917.52662857
2021-03-17,1904.27525,1909.0962,1851.2448,1856.06575,26162478.34970286
2021-03-18,1860.8867,1880.1705,1822.3191,1865.70765,46055964.07347099
2021-03-19,1865.70765,1870.5286,1841.6029,1851.2448,19746522.98820772
2021-03-22,1870.5286,1870.5286,1807.85625,1822.3191,29318495.31731298
2021-03-23,1822.3191,1836.78195,1750.00485,1764.4677,59728787.89450212
2021-03-24,1764.4677,1778.93055,1716.2582,1725.9001,52226220.97304473
2021-03-25,1725.9001,1769.28865,1701.79535,1721.07915,39286136.54985014
2021-03-26,1754.8258,1783.7515,1725.9001,1778.93055,62654870.92792914
2021-03-29,1783.7515,1807.85625,1721.07915,1735.542,58674742.52999927
2021-03-30,1735.542,1745.1839,1672.86965,1677.6906,44878291.62302036
2021-03-31,1687.3325,1706.6163,1643.94395,1658.4068,47732811.99763532
2021-04-01,1687.3325,1692.15345,1639.123,1663.22775,24964789.0975845
2021-04-05,1672.86965,1682.51155,1643.94395,1648.7649,19154938.34202802
2021-04-06,1648.7649,1672.86965,1639.123,1672.86965,21232122.29954677
2021-04-07,1672.86965,1677.6906,1605.37635,1639.123,48074445.9079642
2021-04-08,1619.8392,1648.7649,1619.8392,1634.30205,49607442.51651646
2021-04-09,1634.30205,1706.6163,1629.4811,1672.86965,112732241.5706448
2021-04-12,1672.86965,1672.86965,1557.16685,1557.16685,164721476.0576235
2021-04-13,1561.9878,1571.6297,1513.7783,1547.52495,77536999.9688858
2021-04-14,1561.9878,1615.01825,1561.9878,1605.37635,79518559.61999191
2021-04-15,1605.37635,1610.1973,1561.9878,1566.80875,38832595.23537892
2021-04-16,1571.6297,1586.09255,1518.59925,1523.4202,107728767.15170246
2021-04-19,1537.88305,1595.73445,1537.88305,1590.9135,92919860.19353032
2021-04-20,1590.9135,1595.73445,1552.3459,1561.9878,29541687.84160798
2021-04-21,1547.52495,1571.6297,1542.704,1552.3459,20005704.26990531
2021-04-22,1552.3459,1653.58585,1533.0621,1639.123,137621423.16348436
2021-04-23,1639.123,1643.94395,1566.80875,1571.6297,118581399.93154876
2021-04-26,1571.6297,1576.45065,1513.7783,1518.59925,117336520.81021376
2021-04-27,1518.59925,1547.52495,1518.59925,1528.24115,59906138.8315581
2021-04-28,1528.24115,1542.704,1523.4202,1528.24115,37233221.66792853
2021-04-29,1533.0621,1566.80875,1533.0621,1557.16685,57493647.51760546
2021-04-30,1557.16685,1561.9878,1533.0621,1533.0621,25435339.50777336
2021-05-03,1542.704,1552.3459,1533.0621,1547.52495,30611808.87584397
2021-05-04,1552.3459,1557.16685,1523.4202,1542.704,38023522.33480953
2021-05-05,1533.0621,1586.09255,1533.0621,1586.09255,82516827.59622066
2021-05-06,1595.73445,1600.5554,1557.16685,1571.6297,36730312.49027682
2021-05-07,1586.09255,1586.09255,1552.3459,1557.16685,28006720.66708844
2021-05-10,1561.9878,1590.9135,1561.9878,1581.2716,32439768.09549985
2021-05-11,1576.45065,1576.45065,1557.16685,1571.6297,22250801.1906367
2021-05-17,1561.9878,1571.6297,1528.24115,1528.24115,28552774.86802394
2021-05-18,1533.0621,1537.88305,1494.4945,1518.59925,41625820.63701138
2021-05-19,1518.59925,1518.59925,1494.4945,1494.4945,20705566.3302876
2021-05-20,1470.38975,1508.95735,1470.38975,1494.4945,33820305.12658294
2021-05-21,1508.95735,1518.59925,1489.67355,1499.31545,28630871.50872753
2021-05-24,1494.4945,1508.95735,1475.2107,1480.03165,25319387.25769817
2021-05-25,1480.03165,1547.52495,1480.03165,1518.59925,67234051.37991475
2021-05-27,1533.0621,1566.80875,1533.0621,1537.88305,31218743.19376886
2021-05-28,1542.704,1552.3459,1518.59925,1533.0621,27316607.72254431
2021-05-31,1533.0621,1581.2716,1533.0621,1576.45065,36260073.22208278
2021-06-02,1590.9135,1600.5554,1566.80875,1581.2716,41275371.03682884
2021-06-03,1590.9135,1595.73445,1571.6297,1586.09255,26465738.08066875
2021-06-04,1590.9135,1615.01825,1576.45065,1581.2716,45433368.94180608
2021-06-07,1590.9135,1595.73445,1537.88305,1547.52495,36187058.56729483
2021-06-08,1547.52495,1561.9878,1537.88305,1542.704,17347514.49403126
2021-06-09,1542.704,1566.80875,1533.0621,1547.52495,17473215.85994462
2021-06-10,1537.88305,1552.3459,1499.31545,1533.0621,46269926.05191923
2021-06-11,1528.24115,1561.9878,1528.24115,1542.704,31497215.27914623
2021-06-14,1557.16685,1561.9878,1513.7783,1513.7783,44047853.63880562
2021-06-15,1513.7783,1513.7783,1494.4945,1499.31545,29880832.61597818
2021-06-16,1499.31545,1504.1364,1494.4945,1499.31545,26992294.04992792
2021-06-17,1494.4945,1494.4945,1470.38975,1484.8526,24533235.1507483
2021-06-18,1484.8526,1484.8526,1393.25455,1417.3593,71536419.17049544
2021-06-21,1349.866,1383.61265,1340.2241,1359.5079,51572615.35589458
2021-06-22,1373.97075,1412.53835,1354.68695,1402.89645,37944595.98211971
2021-06-23,1402.89645,1407.7174,1369.1498,1373.97075,21617316.08915255
2021-06-24,1373.97075,1383.61265,1359.5079,1364.32885,23033738.16363995
2021-06-25,1364.32885,1383.61265,1330.5822,1330.5822,26559806.67710721
2021-06-28,1335.40315,1345.04505,1287.19365,1287.19365,19353343.2207345
2021-06-29,1287.19365,1320.9403,1277.55175,1282.3727,24601478.96161545
2021-06-30,1292.0146,1330.5822,1287.19365,1320.9403,20891006.95920928
2021-07-01,1330.5822,1359.5079,1311.2984,1311.2984,20471068.98018026
2021-07-02,1311.2984,1340.2241,1311.2984,1330.5822,14493097.83341458
2021-07-05,1340.2241,1345.04505,1301.6565,1306.47745,11169582.75858493
2021-07-06,1306.47745,1320.9403,1301.6565,1301.6565,10673103.84882648
2021-07-07,1306.47745,1320.9403,1292.0146,1296.83555,7415550.87690186
2021-07-08,1311.2984,1325.76125,1292.0146,1296.83555,13039961.00353665
2021-07-09,1311.2984,1316.11935,1277.55175,1287.19365,21378981.32110891
2021-07-12,1292.0146,1301.6565,1243.8051,1248.62605,45226252.08724422
2021-07-13,1248.62605,1272.7308,1224.5213,1229.34225,28670179.11407503
2021-07-14,1229.34225,1234.1632,1176.3118,1185.9537,41456248.24982628
2021-07-15,1190.77465,1277.55175,1190.77465,1238.98415,71619805.22511123
2021-07-16,1253.447,1282.3727,1243.8051,1267.90985,46898225.45348946
2021-07-19,1263.0889,1277.55175,1229.34225,1243.8051,27341706.51012767
2021-07-21,1253.447,1311.2984,1248.62605,1272.7308,66957964.71649778
2021-07-22,1282.3727,1330.5822,1282.3727,1316.11935,59265497.46419274
2021-07-23,1320.9403,1325.76125,1292.0146,1306.47745,24633630.30108174
2021-07-26,1311.2984,1325.76125,1292.0146,1306.47745,20559225.87871685
2021-07-27,1316.11935,1325.76125,1287.19365,1292.0146,24729876.89148404
2021-07-28,1292.0146,1301.6565,1253.447,1263.0889,24337630.54999533
2021-07-29,1282.3727,1316.11935,1272.7308,1301.6565,41909374.70830438
2021-07-30,1316.11935,1316.11935,1253.447,1267.90985,26909841.42129663
2021-08-02,1272.7308,1282.3727,1224.5213,1238.98415,35250417.44884307
2021-08-03,1238.98415,1277.55175,1229.34225,1267.90985,28615521.83698234
2021-08-04,1277.55175,1316.11935,1272.7308,1292.0146,32770926.89200261
2021-08-05,1301.6565,1378.7917,1296.83555,1373.97075,129958099.54469554
2021-08-06,1388.4336,1398.0755,1330.5822,1340.2241,51045644.5306423
2021-08-09,1340.2241,1349.866,1311.2984,1316.11935,32640143.54017362
2021-08-10,1316.11935,1335.40315,1296.83555,1325.76125,24637882.57501115
2021-08-12,1340.2241,1340.2241,1320.9403,1320.9403,17134797.08356237
2021-08-13,1330.5822,1335.40315,1301.6565,1320.9403,18515022.97265062
2021-08-16,1320.9403,1335.40315,1282.3727,1325.76125,28055155.10428442
2021-08-18,1325.76125,1412.53835,1320.9403,1373.97075,136791503.74926105
2021-08-19,1373.97075,1378.7917,1287.19365,1320.9403,73769174.12543172
2021-08-20,1316.11935,1345.04505,1301.6565,1345.04505,26023916.44800299
2021-08-23,1354.68695,1378.7917,1349.866,1378.7917,37719018.0358643
2021-08-24,1388.4336,1388.4336,1345.04505,1354.68695,21557265.68414939
2021-08-25,1359.5079,1364.32885,1345.04505,1349.866,12977836.31856792
2021-08-26,1349.866,1349.866,1320.9403,1340.2241,26641429.59375227
2021-08-27,1330.5822,1359.5079,1330.5822,1349.866,19136995.82032587
2021-08-30,1369.1498,1373.97075,1349.866,1369.1498,35229052.36519773
2021-08-31,1369.1498,1373.97075,1340.2241,1354.68695,29882388.32595236
2021-09-01,1369.1498,1369.1498,1345.04505,1354.68695,14882647.61094805
2021-09-02,1354.68695,1388.4336,1349.866,1373.97075,28605980.14914073
2021-09-03,1383.61265,1388.4336,1359.5079,1383.61265,20927099.43061015
2021-09-06,1388.4336,1422.18025,1383.61265,1407.7174,55644012.0723094
2021-09-07,1412.53835,1417.3593,1378.7917,1388.4336,24711519.51378878
2021-09-08,1388.4336,1393.25455,1349.866,1359.5079,31671869.65224696
2021-09-09,1359.5079,1369.1498,1325.76125,1364.32885,30246735.60190419
2021-09-10,1373.97075,1393.25455,1359.5079,1383.61265,34887314.74087057
2021-09-13,1383.61265,1393.25455,1364.32885,1388.4336,11437994.58612929
2021-09-14,1398.0755,1398.0755,1354.68695,1364.32885,21391323.28690403
2021-09-15,1359.5079,1364.32885,1340.2241,1345.04505,30053827.56510646
2021-09-16,1345.04505,1359.5079,1340.2241,1345.04505,12298405.91584646
2021-09-17,1345.04505,1354.68695,1335.40315,1345.04505,22691378.25532312
2021-09-20,1340.2241,1345.04505,1306.47745,1306.47745,18981839.67890146
2021-09-21,1301.6565,1301.6565,1272.7308,1296.83555,30401165.74534065
2021-09-22,1296.83555,1320.9403,1296.83555,1311.2984,18438067.18592808
2021-09-23,1335.40315,1335.40315,1311.2984,1325.76125,19826382.76688205
2021-09-24,1330.5822,1340.2241,1311.2984,1316.11935,16237670.99845466
2021-09-27,1325.76125,1330.5822,1306.47745,1311.2984,9268401.45614454
2021-09-28,1311.2984,1316.11935,1296.83555,1301.6565,13201028.84286292
2021-09-29,1296.83555,1349.866,1287.19365,1345.04505,25346145.46925399
2021-09-30,1349.866,1378.7917,1340.2241,1369.1498,49533701.86374055
2021-10-01,1354.68695,1455.9269,1349.866,1431.82215,111952934.58758129
2021-10-04,1441.46405,1513.7783,1431.82215,1475.2107,87305717.75272506
2021-10-05,1470.38975,1484.8526,1455.9269,1470.38975,45756126.9044483
2021-10-06,1480.03165,1557.16685,1480.03165,1528.24115,135143280.88862154
2021-10-07,1533.0621,1547.52495,1499.31545,1508.95735,53686514.06880387
2021-10-08,1523.4202,1566.80875,1518.59925,1528.24115,47825636.02609445
2021-10-11,1533.0621,1547.52495,1523.4202,1533.0621,27449880.21033199
2021-10-12,1533.0621,1561.9878,1528.24115,1557.16685,79541687.84160797
2021-10-13,1557.16685,1619.8392,1523.4202,1615.01825,130820274.01238345
2021-10-14,1624.66015,1672.86965,1624.66015,1643.94395,93372675.51001358
2021-10-15,1658.4068,1663.22775,1624.66015,1648.7649,48957674.31730261
2021-10-18,1653.58585,1783.7515,1648.7649,1774.1096,98389010.46474242
2021-10-19,1774.1096,1774.1096,1730.72105,1745.1839,64236613.11567222
2021-10-21,1764.4677,1774.1096,1706.6163,1730.72105,70175380.37108868
2021-10-22,1735.542,1764.4677,1711.43725,1754.8258,51120940.89339238
2021-10-25,1754.8258,1769.28865,1730.72105,1740.36295,47228243.39601116
2021-10-26,1745.1839,1750.00485,1716.2582,1716.2582,24329644.5721279
2021-10-27,1716.2582,1725.9001,1668.0487,1677.6906,42562254.32746658
2021-10-28,1677.6906,1687.3325,1615.01825,1682.51155,58279281.05456394
2021-10-29,1696.9744,1721.07915,1672.86965,1716.2582,58779908.52425352
2021-11-01,1730.72105,1745.1839,1716.2582,1725.9001,40549061.90688557
2021-11-02,1725.9001,1725.9001,1653.58585,1658.4068,30230037.64818138
2021-11-03,1677.6906,1711.43725,1658.4068,1701.79535,27947188.83207666
2021-11-04,1711.43725,1725.9001,1687.3325,1701.79535,37719329.17785914
2021-11-05,1701.79535,1711.43725,1639.123,1696.9744,35630010.68254182
2021-11-08,1701.79535,1735.542,1696.9744,1730.72105,40354390.73211712
2021-11-09,1735.542,1735.542,1701.79535,1706.6163,17117269.41785333
2021-11-10,1696.9744,1730.72105,1692.15345,1711.43725,37816198.05225111
2021-11-11,1711.43725,1730.72105,1706.6163,1725.9001,19867038.65420716
2021-11-12,1735.542,1764.4677,1721.07915,1725.9001,41202667.52403572
2021-11-15,1725.9001,1735.542,1668.0487,1687.3325,38827616.96346155
2021-11-16,1687.3325,1701.79535,1682.51155,1687.3325,18406538.13045147
2021-11-17,1692.15345,1711.43725,1687.3325,1701.79535,9457679.50300252
2021-11-18,1711.43725,1711.43725,1692.15345,1711.43725,16565718.37500907
2021-11-19,1711.43725,1735.542,1706.6163,1730.72105,17139567.92748317
2021-11-22,1735.542,1812.6772,1735.542,1793.3934,105238075.48304795
2021-11-23,1793.3934,1803.0353,1745.1839,1750.00485,48831972.95138926
2021-11-24,1754.8258,1764.4677,1745.1839,1750.00485,18613966.12700816
2021-11-25,1759.64675,1788.57245,1745.1839,1754.8258,36013130.19218204
2021-11-26,1754.8258,1764.4677,1716.2582,1725.9001,44045260.78884867
2021-11-29,1716.2582,1716.2582,1639.123,1687.3325,86433897.8831973
2021-11-30,1687.3325,1701.79535,1629.4811,1648.7649,78253041.4129995
2021-12-01,1653.58585,1668.0487,1600.5554,1624.66015,32881589.72816561
2021-12-02,1619.8392,1658.4068,1600.5554,1648.7649,32224872.69106712
2021-12-03,1658.4068,1692.15345,1639.123,1672.86965,34718883.20766654
2021-12-06,1677.6906,1696.9744,1658.4068,1687.3325,29312376.19141455
2021-12-07,1706.6163,1711.43725,1677.6906,1687.3325,14109978.32377436
2021-12-08,1706.6163,1706.6163,1672.86965,1687.3325,23130918.18002676
2021-12-09,1692.15345,1696.9744,1677.6906,1687.3325,8267872.51475332
2021-12-10,1682.51155,1696.9744,1672.86965,1687.3325,9381760.85626277
2021-12-13,1716.2582,1716.2582,1696.9744,1701.79535,18044265.1344652
2021-12-14,1701.79535,1701.79535,1663.22775,1687.3325,19472199.46276149
2021-12-15,1687.3325,1725.9001,1677.6906,1696.9744,17963057.07381325
2021-12-16,1711.43725,1725.9001,1663.22775,1663.22775,19284062.26988457
2021-12-17,1663.22775,1692.15345,1663.22775,1663.22775,9383938.85022661
2021-12-20,1658.4068,1668.0487,1648.7649,1658.4068,16641844.44974538
2021-12-21,1658.4068,1672.86965,1624.66015,1658.4068,14371233.88543752
2021-12-22,1658.4068,1677.6906,1653.58585,1658.4068,9088665.09712816
2021-12-23,1658.4068,1672.86965,1643.94395,1663.22775,5260996.27666746
2021-12-24,1663.22775,1668.0487,1643.94395,1648.7649,5934826.12348189
2021-12-27,1648.7649,1648.7649,1639.123,1648.7649,7677739.86454952
2021-12-28,1648.7649,1696.9744,1639.123,1692.15345,26079196.00908535
2021-12-29,1692.15345,1696.9744,1658.4068,1687.3325,9501757.95227082
2021-12-30,1687.3325,1692.15345,1663.22775,1668.0487,7975191.61161182
2022-01-03,1668.0487,1750.00485,1658.4068,1735.542,31983530.2170734
2022-01-04,1750.00485,1750.00485,1725.9001,1725.9001,16210705.35890229
2022-01-05,1716.2582,1745.1839,1663.22775,1668.0487,21031643.14087472
2022-01-06,1653.58585,1663.22775,1629.4811,1639.123,32388844.52234518
2022-01-07,1648.7649,1663.22775,1639.123,1658.4068,18176915.33826321
2022-01-10,1658.4068,1663.22775,1639.123,1648.7649,14762131.94494861
2022-01-11,1639.123,1648.7649,1634.30205,1639.123,27803856.08645599
2022-01-12,1643.94395,1653.58585,1624.66015,1643.94395,15951005.50721331
2022-01-13,1658.4068,1658.4068,1634.30205,1639.123,10311660.56482643
2022-01-14,1643.94395,1668.0487,1629.4811,1658.4068,9629222.45615491
2022-01-17,1658.4068,1663.22775,1629.4811,1639.123,10133791.05777907
2022-01-18,1639.123,1643.94395,1600.5554,1639.123,25062902.53995582
2022-01-19,1639.123,1643.94395,1605.37635,1619.8392,37371057.57164045
2022-01-20,1610.1973,1639.123,1610.1973,1619.8392,15108536.69919829
2022-01-21,1619.8392,1629.4811,1600.5554,1610.1973,19445130.10921084
2022-01-24,1610.1973,1629.4811,1571.6297,1600.5554,28169136.78839233
2022-01-25,1586.09255,1615.01825,1508.95735,1508.95735,48358518.54924859
2022-01-26,1504.1364,1547.52495,1494.4945,1537.88305,35233615.78112198
2022-01-27,1523.4202,1552.3459,1499.31545,1499.31545,24107178.04582084
2022-01-28,1508.95735,1682.51155,1508.95735,1672.86965,59021147.28424895
2022-01-31,1663.22775,1668.0487,1619.8392,1629.4811,32447028.07537934
2022-02-02,1639.123,1643.94395,1610.1973,1610.1973,13868739.56377892
2022-02-03,1615.01825,1615.01825,1590.9135,1600.5554,14340741.96994368
2022-02-04,1600.5554,1658.4068,1595.73445,1643.94395,19158153.47597465
2022-02-07,1648.7649,1701.79535,1643.94395,1692.15345,42531347.55597963
2022-02-08,1716.2582,1725.9001,1677.6906,1687.3325,58033686.30664081
2022-02-09,1706.6163,1735.542,1706.6163,1711.43725,70841535.38203052
2022-02-10,1721.07915,1730.72105,1692.15345,1706.6163,35330173.51351912
2022-02-11,1706.6163,1716.2582,1692.15345,1706.6163,22789595.41169272
2022-02-14,1706.6163,1706.6163,1677.6906,1706.6163,23650317.88340472
2022-02-15,1706.6163,1754.8258,1701.79535,1750.00485,79374915.7323764
2022-02-16,1759.64675,1769.28865,1740.36295,1740.36295,49134817.82636202
2022-02-17,1740.36295,1750.00485,1711.43725,1735.542,13784005.22718551
2022-02-18,1735.542,1745.1839,1721.07915,1730.72105,17007851.14966967
2022-02-21,1730.72105,1740.36295,1701.79535,1740.36295,25604808.18096018
2022-02-22,1730.72105,1730.72105,1677.6906,1687.3325,28535247.2023149
2022-02-23,1687.3325,1721.07915,1687.3325,1701.79535,30668229.2909074
2022-02-24,1701.79535,1716.2582,1648.7649,1677.6906,32271751.41828893
2022-02-25,1677.6906,1716.2582,1677.6906,1711.43725,27515012.60125079
2022-03-01,1716.2582,1745.1839,1672.86965,1677.6906,38431118.34804343
2022-03-02,1677.6906,1687.3325,1653.58585,1653.58585,36710088.26061254
2022-03-04,1653.58585,1653.58585,1605.37635,1624.66015,43656022.15331003
2022-03-07,1610.1973,1615.01825,1571.6297,1595.73445,51124570.88333213
2022-03-08,1586.09255,1639.123,1576.45065,1595.73445,22109127.86898848
2022-03-09,1595.73445,1648.7649,1595.73445,1639.123,27386199.81538908
2022-03-10,1668.0487,1668.0487,1619.8392,1643.94395,18823883.25952354
2022-03-11,1648.7649,1663.22775,1629.4811,1658.4068,18955081.46734565
2022-03-14,1653.58585,1668.0487,1629.4811,1629.4811,18584200.20950228
2022-03-15,1648.7649,1668.0487,1629.4811,1648.7649,15633744.38647984
2022-03-16,1639.123,1725.9001,1639.123,1687.3325,47468859.87201693
2022-03-17,1706.6163,1716.2582,1668.0487,1677.6906,18035553.15860982
2022-03-18,1677.6906,1687.3325,1648.7649,1672.86965,9951254.42080918
2022-03-21,1668.0487,1668.0487,1629.4811,1639.123,9643638.7019156
2022-03-22,1639.123,1658.4068,1634.30205,1643.94395,17805826.65242328
2022-03-23,1648.7649,1658.4068,1629.4811,1629.4811,20507991.16356734
2022-03-24,1629.4811,1696.9744,1624.66015,1687.3325,24390109.83312418
2022-03-25,1696.9744,1696.9744,1648.7649,1672.86965,13199058.27689563
2022-03-28,1687.3325,1711.43725,1668.0487,1687.3325,14428069.15649405
2022-03-29,1701.79535,1725.9001,1682.51155,1692.15345,23601883.44620874
2022-03-30,1687.3325,1701.79535,1658.4068,1663.22775,11902737.01241457
2022-03-31,1663.22775,1677.6906,1653.58585,1653.58585,5443947.76963047
2022-04-01,1653.58585,1672.86965,1629.4811,1643.94395,13559671.84890945
2022-04-04,1643.94395,1663.22775,1634.30205,1653.58585,12220309.27514287
2022-04-05,1658.4068,1663.22775,1639.123,1643.94395,15675229.98579118
2022-04-06,1639.123,1653.58585,1624.66015,1624.66015,28550908.01605493
2022-04-07,1624.66015,1634.30205,1590.9135,1595.73445,28811333.86573186
2022-04-08,1600.5554,1615.01825,1571.6297,1586.09255,25264937.40860204
2022-04-11,1586.09255,1595.73445,1561.9878,1561.9878,23289704.31139091
2022-04-12,1561.9878,1595.73445,1552.3459,1571.6297,16732905.34023377
2022-04-13,1571.6297,1600.5554,1557.16685,1576.45065,28292763.87434012
2022-04-14,1595.73445,1595.73445,1557.16685,1561.9878,15260581.42067435
2022-04-18,1561.9878,1581.2716,1552.3459,1552.3459,36519876.78777005
2022-04-19,1561.9878,1581.2716,1557.16685,1571.6297,14079382.69428225
2022-04-20,1581.2716,1619.8392,1571.6297,1605.37635,31275993.32081851
2022-04-21,1615.01825,1721.07915,1615.01825,1696.9744,133989358.94377664
2022-04-22,1706.6163,1750.00485,1706.6163,1711.43725,113959178.17027764
2022-04-25,1692.15345,1812.6772,1677.6906,1798.21435,151231292.58756053
2022-04-26,1803.0353,1860.8867,1769.28865,1769.28865,79462968.91691472
2022-04-27,1769.28865,1793.3934,1745.1839,1769.28865,39953224.98677646
2022-04-28,1783.7515,1817.49815,1769.28865,1778.93055,30299940.88302098
2022-05-09,1754.8258,1754.8258,1658.4068,1658.4068,47395326.64723758
2022-05-10,1624.66015,1648.7649,1586.09255,1639.123,68485360.76914302
2022-05-11,1643.94395,1677.6906,1619.8392,1619.8392,30791752.66285691
2022-05-12,1610.1973,1629.4811,1561.9878,1571.6297,58740289.77691119
2022-05-13,1590.9135,1595.73445,1552.3459,1586.09255,29112623.03073046
2022-05-17,1586.09255,1619.8392,1586.09255,1605.37635,21239900.84941764
2022-05-18,1624.66015,1624.66015,1586.09255,1615.01825,61266036.77698379
2022-05-19,1586.09255,1619.8392,1576.45065,1605.37635,39143737.23021396
2022-05-20,1615.01825,1615.01825,1595.73445,1600.5554,18187183.02409276
2022-05-23,1610.1973,1615.01825,1590.9135,1595.73445,19175162.5716923
2022-05-24,1610.1973,1629.4811,1600.5554,1619.8392,18884348.52051982
2022-05-25,1624.66015,1624.66015,1600.5554,1615.01825,21581949.61573964
2022-05-27,1624.66015,1639.123,1619.8392,1619.8392,23647621.31944949
2022-05-30,1634.30205,1634.30205,1595.73445,1615.01825,48267353.94476193
2022-05-31,1615.01825,1648.7649,1615.01825,1639.123,23543596.1791763
2022-06-02,1643.94395,1643.94395,1610.1973,1615.01825,25354546.30311453
2022-06-03,1619.8392,1629.4811,1615.01825,1615.01825,14599197.25365333
2022-06-06,1615.01825,1629.4811,1600.5554,1624.66015,38300231.28221616
2022-06-07,1629.4811,1639.123,1610.1973,1610.1973,14295937.52268744
2022-06-08,1610.1973,1615.01825,1552.3459,1566.80875,61700494.71577178
2022-06-09,1566.80875,1586.09255,1561.9878,1566.80875,15457326.87540837
2022-06-10,1566.80875,1566.80875,1499.31545,1504.1364,70636285.37943767
2022-06-13,1484.8526,1484.8526,1407.7174,1417.3593,68520934.6705525
2022-06-14,1412.53835,1470.38975,1402.89645,1436.6431,30427716.5288999
2022-06-15,1441.46405,1455.9269,1417.3593,1436.6431,14099192.06795341
2022-06-16,1446.285,1460.74785,1441.46405,1446.285,26380692.6020805
2022-06-17,1431.82215,1441.46405,1417.3593,1427.0012,18556404.85796368
2022-06-20,1446.285,1446.285,1402.89645,1412.53835,13552100.72703513
2022-06-21,1422.18025,1441.46405,1422.18025,1431.82215,10698202.63640984
2022-06-22,1441.46405,1470.38975,1427.0012,1436.6431,17646625.66506601
2022-06-23,1436.6431,1441.46405,1422.18025,1427.0012,9522189.60993165
2022-06-24,1446.285,1446.285,1431.82215,1431.82215,7696926.95423101
2022-06-27,1441.46405,1451.10595,1436.6431,1446.285,8158661.67456622
2022-06-28,1446.285,1446.285,1431.82215,1446.285,6216409.6288076
2022-06-29,1446.285,1446.285,1422.18025,1422.18025,10696439.49843911
2022-06-30,1422.18025,1436.6431,1402.89645,1402.89645,10121241.66398739
2022-07-01,1402.89645,1412.53835,1359.5079,1369.1498,15902467.35601904
2022-07-04,1373.97075,1378.7917,1325.76125,1349.866,12967879.7747332
2022-07-05,1354.68695,1373.97075,1345.04505,1349.866,14919362.36633858
2022-07-06,1349.866,1349.866,1325.76125,1349.866,6871570.95593192
2022-07-07,1349.866,1354.68695,1335.40315,1345.04505,8022485.19482675
2022-07-08,1349.866,1359.5079,1340.2241,1345.04505,8863190.86487103
2022-07-11,1345.04505,1349.866,1325.76125,1340.2241,15335462.92743132
2022-07-12,1340.2241,1388.4336,1325.76125,1378.7917,11867785.39499476
2022-07-13,1378.7917,1383.61265,1349.866,1359.5079,5576183.11743536
2022-07-14,1349.866,1373.97075,1330.5822,1340.2241,4520685.75695662
2022-07-15,1335.40315,1378.7917,1335.40315,1345.04505,6558250.96713303
2022-07-18,1349.866,1364.32885,1345.04505,1354.68695,5351227.45516963
2022-07-19,1364.32885,1388.4336,1349.866,1383.61265,10710648.31620324
2022-07-20,1398.0755,1431.82215,1398.0755,1412.53835,21049274.52058204
2022-07-21,1412.53835,1417.3593,1393.25455,1417.3593,8227216.6274282
2022-07-22,1417.3593,1417.3593,1393.25455,1412.53835,16642259.3057385
2022-07-25,1412.53835,1417.3593,1398.0755,1407.7174,6334125.01685352
2022-07-26,1407.7174,1427.0012,1398.0755,1402.89645,12142731.20443066
2022-07-27,1402.89645,1412.53835,1393.25455,1407.7174,8112923.80132547
2022-07-28,1412.53835,1436.6431,1407.7174,1412.53835,18417116.95827586
2022-07-29,1422.18025,1441.46405,1417.3593,1417.3593,25477654.81907093
2022-08-01,1417.3593,1436.6431,1412.53835,1431.82215,10387994.0675593
2022-08-02,1427.0012,1446.285,1417.3593,1427.0012,7333927.9602568
2022-08-03,1427.0012,1436.6431,1417.3593,1436.6431,6893143.46757382
2022-08-04,1446.285,1446.285,1422.18025,1427.0012,7463881.60009957
2022-08-05,1436.6431,1465.5688,1427.0012,1451.10595,23047843.2674058
2022-08-08,1465.5688,1489.67355,1455.9269,1484.8526,31546894.28432156
2022-08-09,1494.4945,1508.95735,1484.8526,1494.4945,19761354.08996152
2022-08-10,1489.67355,1494.4945,1470.38975,1475.2107,11313122.93220216
2022-08-11,1504.1364,1542.704,1494.4945,1518.59925,29186985.96749603
2022-08-12,1523.4202,1566.80875,1513.7783,1566.80875,34421846.31659735
2022-08-15,1566.80875,1571.6297,1523.4202,1528.24115,15623061.84465717
2022-08-16,1533.0621,1537.88305,1504.1364,1508.95735,9646750.12186395
2022-08-18,1504.1364,1504.1364,1475.2107,1489.67355,25904749.06398116
2022-08-19,1489.67355,1494.4945,1455.9269,1460.74785,24288055.25881828
2022-08-22,1460.74785,1460.74785,1431.82215,1446.285,16861718.12609548
2022-08-23,1436.6431,1475.2107,1431.82215,1465.5688,17101193.74812018
2022-08-24,1470.38975,1494.4945,1455.9269,1455.9269,15596303.63310136
2022-08-25,1455.9269,1484.8526,1455.9269,1465.5688,6417822.21346415
2022-08-26,1484.8526,1484.8526,1465.5688,1465.5688,4229353.13579274
2022-08-29,1465.5688,1475.2107,1446.285,1455.9269,9231479.27275744
2022-08-30,1455.9269,1470.38975,1446.285,1455.9269,17549549.36267748
2022-08-31,1451.10595,1470.38975,1451.10595,1451.10595,19649861.5418123
2022-09-01,1455.9269,1499.31545,1455.9269,1489.67355,17165185.28505792
2022-09-02,1494.4945,1494.4945,1480.03165,1489.67355,11955838.57953308
2022-09-05,1480.03165,1513.7783,1480.03165,1513.7783,22293842.49992222
2022-09-06,1518.59925,1523.4202,1494.4945,1499.31545,15583235.66931829
2022-09-07,1499.31545,1499.31545,1484.8526,1484.8526,14313776.33039131
2022-09-08,1489.67355,1533.0621,1489.67355,1523.4202,26154907.22782854
2022-09-09,1528.24115,1537.88305,1508.95735,1513.7783,14946120.5778944
2022-09-12,1508.95735,1523.4202,1475.2107,1480.03165,28848048.62112239
2022-09-13,1475.2107,1494.4945,1475.2107,1484.8526,24234538.83570666
2022-09-14,1475.2107,1484.8526,1460.74785,1480.03165,17232495.66994057
2022-09-15,1499.31545,1566.80875,1499.31545,1547.52495,78809778.15575768
2022-09-16,1557.16685,1557.16685,1513.7783,1518.59925,47184683.51673426
2022-09-19,1518.59925,1528.24115,1494.4945,1518.59925,26479428.32844149
2022-09-20,1528.24115,1533.0621,1508.95735,1518.59925,12873396.32230162
2022-09-21,1518.59925,1518.59925,1484.8526,1504.1364,21816550.67984526
2022-09-22,1494.4945,1508.95735,1489.67355,1508.95735,6786629.19134196
2022-09-23,1508.95735,1518.59925,1484.8526,1504.1364,13912092.01505927
2022-09-26,1489.67355,1494.4945,1460.74785,1494.4945,22209211.87732708
2022-09-27,1494.4945,1494.4945,1455.9269,1460.74785,21194474.11817173
2022-09-28,1455.9269,1470.38975,1451.10595,1451.10595,15686638.5256018
2022-09-29,1451.10595,1465.5688,1398.0755,1412.53835,30619172.56972174
2022-09-30,1412.53835,1441.46405,1378.7917,1431.82215,21739802.32111928
2022-10-03,1431.82215,1441.46405,1412.53835,1427.0012,8224105.20747985
2022-10-04,1436.6431,1446.285,1431.82215,1446.285,15526296.68426348
2022-10-05,1455.9269,1455.9269,1417.3593,1422.18025,18602142.73120443
2022-10-06,1422.18025,1431.82215,1398.0755,1398.0755,10458727.01438513
2022-10-07,1402.89645,1455.9269,1398.0755,1441.46405,16081685.14504403
2022-10-10,1441.46405,1446.285,1427.0012,1441.46405,11596884.43149172
2022-10-11,1441.46405,1446.285,1427.0012,1431.82215,5318557.54571195
2022-10-12,1431.82215,1436.6431,1398.0755,1412.53835,9650172.68380713
2022-10-13,1412.53835,1422.18025,1407.7174,1417.3593,6585112.89268713
2022-10-14,1427.0012,1441.46405,1417.3593,1417.3593,6278119.45778322
2022-10-17,1417.3593,1427.0012,1398.0755,1427.0012,8997811.63463633
2022-10-18,1436.6431,1446.285,1412.53835,1422.18025,8864539.14684865
2022-10-19,1427.0012,1427.0012,1402.89645,1407.7174,8441178.60587644
2022-10-20,1407.7174,1480.03165,1398.0755,1480.03165,29282610.27390867
2022-10-21,1475.2107,1475.2107,1446.285,1446.285,10222466.52630706
2022-10-24,1455.9269,1489.67355,1455.9269,1480.03165,23311691.67902592
2022-10-25,1489.67355,1499.31545,1465.5688,1470.38975,17433804.54059884
2022-10-26,1480.03165,1484.8526,1460.74785,1480.03165,10830126.84221989
2022-10-27,1494.4945,1508.95735,1480.03165,1494.4945,27054626.1628932
2022-10-28,1504.1364,1513.7783,1480.03165,1484.8526,15759756.89438803
2022-10-31,1494.4945,1494.4945,1480.03165,1489.67355,16485132.5983468
2022-11-01,1475.2107,1494.4945,1475.2107,1489.67355,9777118.61769983
2022-11-02,1489.67355,1489.67355,1470.38975,1480.03165,12761592.63215756
2022-11-03,1480.03165,1480.03165,1460.74785,1470.38975,6100353.66473413
2022-11-04,1470.38975,1480.03165,1455.9269,1480.03165,6950289.88062519
2022-11-07,1480.03165,1484.8526,1470.38975,1480.03165,5440317.77969073
2022-11-08,1484.8526,1489.67355,1470.38975,1470.38975,6209045.93492984
2022-11-09,1470.38975,1480.03165,1460.74785,1470.38975,5738288.09674442
2022-11-10,1470.38975,1470.38975,1455.9269,1470.38975,6185191.71532582
2022-11-11,1480.03165,1484.8526,1470.38975,1480.03165,12325993.8393885
2022-11-14,1489.67355,1494.4945,1470.38975,1480.03165,8878851.67861106
2022-11-15,1480.03165,1480.03165,1470.38975,1470.38975,3561434.98688018
2022-11-16,1470.38975,1480.03165,1451.10595,1460.74785,7469482.1560066
2022-11-17,1460.74785,1465.5688,1436.6431,1455.9269,7738931.12353374
2022-11-18,1455.9269,1470.38975,1455.9269,1460.74785,4055632.18867651
2022-11-21,1460.74785,1475.2107,1455.9269,1455.9269,6225121.60466298
2022-11-22,1455.9269,1470.38975,1455.9269,1465.5688,4872172.49712194
2022-11-23,1470.38975,1470.38975,1455.9269,1455.9269,4583121.58392018
2022-11-24,1460.74785,1480.03165,1460.74785,1465.5688,4836183.73971935
2022-11-25,1465.5688,1470.38975,1451.10595,1470.38975,7125047.9677242
2022-11-28,1460.74785,1480.03165,1455.9269,1475.2107,7924475.46645371
2022-11-29,1480.03165,1484.8526,1470.38975,1470.38975,8877918.25262656
2022-11-30,1470.38975,1494.4945,1470.38975,1480.03165,38473744.80133583
2022-12-01,1489.67355,1508.95735,1484.8526,1484.8526,24774266.48274718
2022-12-02,1484.8526,1489.67355,1460.74785,1460.74785,15085304.76358394
2022-12-05,1455.9269,1484.8526,1402.89645,1402.89645,36470612.63858783
2022-12-06,1402.89645,1422.18025,1359.5079,1364.32885,34330577.9981124
2022-12-07,1364.32885,1373.97075,1345.04505,1345.04505,11159626.2147502
2022-12-08,1345.04505,1369.1498,1330.5822,1349.866,18073305.05398314
2022-12-09,1349.866,1359.5079,1296.83555,1311.2984,25411589.00216762
2022-12-12,1311.2984,1340.2241,1301.6565,1335.40315,12165133.42805878
2022-12-13,1335.40315,1354.68695,1335.40315,1349.866,15088312.46953401
2022-12-14,1349.866,1359.5079,1335.40315,1345.04505,8686980.78179612
2022-12-15,1345.04505,1354.68695,1330.5822,1340.2241,11774857.65253736
2022-12-16,1330.5822,1330.5822,1306.47745,1316.11935,17384436.67741835
2022-12-19,1316.11935,1330.5822,1311.2984,1316.11935,10037544.46737676
2022-12-20,1316.11935,1335.40315,1316.11935,1330.5822,7512419.75129383
2022-12-21,1335.40315,1349.866,1325.76125,1345.04505,25628558.68656592
2022-12-22,1354.68695,1364.32885,1345.04505,1354.68695,32444227.79742582
2022-12-23,1355,1375,1335,1345,17067900
2022-12-26,1345,1375,1345,1375,9988100
2022-12-27,1380,1430,1380,1410,24591700
2022-12-28,1410,1415,1340,1355,42582700
2022-12-29,1330,1360,1325,1350,27404400
2022-12-30,1340,1375,1335,1350,38108600
2023-01-02,1345,1355,1330,1335,28383300
2023-01-03,1335,1335,1300,1320,67788200
2023-01-04,1310,1340,1305,1320,96498800
2023-01-05,1315,1325,1295,1310,103335100
2023-01-06,1310,1345,1300,1340,62874100
2023-01-09,1345,1360,1320,1330,52584500
2023-01-10,1330,1330,1240,1245,171068300
2023-01-11,1240,1245,1210,1230,59542200
2023-01-12,1240,1270,1235,1250,62063200
2023-01-13,1255,1260,1225,1240,25858000
2023-01-16,1250,1270,1230,1270,33616300
2023-01-17,1275,1295,1265,1275,35520000
2023-01-18,1280,1290,1265,1280,22369600
2023-01-19,1280,1315,1275,1310,40277400
2023-01-20,1310,1325,1305,1315,28017300
2023-01-24,1315,1350,1315,1340,64563700
2023-01-25,1340,1390,1340,1385,64282800
2023-01-26,1385,1395,1370,1380,36641700
2023-01-27,1390,1425,1375,1400,62689300
2023-01-30,1400,1410,1375,1380,19761300
2023-01-31,1380,1390,1360,1360,22806000
2023-02-01,1360,1385,1360,1365,27357100
2023-02-02,1370,1375,1350,1350,27896100
2023-02-03,1350,1390,1350,1385,34415900
2023-02-06,1385,1395,1360,1365,25647800
2023-02-07,1365,1390,1355,1370,44935200
2023-02-08,1385,1405,1375,1385,40207600
2023-02-09,1385,1410,1365,1370,57392300
2023-02-10,1375,1385,1360,1380,24165700
2023-02-13,1375,1390,1365,1375,15810000
2023-02-14,1370,1380,1365,1365,15281100
2023-02-15,1365,1375,1330,1335,56421400
2023-02-16,1350,1360,1340,1350,25721100
2023-02-17,1360,1380,1350,1370,41432400
2023-02-20,1365,1380,1350,1355,23555900
2023-02-21,1355,1360,1340,1340,12611000
2023-02-22,1340,1345,1320,1335,20791400
2023-02-23,1335,1350,1330,1350,12165400
2023-02-24,1350,1360,1335,1340,9483600
2023-02-27,1350,1350,1330,1335,12808100
2023-02-28,1335,1340,1325,1325,19998700
2023-03-01,1330,1340,1325,1325,8424100
2023-03-02,1335,1335,1320,1320,14126300
2023-03-03,1330,1330,1305,1310,27166900
2023-03-06,1310,1320,1280,1280,36771500
2023-03-07,1280,1295,1270,1275,19367800
2023-03-08,1275,1275,1255,1265,14682600
2023-03-09,1265,1295,1265,1285,10811200
2023-03-10,1280,1280,1260,1275,12143200
2023-03-13,1275,1275,1240,1245,22166700
2023-03-14,1240,1245,1190,1195,60372500
2023-03-15,1205,1225,1170,1175,36574800
2023-03-16,1175,1185,1150,1180,24284600
2023-03-17,1195,1245,1190,1235,32252600
2023-03-20,1230,1235,1200,1200,16208500
2023-03-21,1205,1230,1205,1215,11375100
2023-03-24,1225,1295,1220,1280,39551700
2023-03-27,1295,1300,1265,1265,29374900
2023-03-28,1270,1280,1255,1260,39245500
2023-03-29,1225,1240,1215,1240,22497400
2023-03-30,1240,1255,1235,1240,15106300
2023-03-31,1245,1250,1220,1225,12780500
2023-04-03,1230,1240,1220,1225,14103600
2023-04-04,1225,1235,1215,1215,10657200
2023-04-05,1215,1260,1215,1230,27575000
2023-04-06,1240,1255,1230,1235,19282700
2023-04-10,1235,1245,1230,1240,22733500
2023-04-11,1240,1260,1235,1235,9764100
2023-04-12,1245,1265,1240,1255,20199400
2023-04-13,1260,1275,1255,1270,24366900
2023-04-14,1300,1300,1265,1265,28943500
2023-04-17,1270,1270,1250,1255,13160300
2023-04-18,1255,1275,1245,1250,19242100
2023-04-26,1250,1265,1240,1260,16033500
2023-04-27,1260,1265,1245,1250,20811400
2023-04-28,1250,1255,1240,1245,24053900
2023-05-02,1245,1260,1240,1250,15485600
2023-05-03,1250,1250,1220,1225,13592500
2023-05-04,1225,1240,1210,1230,13009600
2023-05-05,1230,1230,1210,1220,13060200
2023-05-08,1220,1235,1210,1215,16887800
2023-05-09,1220,1300,1220,1295,94435700
2023-05-10,1300,1320,1285,1285,58285500
2023-05-11,1285,1295,1270,1290,20688100
2023-05-12,1290,1325,1290,1325,46977500
2023-05-15,1325,1340,1310,1335,60359600
2023-05-16,1335,1340,1295,1295,28528600
2023-05-17,1295,1320,1275,1290,19709400
2023-05-19,1295,1330,1290,1320,43637500
2023-05-22,1320,1330,1305,1310,25678400
2023-05-23,1310,1340,1275,1280,59185600
2023-05-24,1275,1285,1260,1280,20282600
2023-05-25,1280,1295,1255,1260,42468900
2023-05-26,1255,1260,1220,1225,62438100
2023-05-29,1225,1240,1215,1230,24051800
2023-05-30,1235,1255,1225,1245,18516200
2023-05-31,1245,1280,1235,1280,28879600
2023-06-05,1280,1280,1245,1275,30234200
2023-06-06,1275,1320,1265,1315,63813300
2023-06-07,1305,1320,1305,1315,20793600
2023-06-08,1315,1320,1295,1305,17533200
2023-06-09,1315,1320,1290,1300,13344000
2023-06-12,1305,1310,1280,1310,24541800
2023-06-13,1310,1315,1265,1270,36874200
2023-06-14,1270,1280,1255,1260,25491100
2023-06-15,1260,1280,1250,1280,20866200
2023-06-16,1280,1280,1265,1280,16401400
2023-06-19,1280,1305,1270,1300,34998600
2023-06-20,1300,1310,1295,1300,16977500
2023-06-21,1310,1340,1305,1340,65693700
2023-06-22,1345,1350,1325,1330,35978400
2023-06-23,1340,1340,1320,1330,17046600
2023-06-26,1330,1330,1305,1315,13496300
2023-06-27,1315,1335,1310,1320,25293800
2023-07-03,1320,1330,1305,1315,26879000
2023-07-04,1320,1325,1315,1315,19876600
2023-07-05,1315,1330,1295,1305,33063000
2023-07-06,1305,1320,1295,1320,27457900
2023-07-07,1320,1320,1300,1310,19889500
2023-07-10,1310,1320,1305,1310,12659100
2023-07-11,1310,1325,1305,1325,16759000
2023-07-12,1325,1330,1305,1305,35286200
2023-07-13,1315,1320,1305,1320,16463500
2023-07-14,1320,1325,1310,1320,17915500
2023-07-17,1320,1385,1320,1365,118676200
2023-07-18,1365,1395,1355,1370,46550300
2023-07-20,1370,1375,1360,1370,22632200
2023-07-21,1360,1365,1330,1360,55501500
2023-07-24,1350,1350,1315,1325,94272500
2023-07-25,1330,1335,1305,1310,50924000
2023-07-26,1315,1325,1305,1315,18796400
2023-07-27,1320,1325,1310,1310,15850300
2023-07-28,1305,1310,1280,1300,31425400
2023-07-31,1300,1320,1300,1315,15298400
2023-08-01,1315,1315,1295,1300,15558800
2023-08-02,1300,1300,1280,1290,24768500
2023-08-03,1285,1300,1280,1295,11941400
2023-08-04,1295,1305,1285,1290,9191300
2023-08-07,1295,1315,1290,1310,18107700
2023-08-08,1315,1315,1300,1305,10036200
2023-08-09,1305,1310,1295,1305,17824900
2023-08-10,1305,1310,1290,1295,13584300
2023-08-11,1295,1300,1290,1295,9014700
2023-08-14,1300,1300,1285,1300,13956700
2023-08-15,1300,1310,1295,1300,17726600
2023-08-16,1300,1300,1290,1300,9670900
2023-08-18,1300,1300,1290,1295,10551900
2023-08-21,1295,1295,1280,1280,21016700
2023-08-22,1280,1285,1265,1270,24924400
2023-08-23,1270,1275,1265,1270,11962500
2023-08-24,1270,1285,1270,1275,9029000
2023-08-25,1280,1285,1265,1265,12999800
2023-08-28,1270,1285,1270,1275,8376400
2023-08-29,1275,1280,1265,1270,9169400
2023-08-30,1270,1285,1270,1270,12816600
2023-08-31,1275,1280,1255,1255,19996700
2023-09-01,1255,1265,1250,1250,10725700
2023-09-04,1250,1260,1250,1255,8835100
2023-09-05,1255,1260,1240,1250,17720100
2023-09-06,1250,1260,1240,1245,16720900
2023-09-07,1245,1250,1230,1240,20487500
2023-09-08,1240,1250,1235,1250,11824400
2023-09-11,1250,1250,1235,1245,11395600
2023-09-12,1240,1245,1235,1240,5488500
2023-09-13,1240,1250,1230,1240,10352700
2023-09-14,1240,1245,1230,1230,7105400
2023-09-15,1230,1235,1220,1220,19947100
2023-09-18,1215,1230,1215,1220,10190500
2023-09-19,1215,1245,1215,1235,7318100
2023-09-20,1235,1250,1235,1235,12717200
2023-09-21,1240,1240,1225,1230,6514200
2023-09-22,1230,1240,1225,1230,6863900
2023-09-25,1235,1245,1230,1230,13112000
2023-09-26,1230,1240,1225,1225,7522900
2023-09-27,1220,1230,1215,1225,12320300
2023-09-29,1225,1230,1215,1220,9703700
2023-10-02,1220,1245,1220,1240,12355800
2023-10-03,1245,1265,1235,1260,23070200
2023-10-04,1265,1265,1235,1250,24373900
2023-10-05,1250,1260,1240,1245,11212000
2023-10-06,1250,1265,1245,1255,11251100
2023-10-09,1255,1265,1245,1255,9371200
2023-10-10,1255,1260,1245,1250,8636100
2023-10-11,1250,1255,1240,1240,6198500
2023-10-12,1240,1260,1240,1245,6895000
2023-10-13,1245,1255,1235,1245,7336100
2023-10-16,1240,1245,1230,1235,7476400
2023-10-17,1235,1245,1225,1235,5338000
2023-10-18,1235,1240,1220,1225,14200100
2023-10-19,1225,1230,1205,1210,17672600
2023-10-20,1200,1220,1200,1210,12315400
2023-10-23,1200,1210,1180,1190,12666200
2023-10-24,1190,1235,1180,1225,9378600
2023-10-25,1225,1240,1220,1220,7738500
2023-10-26,1220,1225,1185,1195,12488200
2023-10-27,1195,1215,1190,1205,7685100
2023-10-30,1205,1215,1195,1215,5511800
2023-10-31,1210,1225,1195,1225,7473700
2023-11-01,1225,1225,1185,1195,8955300
2023-11-02,1195,1230,1195,1205,10661600
2023-11-03,1210,1215,1195,1200,10516900
2023-11-06,1210,1225,1200,1215,10759300
2023-11-07,1220,1225,1205,1210,8227700
2023-11-08,1210,1215,1200,1210,7752700
2023-11-09,1205,1220,1205,1210,4511000
2023-11-10,1215,1220,1205,1215,5973800
2023-11-13,1210,1220,1200,1210,5498400
2023-11-14,1210,1215,1205,1205,2788200
2023-11-15,1245,1260,1225,1245,27722600
2023-11-16,1245,1250,1235,1245,5771600
2023-11-17,1240,1295,1240,1290,45268800
2023-11-20,1295,1300,1275,1285,13931200
2023-11-21,1285,1285,1250,1260,11512900
2023-11-22,1255,1265,1250,1260,10704200
2023-11-23,1260,1280,1260,1270,9032800
2023-11-24,1270,1275,1255,1265,8861000
2023-11-27,1265,1295,1265,1290,24245600
2023-11-28,1295,1305,1290,1295,26158700
2023-11-29,1300,1300,1270,1280,12237200
2023-11-30,1280,1295,1270,1295,17928400
2023-12-01,1295,1300,1265,1270,18840100
2023-12-04,1275,1290,1270,1290,13557100
2023-12-05,1290,1290,1275,1285,11062900
2023-12-06,1285,1285,1260,1265,8324200
2023-12-07,1260,1265,1225,1225,22094100
2023-12-08,1220,1230,1210,1220,18702700
2023-12-11,1220,1225,1205,1210,11109600
2023-12-12,1220,1220,1200,1205,8649300
2023-12-13,1205,1210,1195,1195,9472900
2023-12-14,1210,1235,1210,1225,16704500
2023-12-15,1230,1240,1220,1230,7070600
2023-12-18,1235,1235,1215,1220,8122300
2023-12-19,1220,1230,1220,1230,3115100
2023-12-20,1230,1235,1210,1220,18767500
2023-12-21,1220,1250,1205,1215,17570600
2023-12-22,1215,1220,1205,1205,14894600
2023-12-27,1210,1215,1200,1210,17227200
2023-12-28,1215,1260,1210,1245,23858500
2023-12-29,1260,1260,1240,1250,10717300
2024-01-02,1250,1270,1235,1265,18356000
2024-01-03,1260,1265,1240,1255,8177200
2024-01-04,1255,1300,1255,1295,48133000
2024-01-05,1295,1315,1290,1295,56421700
2024-01-08,1295,1320,1285,1285,29209000
2024-01-09,1295,1330,1285,1330,72285300
2024-01-10,1335,1350,1320,1335,37578100
2024-01-11,1335,1360,1325,1360,33127300
2024-01-12,1365,1375,1345,1350,38989300
2024-01-15,1350,1360,1330,1355,31646600
2024-01-16,1360,1360,1325,1325,33671300
2024-01-17,1325,1345,1325,1335,23833300
2024-01-18,1340,1350,1325,1335,16203500
2024-01-19,1335,1370,1335,1355,43778700
2024-01-22,1355,1385,1350,1375,50723000
2024-01-23,1375,1375,1320,1330,30784600
2024-01-24,1330,1335,1280,1290,51088200
2024-01-25,1290,1310,1280,1290,20418600
2024-01-26,1290,1290,1270,1285,12158100
2024-01-29,1285,1310,1280,1310,14744100
2024-01-30,1310,1310,1290,1295,23658400
2024-01-31,1300,1320,1295,1305,22739900
2024-02-01,1300,1305,1290,1295,19655700
2024-02-02,1295,1305,1275,1280,18959200
2024-02-05,1280,1285,1260,1270,22453300
2024-02-06,1275,1280,1255,1260,13277700
2024-02-07,1260,1275,1250,1255,24778200
2024-02-12,1275,1370,1270,1360,93552500
2024-02-13,1360,1375,1335,1345,35366700
2024-02-15,1375,1410,1360,1385,107323500
2024-02-16,1390,1405,1355,1365,47138800
2024-02-19,1365,1375,1340,1350,31298800
2024-02-20,1355,1460,1350,1460,162716100
2024-02-21,1460,1485,1440,1475,96539700
2024-02-22,1480,1500,1460,1485,79653900
2024-02-23,1485,1485,1420,1460,83249900
2024-02-26,1460,1465,1435,1460,24620900
2024-02-27,1455,1480,1440,1450,31630000
2024-02-28,1455,1465,1435,1455,27064000
2024-02-29,1455,1465,1425,1430,31173300
2024-03-01,1425,1455,1420,1440,31758200
2024-03-04,1445,1445,1400,1410,42691800
2024-03-05,1410,1420,1345,1350,111696100
2024-03-06,1360,1390,1355,1385,41312300
2024-03-07,1390,1390,1365,1365,27127200
2024-03-08,1370,1385,1360,1380,31098900
2024-03-13,1385,1405,1365,1380,39976000
2024-03-14,1385,1430,1380,1425,65310000
2024-03-15,1425,1430,1395,1395,60084100
2024-03-18,1395,1400,1365,1365,39741700
2024-03-19,1330,1360,1320,1345,30806900
2024-03-20,1345,1370,1335,1365,24944600
2024-03-21,1380,1460,1375,1425,111976900
2024-03-22,1425,1570,1410,1560,229921300
2024-03-25,1560,1590,1520,1585,97619900
2024-03-26,1585,1610,1560,1600,86123300
2024-03-27,1590,1610,1570,1595,56030000
2024-03-28,1595,1595,1535,1555,43278200
2024-04-01,1555,1555,1435,1490,138726400
2024-04-02,1490,1500,1430,1475,99865700
2024-04-03,1470,1475,1450,1465,36682500
2024-04-04,1465,1530,1460,1515,66590500
2024-04-05,1515,1525,1495,1500,26906100
2024-04-16,1445,1470,1390,1400,114716500
2024-04-17,1405,1425,1365,1375,67115200
2024-04-18,1385,1420,1380,1420,41495800
2024-04-19,1400,1400,1350,1375,50946500
2024-04-22,1380,1390,1330,1360,36392600
2024-04-23,1370,1395,1355,1370,29622400
2024-04-24,1380,1415,1370,1375,55140300
2024-04-25,1375,1375,1340,1350,29692900
2024-04-26,1360,1365,1280,1290,85302300
2024-04-29,1285,1310,1265,1310,49891300
2024-04-30,1310,1340,1295,1320,33227500
2024-05-02,1305,1310,1265,1280,28220300
2024-05-03,1280,1290,1260,1265,20143200
2024-05-06,1280,1300,1270,1290,23547400
2024-05-07,1285,1295,1265,1270,15220800
2024-05-08,1270,1280,1220,1225,52119300
2024-05-13,1220,1250,1215,1240,27680800
2024-05-14,1245,1260,1230,1240,19397400
2024-05-15,1240,1285,1235,1275,33981100
2024-05-16,1290,1305,1270,1275,29298000
2024-05-17,1275,1325,1260,1300,34890800
2024-05-20,1300,1320,1265,1270,23408300
2024-05-21,1265,1280,1225,1240,29280200
2024-05-22,1240,1255,1230,1235,22633100
2024-05-27,1235,1240,1200,1200,34436900
2024-05-28,1210,1255,1210,1250,30108400
2024-05-29,1250,1265,1230,1260,26417400
2024-05-30,1265,1265,1215,1235,30772700
2024-05-31,1240,1250,1225,1225,37501300
2024-06-03,1235,1275,1225,1265,26837700
2024-06-04,1275,1290,1265,1265,33599700
2024-06-05,1270,1280,1250,1270,25324900
2024-06-06,1280,1290,1260,1290,20729000
2024-06-07,1275,1280,1245,1245,21779900
2024-06-10,1245,1255,1225,1235,13416800
2024-06-11,1240,1245,1215,1220,11482500
2024-06-12,1210,1225,1205,1225,12852700
2024-06-13,1245,1250,1230,1240,21280600
2024-06-14,1240,1240,1205,1205,13993500
2024-06-19,1205,1225,1175,1175,32257200
2024-06-20,1175,1235,1175,1230,33350200
2024-06-21,1235,1265,1220,1250,22513600
2024-06-24,1255,1265,1240,1240,13429700
2024-06-25,1240,1250,1225,1240,7950600
2024-06-26,1240,1255,1235,1245,7606300
2024-06-27,1255,1270,1245,1260,11387900
2024-06-28,1260,1290,1260,1265,20656800
2024-07-01,1270,1290,1265,1275,17987200
2024-07-02,1275,1285,1270,1275,13158600
2024-07-03,1280,1285,1255,1265,9618600
2024-07-04,1265,1295,1260,1285,26524700
2024-07-05,1290,1310,1275,1280,21637900
2024-07-08,1280,1310,1260,1310,27024600
2024-07-09,1310,1325,1295,1295,23764100
2024-07-10,1295,1320,1285,1285,13364300
2024-07-11,1290,1295,1275,1295,11378900
2024-07-12,1310,1370,1310,1360,72033400
2024-07-15,1365,1365,1345,1360,23847500
2024-07-16,1375,1385,1365,1380,31340200
2024-07-17,1380,1415,1375,1415,45039100
2024-07-18,1410,1415,1380,1390,38189900
2024-07-19,1390,1395,1355,1370,22374600
2024-07-22,1370,1390,1355,1370,19685100
2024-07-23,1385,1385,1350,1360,16641200
2024-07-24,1360,1370,1335,1355,19806300
2024-07-25,1355,1355,1315,1325,19547800
2024-07-26,1325,1340,1300,1310,31796100
2024-07-29,1320,1325,1305,1310,17274400
2024-07-30,1320,1325,1300,1310,17051000
2024-07-31,1310,1330,1305,1315,30237800
2024-08-01,1325,1345,1320,1340,27408100
2024-08-02,1330,1340,1320,1320,14875500
2024-08-05,1310,1310,1235,1245,61184900
2024-08-06,1255,1275,1235,1275,23647200
2024-08-07,1275,1280,1260,1270,13283200
2024-08-08,1270,1275,1255,1260,13845800
2024-08-09,1270,1285,1265,1265,9489800
2024-08-12,1270,1280,1260,1280,7995700
2024-08-13,1280,1320,1275,1310,24621000
2024-08-14,1320,1330,1300,1305,22814400
2024-08-15,1310,1320,1290,1300,19501200
2024-08-16,1310,1315,1300,1305,10629900
2024-08-19,1315,1315,1295,1315,18102700
2024-08-20,1325,1370,1315,1365,63466500
2024-08-21,1375,1380,1350,1350,35065700
2024-08-22,1350,1350,1320,1320,27867900
2024-08-23,1325,1375,1325,1370,36112400
2024-08-26,1370,1440,1365,1435,98131200
2024-08-27,1435,1440,1390,1400,46632500
2024-08-28,1415,1425,1385,1420,45616800
2024-08-29,1420,1420,1390,1390,38064200
2024-08-30,1400,1410,1390,1410,28041200
2024-09-02,1410,1415,1390,1395,25419100
2024-09-03,1400,1405,1375,1385,21849300
2024-09-04,1360,1385,1360,1365,26326300
2024-09-05,1370,1410,1370,1405,37101000
2024-09-06,1405,1430,1395,1405,38675500
2024-09-09,1405,1425,1380,1400,26798200
2024-09-10,1410,1435,1400,1425,44240100
2024-09-11,1430,1460,1415,1445,50746100
2024-09-12,1445,1460,1435,1440,28954700
2024-09-13,1440,1440,1415,1430,22573300
2024-09-17,1430,1460,1430,1445,32685400
2024-09-18,1450,1495,1445,1485,70162900
2024-09-19,1500,1545,1490,1535,115224900
2024-09-20,1535,1540,1505,1530,51627300
2024-09-23,1530,1545,1515,1530,32668100
2024-09-24,1530,1530,1510,1515,33881600
2024-09-25,1495,1495,1425,1445,89349800
2024-09-26,1450,1470,1425,1465,33165200
2024-09-27,1465,1465,1435,1460,33465100
2024-09-30,1460,1460,1430,1450,16399600
2024-10-01,1450,1470,1435,1465,15570800
2024-10-02,1465,1465,1405,1415,33017100
2024-10-03,1410,1415,1375,1390,32696300
2024-10-04,1390,1395,1350,1365,26603000
2024-10-07,1365,1395,1350,1385,24354800
2024-10-08,1385,1430,1370,1410,37189100
2024-10-09,1415,1430,1390,1390,21579100
2024-10-10,1400,1400,1380,1390,7132300
2024-10-11,1400,1460,1400,1450,57485900
2024-10-14,1450,1485,1440,1480,39344900
2024-10-15,1490,1505,1480,1490,40905900
2024-10-16,1495,1525,1485,1500,72887700
2024-10-17,1505,1525,1500,1505,25849100
2024-10-18,1515,1515,1485,1500,21884700
2024-10-21,1510,1515,1485,1490,13809100
2024-10-22,1490,1490,1460,1470,22958600
2024-10-23,1470,1490,1460,1480,16406100
2024-10-24,1480,1505,1470,1495,20592200
2024-10-25,1505,1505,1460,1470,14898200
2024-10-28,1470,1470,1430,1450,14606100
2024-10-29,1450,1450,1425,1425,9926200
2024-10-30,1425,1425,1390,1405,23566400
2024-10-31,1405,1455,1400,1405,38857700
2024-11-01,1415,1415,1390,1415,12336600
2024-11-04,1415,1415,1365,1380,32796100
2024-11-05,1380,1390,1360,1370,25992100
2024-11-06,1380,1400,1315,1330,45253800
2024-11-07,1325,1360,1315,1340,25644200
2024-11-08,1345,1360,1305,1325,19416100
2024-11-11,1330,1330,1270,1295,28969000
2024-11-12,1295,1310,1280,1300,15095500
2024-11-13,1300,1345,1300,1330,19311200
2024-11-14,1330,1330,1300,1305,10510300
2024-11-15,1300,1305,1280,1290,6830100
2024-11-18,1290,1295,1260,1260,9941900
2024-11-19,1265,1295,1265,1280,8585400
2024-11-20,1290,1295,1265,1270,10593000
2024-11-21,1275,1275,1240,1245,25820700
2024-11-22,1260,1280,1250,1260,25077700
2024-11-25,1265,1335,1265,1290,38369000
2024-11-26,1305,1305,1275,1295,18729100
2024-11-28,1295,1295,1275,1290,16974400
2024-11-29,1285,1290,1260,1285,13080100
2024-12-02,1280,1285,1220,1220,15979400
2024-12-03,1230,1250,1200,1205,38599900
2024-12-04,1210,1245,1205,1220,37117700
2024-12-05,1230,1230,1205,1210,13817100
2024-12-06,1210,1220,1200,1210,22950900
2024-12-09,1210,1245,1210,1235,27441100
2024-12-10,1235,1240,1225,1235,15518100
2024-12-11,1235,1260,1230,1250,22065400
2024-12-12,1245,1250,1220,1230,16663100
2024-12-13,1225,1225,1200,1210,16015500
2024-12-16,1215,1220,1195,1200,15066400
2024-12-17,1200,1205,1165,1170,21107100
2024-12-18,1170,1190,1150,1155,24313900
2024-12-19,1135,1150,1105,1110,26931400
2024-12-20,1110,1125,1105,1125,10651000
2024-12-23,1140,1150,1130,1140,12581700
2024-12-24,1135,1150,1130,1130,7787300
2024-12-27,1130,1145,1130,1135,8187200
2024-12-30,1130,1140,1125,1140,5928800
2025-01-02,1145,1200,1145,1190,14632600
2025-01-03,1190,1200,1160,1185,7598200
2025-01-06,1180,1180,1150,1160,9904000
2025-01-07,1160,1160,1135,1155,11343500
2025-01-08,1150,1165,1125,1145,8164200
2025-01-09,1140,1150,1130,1130,6074500
2025-01-10,1130,1145,1120,1120,9507700
2025-01-13,1110,1115,1070,1080,29112600
2025-01-14,1080,1090,1040,1050,25207000
2025-01-15,1050,1105,1050,1095,50261300
2025-01-16,1115,1130,1095,1105,56313700
2025-01-17,1100,1110,1075,1085,41021600
2025-01-20,1100,1110,1080,1095,27122500
2025-01-21,1115,1120,1085,1095,59439200
2025-01-22,1100,1105,1085,1085,15943500
2025-01-23,1085,1105,1085,1085,20373300
2025-01-24,1090,1095,1060,1065,21273100
2025-01-30,1060,1065,1015,1020,29905700
2025-01-31,1025,1060,1025,1045,32702000
2025-02-03,1040,1040,1005,1010,36238500
2025-02-04,1020,1025,1000,1005,32212100
2025-02-05,1005,1010,990,995,23461600
2025-02-06,995,1005,955,970,44182900
2025-02-07,970,980,955,965,25124400
2025-02-10,965,965,940,945,30213200
2025-02-11,940,955,905,920,29904200
2025-02-12,920,940,910,930,25382900
2025-02-13,925,945,920,940,23550400
2025-02-14,940,985,935,975,28382800
2025-02-17,975,1000,960,990,50965900
2025-02-18,990,1010,980,995,50424200
2025-02-19,995,1000,965,965,24651300
2025-02-20,965,980,945,960,21047400
2025-02-21,960,960,930,935,21598700
2025-02-24,935,945,920,920,18996400
2025-02-25,920,930,900,910,21777000
2025-02-26,910,930,890,900,21909500
2025-02-27,900,920,885,895,21933700
2025-02-28,885,885,835,835,68591800
2025-03-03,870,895,855,880,56966800
2025-03-04,875,880,855,855,34389600
2025-03-05,855,910,855,880,60254500
2025-03-06,880,905,870,875,53402400
2025-03-07,870,870,850,855,54271800
2025-03-10,855,860,845,855,26620700
2025-03-11,845,855,835,845,29637300
2025-03-12,845,860,845,850,21068000
2025-03-13,860,865,825,830,40218500
2025-03-14,830,835,815,820,25513000
2025-03-17,820,830,815,830,18909400
2025-03-18,830,840,800,825,56509300
2025-03-19,825,845,815,830,27700900
2025-03-20,835,860,800,815,43989600
2025-03-21,815,815,770,770,64153800
2025-03-24,780,810,755,785,57407100
2025-03-25,785,825,785,820,39877400
2025-03-26,840,905,840,895,110143000
2025-03-27,890,905,855,885,74403600
2025-04-08,790,880,770,810,70216500
2025-04-09,810,870,810,825,42592500
2025-04-10,875,885,855,880,47721000
2025-04-11,870,885,855,880,36054100
2025-04-14,890,910,885,910,55660000
2025-04-15,865,910,865,885,75272300
2025-04-16,895,975,895,965,153584000
2025-04-17,960,960,925,945,55101600
2025-04-21,945,955,910,920,20455700
2025-04-22,915,965,910,965,32714100
2025-04-23,985,1030,960,1010,82283000
2025-04-24,1045,1050,1000,1015,90755300
2025-04-25,1040,1055,1025,1035,60843500
2025-04-28,1040,1105,1040,1100,73362600
2025-04-29,1100,1100,1060,1085,46465900
2025-04-30,1085,1085,1045,1055,48675200
2025-05-02,1070,1070,1050,1050,33351100
2025-05-05,1060,1070,1035,1055,30361700
2025-05-06,1055,1060,1045,1055,16967300
2025-05-07,1060,1065,1045,1055,14763600
2025-05-08,1075,1185,1070,1160,209274700
2025-05-09,1165,1175,1130,1150,28497400
2025-05-14,1170,1225,1155,1220,93784100
2025-05-15,1225,1260,1225,1240,56684700
2025-05-16,1250,1255,1215,1250,34963300
2025-05-19,1250,1260,1230,1240,34406100
2025-05-20,1240,1290,1225,1230,56185600
2025-05-21,1240,1295,1240,1275,60436400
2025-05-22,1290,1320,1275,1275,43676900
2025-05-23,1285,1305,1270,1270,25227600
2025-05-26,1270,1280,1250,1265,28992000
2025-05-27,1270,1280,1260,1275,29759200
2025-05-28,1275,1275,1240,1255,24773900
2025-06-02,1255,1260,1195,1200,54710100
2025-06-03,1195,1215,1170,1200,34827800
2025-06-04,1220,1220,1180,1190,11914600
2025-06-05,1190,1190,1140,1145,44077400
2025-06-10,1150,1200,1150,1190,21332600
2025-06-11,1200,1200,1170,1180,10140500
2025-06-12,1185,1185,1145,1180,22393100
2025-06-13,1175,1175,1150,1160,8542800
2025-06-16,1150,1170,1150,1150,14050800
2025-06-17,1150,1215,1150,1200,39678300
2025-06-18,1215,1215,1170,1175,30617600
2025-06-19,1175,1180,1125,1145,25093600
2025-06-20,1145,1145,1105,1110,31820500
2025-06-23,1090,1095,1055,1085,24057000
2025-06-24,1105,1135,1105,1115,15918100
2025-06-25,1135,1135,1095,1100,10317800
2025-06-26,1105,1150,1095,1150,18000000
2025-06-30,1150,1155,1115,1115,17522000
2025-07-01,1120,1125,1085,1095,22160300
2025-07-02,1100,1100,1070,1090,17967700
2025-07-03,1090,1105,1070,1080,13241400
2025-07-04,1080,1100,1075,1085,6888200
2025-07-07,1085,1095,1070,1085,6688700
2025-07-08,1085,1090,1070,1080,11473700
2025-07-09,1080,1110,1080,1100,10232200
2025-07-10,1110,1160,1105,1155,29456900
2025-07-11,1170,1200,1155,1195,32597400
2025-07-14,1200,1205,1165,1185,22594200
2025-07-15,1190,1210,1165,1210,15293200
2025-07-16,1235,1270,1230,1240,51188200
2025-07-17,1240,1245,1215,1220,12791700
2025-07-18,1235,1240,1205,1205,14390200
2025-07-21,1210,1215,1175,1175,16819600
2025-07-22,1180,1190,1170,1175,12309200
2025-07-23,1180,1195,1165,1190,7971700
2025-07-24,1200,1250,1190,1215,27236000
2025-07-25,1210,1210,1180,1195,8300700
2025-07-28,1195,1215,1180,1185,9530900
2025-07-29,1190,1190,1155,1175,19042800
2025-07-30,1175,1180,1150,1150,21305600
2025-07-31,1150,1150,1110,1115,35857000
2025-08-01,1115,1140,1115,1115,12079300
2025-08-04,1115,1125,1090,1095,25459100
2025-08-05,1095,1135,1095,1115,20823700
2025-08-06,1115,1135,1110,1130,14511100
2025-08-07,1130,1130,1110,1115,9107100
2025-08-08,1105,1120,1095,1115,8822700
2025-08-11,1110,1220,1105,1205,70689200
2025-08-12,1210,1280,1205,1260,72378400
2025-08-13,1275,1360,1230,1335,132059900
2025-08-14,1340,1375,1325,1350,72254600
2025-08-15,1350,1355,1280,1280,37158200
2025-08-19,1280,1280,1245,1255,18954900
2025-08-20,1280,1330,1255,1320,48467200
2025-08-21,1325,1335,1270,1280,31318800
2025-08-22,1285,1300,1265,1270,11752600
2025-08-25,1315,1320,1295,1300,21053300
2025-08-26,1300,1300,1260,1260,19669700
2025-08-27,1270,1280,1235,1240,17590400
2025-08-28,1285,1320,1285,1305,50418200
2025-08-29,1305,1310,1275,1300,38371500
2025-09-01,1225,1290,1220,1280,29772100
2025-09-02,1280,1300,1260,1275,18825800
2025-09-03,1280,1295,1260,1270,13531800
2025-09-04,1270,1285,1255,1280,11069400
2025-09-08,1290,1315,1155,1155,59151800
2025-09-09,1200,1250,1190,1220,44407300
2025-09-10,1205,1290,1205,1275,30235400
2025-09-11,1315,1380,1305,1355,113362400
2025-09-12,1385,1445,1370,1410,113504400
2025-09-15,1450,1450,1385,1390,53574200
2025-09-16,1390,1395,1335,1345,42500700
2025-09-17,1345,1415,1335,1390,105109100
2025-09-18,1400,1405,1320,1325,68120300
2025-09-19,1325,1345,1320,1335,27934400
2025-09-22,1340,1345,1305,1305,20724000
2025-09-23,1305,1330,1285,1305,42784300
2025-09-24,1305,1310,1260,1275,35098300
2025-09-25,1275,1295,1240,1275,37979300
2025-09-26,1280,1300,1270,1300,15371400
2025-09-29,1300,1310,1285,1290,13469300
2025-09-30,1290,1300,1270,1285,22256900
2025-10-01,1290,1295,1250,1265,31300200
2025-10-02,1265,1285,1250,1265,23851100
2025-10-03,1260,1260,1210,1215,50772700
2025-10-06,1215,1230,1180,1195,32520100
2025-10-07,1195,1215,1175,1200,30396700
2025-10-08,1205,1210,1175,1180,21930700
2025-10-09,1190,1265,1160,1235,147891900
2025-10-10,1225,1225,1185,1185,63735400
2025-10-13,1150,1170,1130,1140,69579100
2025-10-14,1140,1160,1120,1130,28587300
2025-10-15,1140,1160,1120,1140,49069300
2025-10-16,1140,1175,1130,1150,38997900
2025-10-17,1150,1175,1140,1140,39688000
2025-10-20,1155,1250,1155,1235,109037100
2025-10-21,1250,1260,1220,1225,55931500
2025-10-22,1230,1260,1165,1170,111962800
2025-10-23,1175,1215,1175,1195,57813900
2025-10-24,1205,1230,1205,1205,57807900
2025-10-27,1215,1235,1190,1205,50417800
2025-10-28,1215,1215,1195,1195,26799200
2025-10-29,1200,1240,1200,1235,47563700
2025-10-30,1235,1265,1225,1235,66920300
2025-10-31,1245,1245,1215,1225,31696700
2025-11-03,1225,1240,1210,1215,43702900
2025-11-04,1215,1225,1205,1215,39577400
2025-11-05,1210,1220,1205,1220,31664300
2025-11-06,1220,1235,1210,1225,27442700
2025-11-07,1225,1245,1215,1230,31514100
2025-11-10,1240,1240,1210,1220,30983200
2025-11-11,1225,1225,1195,1200,33661200
2025-11-12,1200,1220,1200,1210,15669500
2025-11-13,1210,1210,1190,1200,17652400
2025-11-14,1195,1210,1190,1195,13327200
2025-11-17,1195,1225,1195,1210,20744600
2025-11-18,1210,1225,1200,1210,22244400
2025-11-19,1210,1215,1200,1200,11670700
2025-11-20,1205,1220,1200,1200,22734900
2025-11-21,1200,1205,1180,1185,27330400
2025-11-24,1190,1210,1190,1210,17144300
2025-11-25,1210,1210,1195,1200,11451800
2025-11-26,1200,1205,1190,1195,11962300
2025-11-27,1195,1205,1185,1190,11856200
2025-11-28,1190,1195,1185,1195,11676400
2025-12-01,1180,1205,1180,1185,13496800
2025-12-02,1190,1200,1175,1180,24184200
2025-12-03,1185,1185,1175,1180,11352600
2025-12-04,1185,1185,1170,1175,12483700
2025-12-05,1175,1180,1160,1165,12789900
2025-12-08,1170,1175,1140,1150,49462900
2025-12-09,1150,1155,1125,1130,48307800
2025-12-10,1130,1140,1100,1100,56029800
2025-12-11,1110,1130,1090,1095,35261800
2025-12-12,1095,1100,1070,1090,22401300
2025-12-15,1100,1175,1095,1170,71873200
2025-12-16,1175,1185,1135,1145,38271100
2025-12-17,1145,1165,1135,1160,32484700
2025-12-18,1160,1195,1160,1185,56271300
2025-12-19,1185,1190,1165,1170,19889000
2025-12-22,1170,1175,1145,1155,14063500
2025-12-23,1155,1155,1140,1155,14338800
2025-12-24,1150,1165,1145,1160,12027100
2025-12-29,1160,1165,1150,1150,11437200
2025-12-30,1150,1175,1145,1175,28434600
2026-01-02,1175,1175,1150,1160,8387700
2026-01-05,1150,1170,1145,1160,24958400
2026-01-06,1160,1170,1155,1170,13959300
2026-01-07,1190,1190,1165,1165,25128900
2026-01-08,1165,1190,1160,1160,19657400
2026-01-09,1165,1170,1155,1160,12324700
2026-01-12,1160,1175,1150,1160,19099100
2026-01-13,1165,1180,1160,1165,22021900
2026-01-14,1165,1220,1165,1200,94341600
2026-01-15,1210,1245,1200,1220,73045400
2026-01-19,1220,1240,1205,1220,51929900
2026-01-20,1220,1235,1215,1220,32176700
2026-01-21,1225,1225,1200,1215,38212700
2026-01-22,1215,1235,1215,1230,36345400
2026-01-23,1230,1240,1205,1230,33558600
2026-01-26,1230,1235,1210,1230,31539600
2026-01-27,1240,1255,1235,1245,62334100
2026-01-28,1230,1245,1165,1195,80973700
2026-01-29,1185,1205,1075,1180,73582900
2026-01-30,1185,1245,1185,1230,56374000
2026-02-02,1250,1260,1195,1220,49149700
2026-02-03,1220,1235,1175,1225,32456800
2026-02-04,1225,1350,1220,1340,181059100
2026-02-05,1340,1345,1305,1320,83713300
2026-02-06,1280,1310,1270,1280,67283700
2026-02-09,1300,1300,1245,1255,59703000
2026-02-10,1265,1310,1265,1295,58724300
2026-02-11,1310,1345,1310,1345,89168600
2026-02-12,1345,1380,1340,1360,78711600
2026-02-13,1360,1390,1350,1365,50873600
2026-02-18,1365,1400,1355,1390,40446100
2026-02-19,1395,1395,1345,1365,48209500
2026-02-20,1375,1375,1350,1365,16748000
2026-02-23,1365,1385,1365,1380,16281100
2026-02-24,1380,1395,1365,1380,25602500
2026-02-25,1385,1410,1365,1395,45426800
2026-02-26,1405,1415,1390,1405,39370200
2026-02-27,1400,1410,1370,1390,22946500
2026-03-02,1340,1360,1300,1315,71480500
2026-03-03,1315,1345,1310,1340,32026200
2026-03-04,1330,1330,1235,1255,57210400
2026-03-05,1270,1320,1270,1315,36316100
2026-03-06,1305,1350,1285,1340,43681600
2026-03-09,1230,1280,1230,1275,35676300
2026-03-10,1300,1305,1265,1285,26727600
2026-03-11,1285,1300,1275,1290,13879200
2026-03-12,1290,1320,1270,1270,27969000
2026-03-13,1270,1280,1250,1260,15293200
2026-03-16,1255,1270,1230,1250,12694600
2026-03-17,1245,1280,1245,1270,11983000
2026-03-25,1260,1290,1255,1285,12605300
2026-03-26,1300,1300,1280,1290,8153600
2026-03-27,1285,1290,1240,1260,10205800
2026-03-30,1260,1265,1240,1265,12711600
2026-03-31,1280,1280,1255,1255,13719600
2026-04-01,1280,1295,1270,1275,7505700
2026-04-02,1275,1285,1260,1265,7593900
2026-04-06,1265,1270,1250,1255,8412800
2026-04-07,1260,1265,1245,1265,7161700
2026-04-08,1285,1310,1285,1295,17675800
2026-04-09,1300,1300,1275,1295,6463200
2026-04-10,1290,1305,1285,1290,11087800
2026-04-13,1280,1290,1250,1275,24620600
2026-04-14,1285,1375,1285,1345,51609800
2026-04-15,1350,1380,1340,1345,38041700
2026-04-16,1390,1390,1325,1335,29413000
2026-04-17,1340,1345,1305,1310,17983400
2026-04-20,1310,1325,1305,1305,15808300
2026-04-21,1305,1340,1300,1330,17500400
2026-04-22,1330,1425,1325,1415,69518500
2026-04-23,1420,1505,1420,1490,167582700
2026-04-24,1455,1455,1365,1400,104641600
2026-04-27,1400,1400,1350,1380,34916700
2026-04-28,1390,1410,1350,1395,24586400
2026-04-29,1395,1410,1375,1410,26168400
2026-04-30,1410,1410,1340,1355,20281100
2026-05-04,1345,1370,1335,1360,18032200
2026-05-05,1360,1380,1350,1365,28836400
2026-05-06,1365,1375,1350,1355,10532400
2026-05-07,1370,1420,1365,1420,32991500
2026-05-08,1415,1415,1365,1370,19322200
2026-05-11,1370,1370,1330,1360,13815000
2026-05-12,1360,1390,1335,1380,12397600
2026-05-13,1355,1360,1340,1340,11114000
2026-05-18,1310,1315,1245,1270,33416800
2026-05-19,1265,1305,1260,1285,18592400
2026-05-20,1285,1300,1245,1300,12808900
2026-05-21,1300,1320,1260,1275,12556900
2026-05-22,1280,1290,1240,1285,6748400
2026-05-25,1305,1400,1285,1390,31441700
2026-05-26,1390,1390,1335,1340,8260400
2026-05-29,1335,1345,1270,1270,27517100
2026-06-02,1270,1290,1270,1280,9086100
2026-06-03,1280,1280,1190,1210,16780500
2026-06-04,1205,1220,1150,1215,13982100
2026-06-05,1235,1235,1140,1140,12731400
2026-06-08,1130,1130,1040,1050,21562200
2026-06-09,1045,1180,1045,1175,35068000
2026-06-10,1175,1230,1170,1210,29611000
2026-06-11,1210,1240,1175,1185,14996700
2026-06-12,1200,1295,1190,1260,35491400
2026-06-15,1265,1330,1265,1290,28789300
2026-06-17,1290,1320,1235,1250,24747000
2026-06-18,1250,1255,1220,1240,11568500
2026-06-19,1240,1255,1210,1225,12631600
2026-06-22,1225,1225,1170,1190,16074100
2026-06-23,1190,1190,1125,1150,26843100
2026-06-24,1155,1180,1110,1120,19267200
2026-06-25,1120,1155,1115,1120,26194700
2026-06-26,1130,1140,1090,1110,32605300
2026-06-29,1125,1135,1095,1135,17887800
2026-06-30,1130,1135,1075,1100,28430000
2026-07-01,1095,1095,1065,1080,21607500
2026-07-02,1075,1105,1070,1090,29824000
2026-07-03,1095,1165,1090,1160,27689400
2026-07-06,1160,1170,1140,1165,15184200
2026-07-07,1165,1220,1160,1220,25586200
2026-07-08,1210,1210,1175,1175,11841200
2026-07-09,1175,1190,1155,1170,23234200
2026-07-10,1175,1200,1175,1180,8715200
2026-07-13,1180,1205,1165,1205,17409900
2026-07-14,1205,1205,1180,1190,15054500
2026-07-15,1190,1220,1185,1205,15395400
2026-07-16,1205,1225,1195,1210,18280900
2026-07-17,1230,1285,1230,1260,55021200
2026-07-20,1260,1285,1255,1265,24419000
2026-07-21,1265,1280,1255,1265,15441000
2026-07-22,1265,1275,1250,1260,21305400
2026-07-23,1265,1275,1250,1260,19514500
2026-07-24,1255,1255,1205,1205,22683100
2026-07-27,1205,1230,1205,1220,13477600
2026-07-28,1220,1230,1205,1215,6423300
2026-07-29,1215,1220,1180,1195,11110100
2026-07-30,1205,1220,1185,1205,11253600
2026-07-31,1215,1220,1210,1215,8530900
2026-08-03,1215,1220,1200,1210,6253800
2026-08-04,1210,1230,1205,1225,18288000
2026-08-05,1235,1240,1215,1220,14934200
2026-08-06,1220,1245,1215,1220,17064600
2026-08-07,1220,1240,1220,1230,12376700
2026-08-10,1235,1250,1220,1235,16433600
2026-08-11,1235,1235,1200,1210,13650800
2026-08-12,1210,1220,1200,1210,12663800
2026-08-13,1210,1220,1205,1220,6748100
2026-08-14,1220,1230,1205,1220,7720900