time,open,high,low,close,Volume
2016-02-17,2326.798845,2331.67683,2312.16489,2331.67683,78875805.84859236
2016-02-18,2341.4328,2351.18877,2317.042875,2341.4328,125908546.05768259
2016-02-19,2214.60519,2268.263025,2195.09325,2234.11713,341399162.9380001
2016-02-22,2234.11713,2234.11713,2136.55743,2141.435415,265188391.82109848
2016-02-23,2146.3134,2151.191385,2053.631685,2068.26564,279870683.87061375
2016-02-24,2068.26564,2102.411535,2053.631685,2082.899595,265286792.92196068
2016-02-25,2087.77758,2092.655565,2034.119745,2038.99773,181738463.28397864
2016-02-26,2053.631685,2117.04549,2048.7537,2117.04549,202683586.75296694
2016-02-29,2117.04549,2160.947355,2112.167505,2160.947355,190423402.18613917
2016-03-01,2146.3134,2165.82534,2078.02161,2087.77758,151836772.63440782
2016-03-02,2126.80146,2160.947355,2126.80146,2141.435415,165432549.57023284
2016-03-03,2175.58131,2185.33728,2131.679445,2175.58131,135994677.39608118
2016-03-04,2180.459295,2219.483175,2160.947355,2219.483175,98643189.11038359
2016-03-07,2243.8731,2243.8731,2219.483175,2224.36116,103424877.01166771
2016-03-08,2234.11713,2243.8731,2175.58131,2209.727205,141608676.15049335
2016-03-10,2195.09325,2195.09325,2131.679445,2146.3134,244856738.98092452
2016-03-11,2126.80146,2175.58131,2117.04549,2170.703325,156731723.65178794
2016-03-14,2195.09325,2195.09325,2175.58131,2180.459295,96564461.97966477
2016-03-15,2170.703325,2180.459295,2151.191385,2160.947355,110890049.66355406
2016-03-16,2146.3134,2160.947355,2131.679445,2156.06937,123043633.12111445
2016-03-17,2165.82534,2180.459295,2146.3134,2146.3134,151166925.94780737
2016-03-18,2165.82534,2185.33728,2156.06937,2170.703325,241482906.52270815
2016-03-21,2165.82534,2195.09325,2160.947355,2175.58131,122022720.07466704
2016-03-22,2180.459295,2185.33728,2165.82534,2180.459295,141150494.68085214
2016-03-23,2180.459295,2199.971235,2175.58131,2199.971235,131125351.40496701
2016-03-24,2209.727205,2209.727205,2195.09325,2199.971235,104941384.5661051
2016-03-28,2204.84922,2204.84922,2156.06937,2165.82534,50840152.11173044
2016-03-29,2165.82534,2170.703325,2131.679445,2141.435415,97401385.8375212
2016-03-30,2141.435415,2185.33728,2141.435415,2175.58131,151876235.67485788
2016-03-31,2156.06937,2229.239145,2156.06937,2229.239145,162964830.0407924
2016-04-01,2204.84922,2204.84922,2146.3134,2165.82534,124808705.930334
2016-04-04,2146.3134,2170.703325,2146.3134,2165.82534,61294263.8273131
2016-04-05,2165.82534,2180.459295,2156.06937,2165.82534,81694592.73788077
2016-04-06,2175.58131,2180.459295,2165.82534,2175.58131,86178001.33342522
2016-04-07,2170.703325,2180.459295,2146.3134,2165.82534,99774804.27030192
2016-04-08,2146.3134,2160.947355,2102.411535,2107.28952,183479448.06850776
2016-04-11,2107.28952,2121.923475,2038.99773,2043.875715,144333161.94312206
2016-04-12,2048.7537,2087.77758,2029.24176,2073.143625,124553477.66872217
2016-04-13,2087.77758,2097.53355,2048.7537,2068.26564,110180739.93650357
2016-04-14,2073.143625,2073.143625,1990.21788,1995.095865,378285807.74722785
2016-04-15,1990.21788,1990.21788,1912.17012,1960.94997,326372979.53599226
2016-04-18,1951.194,2009.72982,1921.92609,1990.21788,216096399.50125152
2016-04-19,2014.607805,2019.48579,1951.194,1980.46191,152212952.01999596
2016-04-20,2009.72982,2048.7537,1985.339895,2043.875715,245264181.3985576
2016-04-21,2053.631685,2092.655565,2048.7537,2087.77758,212183923.49091947
2016-04-22,2082.899595,2131.679445,2078.02161,2126.80146,206465886.62986702
2016-04-25,2117.04549,2121.923475,2029.24176,2048.7537,275985370.88812405
2016-04-26,2038.99773,2038.99773,1960.94997,1990.21788,173017136.34452
2016-04-27,1980.46191,2014.607805,1975.583925,1990.21788,145376113.01215872
2016-04-28,2009.72982,2043.875715,1995.095865,2024.363775,159576135.56734228
2016-04-29,2014.607805,2024.363775,1999.97385,2019.48579,80364125.37413669
2016-05-02,2038.99773,2038.99773,1985.339895,2004.851835,61724769.26858604
2016-05-03,2029.24176,2058.50967,2009.72982,2053.631685,149930759.680723
2016-05-04,2048.7537,2053.631685,1990.21788,2019.48579,117819139.76594973
2016-05-09,2019.48579,2024.363775,1956.071985,1956.071985,158668486.6369919
2016-05-10,1951.194,1975.583925,1946.316015,1960.94997,124828181.95029716
2016-05-11,1970.70594,1975.583925,1946.316015,1951.194,163411223.49835077
2016-05-12,1946.316015,1960.94997,1921.92609,1931.68206,147544528.2348088
2016-05-13,1931.68206,1941.43803,1902.41415,1926.804075,131178139.45907535
2016-05-16,1921.92609,1941.43803,1912.17012,1941.43803,84704544.82311566
2016-05-17,1931.68206,1941.43803,1882.90221,1892.65818,104109073.71297707
2016-05-18,1873.14624,1902.41415,1858.512285,1858.512285,222256217.81513497
2016-05-19,1868.268255,1892.65818,1863.39027,1887.780195,169808845.05598515
2016-05-20,1873.14624,1921.92609,1873.14624,1912.17012,170622192.88967586
2016-05-23,1912.17012,1936.560045,1912.17012,1936.560045,70479921.24271575
2016-05-24,1941.43803,1956.071985,1917.048105,1917.048105,99277672.7607365
2016-05-25,1936.560045,1941.43803,1926.804075,1936.560045,72992741.81838523
2016-05-26,1951.194,2009.72982,1946.316015,2009.72982,168401501.6134422
2016-05-27,1999.97385,2029.24176,1985.339895,2029.24176,101566527.10683805
2016-05-30,2038.99773,2082.899595,2029.24176,2073.143625,221120502.65101406
2016-05-31,2073.143625,2073.143625,2014.607805,2019.48579,194390716.2526809
2016-06-01,2019.48579,2048.7537,2014.607805,2038.99773,124233161.34039432
2016-06-02,2019.48579,2029.24176,1990.21788,2004.851835,90626046.8927222
2016-06-03,2014.607805,2038.99773,1999.97385,2029.24176,63251526.83352979
2016-06-06,2038.99773,2068.26564,2024.363775,2068.26564,100116645.62069315
2016-06-07,2073.143625,2082.899595,2063.387655,2078.02161,119799465.79580627
2016-06-08,2068.26564,2078.02161,2053.631685,2078.02161,115750150.64521247
2016-06-09,2078.02161,2078.02161,2024.363775,2024.363775,72701637.52000006
2016-06-10,2019.48579,2038.99773,2014.607805,2014.607805,58819368.2905172
2016-06-13,2014.607805,2014.607805,1965.827955,1970.70594,99104957.58370148
2016-06-14,1960.94997,1975.583925,1936.560045,1946.316015,102888794.46217704
2016-06-15,1931.68206,1975.583925,1931.68206,1960.94997,89960301.21032536
2016-06-16,1985.339895,1995.095865,1975.583925,1990.21788,150829696.6021435
2016-06-17,1999.97385,2009.72982,1951.194,1999.97385,116217556.12430838
2016-06-20,2029.24176,2034.119745,1985.339895,2014.607805,75936067.83532766
2016-06-21,2009.72982,2029.24176,2004.851835,2029.24176,97325021.75924714
2016-06-22,2029.24176,2048.7537,2019.48579,2048.7537,67455106.1422461
2016-06-23,2048.7537,2048.7537,2009.72982,2034.119745,48742973.96209914
2016-06-24,2009.72982,2034.119745,1951.194,2009.72982,116214481.12115645
2016-06-27,1960.94997,2004.851835,1960.94997,1995.095865,36436663.3479917
2016-06-28,1980.46191,2029.24176,1975.583925,2024.363775,157008476.93546316
2016-06-29,2034.119745,2082.899595,2034.119745,2082.899595,192883946.70822507
2016-06-30,2107.28952,2131.679445,2092.655565,2107.28952,265640422.2844348
2016-07-01,2126.80146,2136.55743,2087.77758,2097.53355,105226337.85818543
2016-07-11,2136.55743,2224.36116,2126.80146,2214.60519,345680644.3265669
2016-07-12,2243.8731,2263.38504,2229.239145,2243.8731,163115507.1952382
2016-07-13,2243.8731,2253.62907,2224.36116,2253.62907,110736297.50595637
2016-07-14,2263.38504,2263.38504,2209.727205,2219.483175,109673871.41695762
2016-07-15,2234.11713,2248.751085,2234.11713,2243.8731,82763168.83318333
2016-07-18,2204.84922,2263.38504,2204.84922,2238.995115,111320555.10482699
2016-07-19,2209.727205,2312.16489,2209.727205,2302.40892,256398901.81177184
2016-07-20,2302.40892,2341.4328,2302.40892,2317.042875,142156032.71153998
2016-07-21,2297.530935,2317.042875,2243.8731,2243.8731,108079974.78319556
2016-07-22,2229.239145,2238.995115,2195.09325,2229.239145,100134071.63855502
2016-07-25,2214.60519,2234.11713,2180.459295,2214.60519,83422765.5092774
2016-07-26,2204.84922,2253.62907,2195.09325,2253.62907,64421579.03284653
2016-07-27,2263.38504,2292.65295,2253.62907,2263.38504,283718583.8147546
2016-07-28,2224.36116,2243.8731,2199.971235,2224.36116,123723216.8176954
2016-07-29,2234.11713,2273.14101,2234.11713,2248.751085,238727158.69803548
2016-08-01,2263.38504,2297.530935,2258.507055,2287.774965,302680307.25073546
2016-08-02,2287.774965,2307.286905,2282.89698,2292.65295,125096735.2255673
2016-08-03,2302.40892,2302.40892,2253.62907,2273.14101,72324945.13388608
2016-08-04,2312.16489,2317.042875,2287.774965,2302.40892,173584993.92658043
2016-08-05,2317.042875,2346.310785,2312.16489,2336.554815,263050726.62996748
2016-08-08,2360.94474,2390.21265,2351.18877,2370.70071,212304362.61437088
2016-08-09,2370.70071,2385.334665,2336.554815,2341.4328,144023094.62529954
2016-08-10,2351.18877,2375.578695,2297.530935,2341.4328,95620425.01201624
2016-08-11,2360.94474,2360.94474,2312.16489,2321.92086,116395396.30659658
2016-08-12,2292.65295,2370.70071,2292.65295,2331.67683,138637675.10518372
2016-08-15,2341.4328,2365.822725,2326.798845,2341.4328,95019254.39580958
2016-08-16,2370.70071,2375.578695,2351.18877,2360.94474,183665488.25920105
2016-08-18,2370.70071,2375.578695,2351.18877,2360.94474,235530654.42158246
2016-08-19,2341.4328,2365.822725,2321.92086,2341.4328,134569908.9356774
2016-08-22,2331.67683,2331.67683,2287.774965,2312.16489,140763040.28370702
2016-08-23,2263.38504,2282.89698,2243.8731,2253.62907,190859032.63266528
2016-08-24,2268.263025,2297.530935,2248.751085,2273.14101,91726399.02059557
2016-08-25,2292.65295,2321.92086,2287.774965,2312.16489,131051550.32932007
2016-08-26,2292.65295,2307.286905,2278.018995,2292.65295,94669212.03701216
2016-08-29,2263.38504,2268.263025,2238.995115,2243.8731,149712432.45693514
2016-08-30,2263.38504,2268.263025,2238.995115,2248.751085,130032174.2844481
2016-08-31,2273.14101,2297.530935,2268.263025,2273.14101,158909876.88441962
2016-09-01,2253.62907,2287.774965,2248.751085,2282.89698,108736496.45613767
2016-09-02,2243.8731,2282.89698,2243.8731,2268.263025,114398670.25992979
2016-09-05,2302.40892,2307.286905,2287.774965,2302.40892,128335777.54562226
2016-09-06,2312.16489,2317.042875,2292.65295,2317.042875,74666588.53409705
2016-09-07,2326.798845,2336.554815,2307.286905,2336.554815,120375523.38627182
2016-09-08,2321.92086,2341.4328,2321.92086,2336.554815,60127798.63167309
2016-09-09,2331.67683,2336.554815,2287.774965,2292.65295,102080571.6337395
2016-09-13,2278.018995,2297.530935,2263.38504,2278.018995,111475844.26400015
2016-09-14,2258.507055,2287.774965,2243.8731,2282.89698,93766175.11138912
2016-09-15,2282.89698,2351.18877,2278.018995,2336.554815,144631440.24886072
2016-09-16,2341.4328,2351.18877,2321.92086,2326.798845,141441085.97871155
2016-09-19,2341.4328,2356.066755,2312.16489,2312.16489,69983814.73420098
2016-09-20,2341.4328,2346.310785,2326.798845,2341.4328,126233987.39126362
2016-09-21,2331.67683,2351.18877,2321.92086,2341.4328,159483372.47225907
2016-09-22,2360.94474,2380.45668,2351.18877,2356.066755,137971416.42226103
2016-09-23,2341.4328,2365.822725,2336.554815,2356.066755,114077840.93107612
2016-09-26,2351.18877,2365.822725,2346.310785,2346.310785,73984954.8354148
2016-09-27,2317.042875,2370.70071,2297.530935,2360.94474,123298349.38220148
2016-09-28,2360.94474,2375.578695,2351.18877,2360.94474,212853770.17751983
2016-09-29,2380.45668,2390.21265,2365.822725,2385.334665,132982675.308745
2016-09-30,2360.94474,2390.21265,2356.066755,2380.45668,114676961.54518153
2016-10-03,2380.45668,2404.846605,2380.45668,2395.090635,142987318.56361738
2016-10-04,2395.090635,2404.846605,2370.70071,2395.090635,69971001.72106749
2016-10-05,2404.846605,2404.846605,2385.334665,2399.96862,140709739.22907284
2016-10-06,2399.96862,2419.48056,2395.090635,2419.48056,107249713.9321688
2016-10-07,2419.48056,2419.48056,2331.67683,2336.554815,132633658.9509993
2016-10-10,2321.92086,2346.310785,2307.286905,2312.16489,62188074.74347938
2016-10-11,2321.92086,2341.4328,2321.92086,2331.67683,162673726.74240828
2016-10-12,2326.798845,2365.822725,2307.286905,2341.4328,65385092.02045822
2016-10-13,2351.18877,2370.70071,2312.16489,2336.554815,92155879.46081789
2016-10-14,2321.92086,2404.846605,2312.16489,2385.334665,90295480.55388798
2016-10-17,2370.70071,2395.090635,2370.70071,2370.70071,103306999.89084233
2016-10-18,2395.090635,2395.090635,2370.70071,2380.45668,70537321.30155146
2016-10-19,2395.090635,2395.090635,2360.94474,2370.70071,38390851.35105649
2016-10-20,2356.066755,2380.45668,2356.066755,2365.822725,62505829.06918117
2016-10-21,2375.578695,2385.334665,2365.822725,2385.334665,45314304.44767415
2016-10-24,2385.334665,2395.090635,2370.70071,2380.45668,51610961.9018192
2016-10-25,2399.96862,2399.96862,2370.70071,2370.70071,56840067.26171129
2016-10-26,2341.4328,2385.334665,2341.4328,2356.066755,116469709.38276832
2016-10-27,2356.066755,2380.45668,2346.310785,2380.45668,72448972.2610153
2016-10-28,2341.4328,2390.21265,2341.4328,2380.45668,68887562.61053015
2016-10-31,2399.96862,2399.96862,2356.066755,2380.45668,99053194.53064378
2016-11-01,2390.21265,2399.96862,2380.45668,2385.334665,72534048.34821925
2016-11-02,2385.334665,2429.23653,2375.578695,2419.48056,100404161.9154006
2016-11-03,2419.48056,2419.48056,2390.21265,2404.846605,73845552.69252603
2016-11-04,2380.45668,2419.48056,2370.70071,2419.48056,49061241.28832674
2016-11-07,2419.48056,2443.870485,2399.96862,2429.23653,100268347.77618957
2016-11-08,2438.9925,2531.674215,2438.9925,2512.162275,132050938.3537041
2016-11-09,2512.162275,2531.674215,2429.23653,2458.50444,143727891.32271284
2016-11-10,2487.77235,2502.406305,2468.26041,2478.01638,90076127.32904842
2016-11-11,2419.48056,2419.48056,2326.798845,2336.554815,305115226.74655545
2016-11-14,2282.89698,2287.774965,2170.703325,2170.703325,389667556.41364884
2016-11-15,2185.33728,2224.36116,2151.191385,2151.191385,229197608.93013924
2016-11-16,2185.33728,2253.62907,2185.33728,2243.8731,186254671.91314355
2016-11-17,2243.8731,2263.38504,2219.483175,2243.8731,98695465.16396712
2016-11-18,2263.38504,2263.38504,2229.239145,2243.8731,98971706.44711757
2016-11-21,2229.239145,2238.995115,2214.60519,2234.11713,75232396.11405621
2016-11-22,2214.60519,2243.8731,2214.60519,2238.995115,104686155.30449222
2016-11-23,2238.995115,2253.62907,2224.36116,2243.8731,90015651.26705979
2016-11-24,2214.60519,2234.11713,2190.215265,2204.84922,116144781.04971312
2016-11-25,2156.06937,2180.459295,2121.923475,2131.679445,197841423.78969514
2016-11-28,2097.53355,2117.04549,2034.119745,2043.875715,299357213.8445272
2016-11-29,2034.119745,2082.899595,2034.119745,2058.50967,174369129.73032847
2016-11-30,2082.899595,2141.435415,2078.02161,2126.80146,291232444.5165468
2016-12-01,2126.80146,2165.82534,2121.923475,2156.06937,129153738.38404137
2016-12-02,2156.06937,2219.483175,2146.3134,2204.84922,113778537.62428688
2016-12-05,2185.33728,2209.727205,2170.703325,2170.703325,91641322.93339163
2016-12-06,2175.58131,2224.36116,2165.82534,2209.727205,102666879.23471142
2016-12-07,2214.60519,2229.239145,2199.971235,2229.239145,51909241.20755886
2016-12-08,2219.483175,2243.8731,2204.84922,2243.8731,75011504.88764021
2016-12-09,2238.995115,2243.8731,2224.36116,2238.995115,86101638.25515221
2016-12-13,2234.11713,2287.774965,2224.36116,2287.774965,95765464.160683
2016-12-14,2287.774965,2292.65295,2238.995115,2243.8731,106422016.08376914
2016-12-15,2175.58131,2238.995115,2146.3134,2224.36116,101101171.62984344
2016-12-16,2224.36116,2224.36116,2190.215265,2199.971235,180006190.50837943
2016-12-19,2199.971235,2219.483175,2195.09325,2195.09325,72980953.8063024
2016-12-20,2195.09325,2204.84922,2175.58131,2190.215265,77699602.64297077
2016-12-21,2229.239145,2234.11713,2146.3134,2146.3134,97252245.68465085
2016-12-22,2151.191385,2160.947355,2117.04549,2121.923475,134009739.36149727
2016-12-23,2117.04549,2151.191385,2102.411535,2121.923475,103133772.71328253
2016-12-27,2117.04549,2160.947355,2112.167505,2146.3134,52630337.94669116
2016-12-28,2165.82534,2234.11713,2165.82534,2219.483175,82933321.00759123
2016-12-29,2238.995115,2287.774965,2229.239145,2273.14101,136715774.1352135
2016-12-30,2287.774965,2317.042875,2268.263025,2278.018995,198553295.5193717
2017-01-03,2292.65295,2321.92086,2258.507055,2321.92086,69270918.00347376
2017-01-04,2321.92086,2380.45668,2292.65295,2380.45668,81889344.93750398
2017-01-05,2399.96862,2404.846605,2346.310785,2360.94474,148992872.71937826
2017-01-06,2360.94474,2370.70071,2336.554815,2360.94474,75073005.9506795
2017-01-09,2341.4328,2370.70071,2292.65295,2292.65295,73624149.46558522
2017-01-10,2312.16489,2331.67683,2297.530935,2302.40892,64365203.97506145
2017-01-11,2292.65295,2326.798845,2292.65295,2302.40892,70017639.76887201
2017-01-12,2321.92086,2326.798845,2317.042875,2317.042875,67852299.54937384
2017-01-13,2331.67683,2341.4328,2317.042875,2331.67683,102952345.52731761
2017-01-16,2341.4328,2341.4328,2321.92086,2321.92086,94593873.95978978
2017-01-17,2317.042875,2336.554815,2317.042875,2326.798845,40320951.32943077
2017-01-18,2321.92086,2336.554815,2312.16489,2331.67683,65458380.09557933
2017-01-19,2331.67683,2341.4328,2326.798845,2341.4328,85797208.94310874
2017-01-20,2336.554815,2336.554815,2302.40892,2302.40892,37415551.35136296
2017-01-23,2292.65295,2321.92086,2292.65295,2302.40892,47886576.08428163
2017-01-24,2307.286905,2321.92086,2302.40892,2307.286905,61598692.13935556
2017-01-25,2302.40892,2317.042875,2282.89698,2282.89698,117200544.1318822
2017-01-26,2297.530935,2307.286905,2287.774965,2292.65295,87637107.82902586
2017-01-27,2282.89698,2292.65295,2278.018995,2287.774965,50417846.67886261
2017-01-30,2307.286905,2312.16489,2292.65295,2292.65295,60771506.29148071
2017-01-31,2292.65295,2307.286905,2282.89698,2287.774965,70093490.84662023
2017-02-01,2302.40892,2336.554815,2297.530935,2331.67683,166274086.43281764
2017-02-02,2341.4328,2346.310785,2326.798845,2336.554815,120350410.36053066
2017-02-03,2341.4328,2351.18877,2336.554815,2341.4328,125950571.10075873
2017-02-06,2356.066755,2365.822725,2341.4328,2351.18877,233873207.7226809
2017-02-07,2351.18877,2356.066755,2341.4328,2346.310785,79655840.64813682
2017-02-08,2336.554815,2341.4328,2307.286905,2331.67683,137000215.42676902
2017-02-09,2336.554815,2346.310785,2326.798845,2336.554815,119088107.06665555
2017-02-10,2336.554815,2351.18877,2336.554815,2346.310785,89002425.22849166
2017-02-13,2356.066755,2365.822725,2341.4328,2356.066755,89777336.02278398
2017-02-14,2341.4328,2356.066755,2321.92086,2341.4328,64421067.03232171
2017-02-16,2341.4328,2341.4328,2297.530935,2341.4328,119989092.9901763
2017-02-17,2312.16489,2326.798845,2282.89698,2282.89698,91430682.71748301
2017-02-20,2302.40892,2312.16489,2273.14101,2292.65295,77419261.35561778
2017-02-21,2312.16489,2341.4328,2307.286905,2321.92086,80387700.39830136
2017-02-22,2341.4328,2341.4328,2321.92086,2341.4328,96516286.93028481
2017-02-23,2326.798845,2341.4328,2326.798845,2326.798845,60923721.44750297
2017-02-24,2317.042875,2341.4328,2312.16489,2331.67683,78075783.02855994
2017-02-27,2341.4328,2341.4328,2317.042875,2317.042875,54216545.5725719
2017-02-28,2326.798845,2346.310785,2321.92086,2331.67683,138877015.35051018
2017-03-01,2312.16489,2331.67683,2312.16489,2331.67683,54859229.23132992
2017-03-02,2336.554815,2341.4328,2312.16489,2312.16489,81074459.10223678
2017-03-03,2321.92086,2336.554815,2312.16489,2312.16489,43931561.03034651
2017-03-06,2321.92086,2331.67683,2317.042875,2331.67683,50617210.88321317
2017-03-07,2341.4328,2341.4328,2326.798845,2341.4328,96472722.88563117
2017-03-08,2351.18877,2365.822725,2341.4328,2341.4328,83292076.37531956
2017-03-09,2351.18877,2370.70071,2346.310785,2356.066755,74634812.50152624
2017-03-10,2370.70071,2370.70071,2346.310785,2356.066755,77978918.92927314
2017-03-13,2370.70071,2370.70071,2346.310785,2356.066755,100413899.92538217
2017-03-14,2341.4328,2365.822725,2341.4328,2351.18877,55452711.8396563
2017-03-15,2351.18877,2385.334665,2351.18877,2370.70071,124475064.58834785
2017-03-16,2399.96862,2448.74847,2399.96862,2443.870485,276818193.7417768
2017-03-17,2478.01638,2536.5522,2478.01638,2536.5522,380701764.2236106
2017-03-20,2556.06414,2585.33205,2517.04026,2536.5522,111488144.2766078
2017-03-21,2536.5522,2556.06414,2526.79623,2536.5522,109831210.57823204
2017-03-22,2526.79623,2575.57608,2497.52832,2575.57608,243643634.73747897
2017-03-23,2536.5522,2570.698095,2517.04026,2565.82011,119069656.04774304
2017-03-24,2560.942125,2570.698095,2551.186155,2565.82011,50624386.89056864
2017-03-27,2565.82011,2565.82011,2478.01638,2492.650335,73788664.63421512
2017-03-29,2517.04026,2531.674215,2497.52832,2502.406305,142230858.78823757
2017-03-30,2453.626455,2526.79623,2453.626455,2526.79623,90600421.86645627
2017-03-31,2507.28429,2546.30817,2507.28429,2531.674215,75917616.81641518
2017-04-03,2531.674215,2565.82011,2526.79623,2541.430185,123438263.52561507
2017-04-04,2497.52832,2560.942125,2497.52832,2541.430185,59640404.13208822
2017-04-05,2541.430185,2551.186155,2526.79623,2536.5522,85508154.64682482
2017-04-06,2536.5522,2575.57608,2521.918245,2570.698095,64505118.11847502
2017-04-07,2570.698095,2580.454065,2541.430185,2546.30817,144446938.05974388
2017-04-10,2556.06414,2585.33205,2521.918245,2556.06414,104875783.49886325
2017-04-11,2556.06414,2556.06414,2502.406305,2517.04026,40596680.61205641
2017-04-12,2517.04026,2526.79623,2492.650335,2492.650335,38746530.71563185
2017-04-13,2541.430185,2551.186155,2478.01638,2478.01638,58572853.03783629
2017-04-17,2487.77235,2487.77235,2424.358545,2424.358545,45863199.01029727
2017-04-18,2463.382425,2526.79623,2458.50444,2512.162275,64764958.38481423
2017-04-20,2536.5522,2536.5522,2482.894365,2487.77235,117299458.23327027
2017-04-21,2487.77235,2531.674215,2487.77235,2521.918245,87341391.52591334
2017-04-25,2536.5522,2565.82011,2536.5522,2560.942125,195518230.40839568
2017-04-26,2565.82011,2580.454065,2551.186155,2580.454065,162240145.29798236
2017-04-27,2565.82011,2575.57608,2521.918245,2536.5522,69874650.62230651
2017-04-28,2565.82011,2565.82011,2517.04026,2517.04026,51850815.14767148
2017-05-02,2560.942125,2560.942125,2536.5522,2546.30817,136487196.90091923
2017-05-03,2560.942125,2590.210035,2551.186155,2575.57608,156701485.6207936
2017-05-04,2590.210035,2717.037645,2590.210035,2717.037645,206215270.37298253
2017-05-05,2731.6716,2731.6716,2678.013765,2717.037645,84320677.42964725
2017-05-08,2702.40369,2770.69548,2702.40369,2751.18354,186817917.4904766
2017-05-09,2751.18354,2799.96339,2731.6716,2731.6716,143086745.6655313
2017-05-10,2770.69548,2780.45145,2721.91563,2726.793615,105471316.10929091
2017-05-12,2736.549585,2760.93951,2678.013765,2736.549585,123736542.83135471
2017-05-15,2780.45145,2790.20742,2760.93951,2790.20742,125681504.82496274
2017-05-16,2799.96339,2838.98727,2736.549585,2736.549585,117317908.25218174
2017-05-17,2760.93951,2790.20742,2712.15966,2751.18354,129609868.85158026
2017-05-18,2682.89175,2756.061525,2668.257795,2751.18354,147277512.96111515
2017-05-19,2702.40369,2985.32682,2692.64772,2829.2313,185582776.22444287
2017-05-22,2887.76712,2975.57085,2848.74324,2853.621225,165912256.06193742
2017-05-23,2965.81488,2965.81488,2804.841375,2824.353315,102640741.20791967
2017-05-24,2804.841375,2804.841375,2751.18354,2760.93951,116272907.18104382
2017-05-26,2760.93951,2790.20742,2756.061525,2775.573465,141030568.5579265
2017-05-29,2790.20742,2790.20742,2751.18354,2770.69548,44953500.07784559
2017-05-30,2736.549585,2790.20742,2736.549585,2770.69548,43008024.0837107
2017-05-31,2780.45145,2838.98727,2775.573465,2824.353315,170315713.57553113
2017-06-02,2838.98727,2878.01115,2838.98727,2878.01115,90985314.26097535
2017-06-05,2882.889135,2931.668985,2853.621225,2931.668985,91522420.81151561
2017-06-06,2897.52309,2926.791,2848.74324,2863.377195,84327339.43647587
2017-06-07,2897.52309,2912.157045,2878.01115,2912.157045,89176678.40710314
2017-06-08,2926.791,2926.791,2858.49921,2858.49921,68047051.74899702
2017-06-09,2829.2313,2838.98727,2790.20742,2804.841375,148662305.38054302
2017-06-12,2770.69548,2897.52309,2770.69548,2853.621225,47444282.63092586
2017-06-13,2829.2313,2843.865255,2819.47533,2824.353315,60563429.07819922
2017-06-14,2829.2313,2897.52309,2829.2313,2897.52309,82022597.07408892
2017-06-15,2848.74324,2878.01115,2848.74324,2863.377195,55964193.36393063
2017-06-16,2868.25518,2878.01115,2838.98727,2863.377195,169792444.03917393
2017-06-19,2848.74324,2887.76712,2848.74324,2887.76712,45698171.84114257
2017-06-20,2887.76712,2921.913015,2868.25518,2921.913015,60966259.49110495
2017-06-21,2912.157045,2985.32682,2887.76712,2985.32682,117202594.13398348
2017-06-22,2956.05891,2975.57085,2936.54697,2975.57085,133167178.49786285
2017-07-03,2926.791,3024.3507,2921.913015,3024.3507,227931717.6325864
2017-07-04,2975.57085,3009.716745,2975.57085,2985.32682,149941522.6917552
2017-07-05,2975.57085,2985.32682,2951.180925,2965.81488,121854617.90236038
2017-07-06,2946.30294,2965.81488,2936.54697,2936.54697,120843441.86589354
2017-07-07,2926.791,2975.57085,2926.791,2936.54697,104543166.15792674
2017-07-10,2941.424955,2946.30294,2873.133165,2873.133165,97845729.29297827
2017-07-11,2853.621225,2902.401075,2853.621225,2853.621225,116519423.43372577
2017-07-12,2853.621225,2907.27906,2848.74324,2892.645105,75967329.8673716
2017-07-13,2907.27906,2907.27906,2882.889135,2907.27906,85130437.25966021
2017-07-14,2887.76712,2902.401075,2853.621225,2887.76712,160977842.00410724
2017-07-17,2887.76712,2926.791,2882.889135,2926.791,69579959.32024461
2017-07-18,2878.01115,2907.27906,2858.49921,2907.27906,104457578.07019797
2017-07-19,2907.27906,2907.27906,2868.25518,2873.133165,71201017.98184806
2017-07-20,2873.133165,2882.889135,2863.377195,2873.133165,95161731.54185024
2017-07-21,2897.52309,2897.52309,2863.377195,2863.377195,40585917.60102419
2017-07-24,2829.2313,2887.76712,2829.2313,2863.377195,99226934.70872942
2017-07-25,2878.01115,2897.52309,2868.25518,2887.76712,88604720.82084014
2017-07-26,2892.645105,2907.27906,2868.25518,2882.889135,125756330.90166032
2017-07-27,2882.889135,2882.889135,2868.25518,2868.25518,78606739.57279637
2017-07-28,2858.49921,2873.133165,2790.20742,2829.2313,233705105.55037424
2017-07-31,2814.597345,2926.791,2814.597345,2882.889135,229841317.58994794
2017-08-01,2907.27906,2907.27906,2882.889135,2887.76712,88677496.89543644
2017-08-02,2882.889135,2917.03503,2882.889135,2917.03503,54366710.72649289
2017-08-03,2921.913015,2921.913015,2887.76712,2897.52309,104362251.97248766
2017-08-04,2897.52309,2917.03503,2897.52309,2912.157045,59305737.78905143
2017-08-07,2912.157045,2921.913015,2897.52309,2907.27906,71976440.77666518
2017-08-08,2917.03503,2926.791,2912.157045,2917.03503,78178284.1336247
2017-08-09,2926.791,2946.30294,2917.03503,2931.668985,101953470.50345942
2017-08-10,2926.791,2936.54697,2917.03503,2926.791,86125725.2798417
2017-08-11,2921.913015,2946.30294,2907.27906,2926.791,153948812.7992729
2017-08-14,2926.791,2946.30294,2921.913015,2941.424955,83134736.21404411
2017-08-15,2931.668985,2946.30294,2926.791,2936.54697,87995862.19675317
2017-08-16,2926.791,2975.57085,2926.791,2975.57085,72866664.68915474
2017-08-18,2946.30294,2975.57085,2917.03503,2956.05891,81172348.20257422
2017-08-21,2926.791,2980.448835,2926.791,2980.448835,98706740.17552415
2017-08-22,2956.05891,2995.08279,2956.05891,2985.32682,117878077.8263619
2017-08-23,2995.08279,2995.08279,2970.692865,2985.32682,60392763.90326549
2017-08-24,2980.448835,2995.08279,2956.05891,2970.692865,52122443.42609354
2017-08-25,2995.08279,2995.08279,2970.692865,2985.32682,64877710.50038644
2017-08-28,2985.32682,2985.32682,2956.05891,2970.692865,34482988.34545273
2017-08-29,2956.05891,2960.936895,2907.27906,2921.913015,81169273.1994223
2017-08-30,2921.913015,2951.180925,2912.157045,2941.424955,55759703.15432586
2017-08-31,2951.180925,2960.936895,2936.54697,2951.180925,59571728.06169447
2017-09-04,2921.913015,2946.30294,2902.401075,2902.401075,66499794.16304053
2017-09-05,2951.180925,2951.180925,2887.76712,2926.791,32582613.39754694
2017-09-06,2882.889135,2912.157045,2873.133165,2897.52309,94089054.44234408
2017-09-07,2892.645105,2926.791,2892.645105,2926.791,59953545.45306162
2017-09-08,2897.52309,2926.791,2897.52309,2926.791,53573862.91381492
2017-09-11,2931.668985,2936.54697,2912.157045,2917.03503,85367728.50288641
2017-09-12,2887.76712,2926.791,2887.76712,2912.157045,101499389.03802079
2017-09-13,2887.76712,2921.913015,2887.76712,2907.27906,43956162.05556285
2017-09-14,2887.76712,2907.27906,2887.76712,2892.645105,49740824.98490772
2017-09-15,2907.27906,2926.791,2887.76712,2897.52309,156667147.58559674
2017-09-18,2907.27906,2926.791,2902.401075,2926.791,87013387.1897052
2017-09-19,2926.791,2936.54697,2917.03503,2931.668985,83928609.0277727
2017-09-20,2926.791,2931.668985,2917.03503,2931.668985,60079109.58176626
2017-09-22,2946.30294,3063.37458,2941.424955,3058.496595,187234072.91704062
2017-09-25,3058.496595,3073.13055,3053.61861,3058.496595,84039311.14124362
2017-09-26,3058.496595,3068.252565,3029.228685,3034.10667,126212974.36972503
2017-09-27,3034.10667,3034.10667,2956.05891,2975.57085,102790393.3613148
2017-09-28,2931.668985,2965.81488,2863.377195,2868.25518,133382943.71902466
2017-09-29,2917.03503,2990.204805,2902.401075,2980.448835,169247649.48075333
2017-10-02,2980.448835,3024.3507,2975.57085,2975.57085,71390645.17621808
2017-10-03,2995.08279,3009.716745,2975.57085,2990.204805,51703212.99637761
2017-10-04,3004.83876,3014.59473,2980.448835,2980.448835,50861677.13379385
2017-10-05,3004.83876,3004.83876,2951.180925,2990.204805,70453783.21592398
2017-10-06,3024.3507,3024.3507,2956.05891,2999.960775,94021403.37300096
2017-10-09,3024.3507,3024.3507,2985.32682,2999.960775,102856506.42908144
2017-10-10,2975.57085,2999.960775,2975.57085,2980.448835,69927951.6769407
2017-10-11,2975.57085,3004.83876,2960.936895,2980.448835,64886935.50984217
2017-10-12,2985.32682,3019.472715,2975.57085,2999.960775,167044896.22290638
2017-10-13,2985.32682,3019.472715,2985.32682,2995.08279,127287701.47133246
2017-10-16,2985.32682,3024.3507,2985.32682,2995.08279,58732242.20121198
2017-10-17,2990.204805,3014.59473,2975.57085,3004.83876,73813776.65995523
2017-10-18,3004.83876,3019.472715,2985.32682,3004.83876,125497002.63584593
2017-10-19,3024.3507,3024.3507,2990.204805,3024.3507,140441697.95432752
2017-10-20,3024.3507,3058.496595,3019.472715,3048.740625,110624571.39143582
2017-10-23,3063.37458,3068.252565,3034.10667,3048.740625,84450853.56307925
2017-10-24,3063.37458,3063.37458,3014.59473,3019.472715,59424126.91040162
2017-10-25,3019.472715,3063.37458,3014.59473,3043.86264,81974934.02523376
2017-10-26,3063.37458,3073.13055,3043.86264,3048.740625,115843426.74082154
2017-10-27,3048.740625,3063.37458,3038.984655,3043.86264,137934515.38443702
2017-10-30,3053.61861,3063.37458,3029.228685,3034.10667,118605837.57232386
2017-10-31,3063.37458,3063.37458,3034.10667,3043.86264,127457853.64574037
2017-11-01,3038.984655,3063.37458,3038.984655,3063.37458,49820776.06685849
2017-11-02,3063.37458,3112.15443,3058.496595,3112.15443,124715942.83525081
2017-11-03,3112.15443,3131.66637,3102.39846,3121.9104,75867903.76545872
2017-11-06,3136.544355,3204.836145,3126.788385,3170.69025,162211445.26856452
2017-11-07,3170.69025,3195.080175,3151.17831,3160.93428,81125198.15424488
2017-11-08,3180.44622,3282.883905,3170.69025,3209.71413,203142793.2236587
2017-11-09,3209.71413,3234.104055,3204.836145,3209.71413,191746181.54200295
2017-11-10,3238.98204,3287.76189,3190.20219,3199.95816,102652426.21989693
2017-11-13,3199.95816,3248.73801,3180.44622,3180.44622,57386502.8218139
2017-11-14,3170.69025,3219.4701,3092.64249,3092.64249,107818391.51506974
2017-11-15,3102.39846,3131.66637,3043.86264,3063.37458,81027001.05359174
2017-11-16,3073.13055,3160.93428,3073.13055,3131.66637,79966624.9666943
2017-11-17,3170.69025,3229.22607,3131.66637,3209.71413,116907595.83160686
2017-11-20,3219.4701,3297.51786,3209.71413,3258.49398,94617961.98448029
2017-11-21,3229.22607,3248.73801,3190.20219,3199.95816,112571788.38735524
2017-11-22,3209.71413,3326.78577,3199.95816,3317.0298,151330416.11538666
2017-11-23,3268.24995,3317.0298,3268.24995,3278.00592,50946958.22120793
2017-11-24,3278.00592,3278.00592,3258.49398,3268.24995,84784187.90475073
2017-11-27,3229.22607,3268.24995,3199.95816,3219.4701,109117903.84708455
2017-11-28,3238.98204,3297.51786,3199.95816,3297.51786,141008735.53554744
2017-11-29,3307.27383,3317.0298,3219.4701,3219.4701,106487617.15101098
2017-11-30,3219.4701,3268.24995,3131.66637,3131.66637,206713221.88338846
2017-12-04,3248.73801,3268.24995,3180.44622,3219.4701,136568787.984551
2017-12-05,3258.49398,3278.00592,3229.22607,3268.24995,67009430.68542371
2017-12-06,3268.24995,3385.32159,3258.49398,3375.56562,170823505.09602317
2017-12-07,3375.56562,3385.32159,3297.51786,3297.51786,58649319.11621487
2017-12-08,3317.0298,3346.29771,3287.76189,3287.76189,67295408.9785547
2017-12-11,3346.29771,3356.05368,3326.78577,3356.05368,68574831.28997701
2017-12-12,3365.80965,3375.56562,3326.78577,3365.80965,62949250.52369316
2017-12-13,3365.80965,3365.80965,3336.54174,3365.80965,44091463.19424804
2017-12-14,3346.29771,3375.56562,3307.27383,3375.56562,98635399.10239874
2017-12-15,3375.56562,3375.56562,3297.51786,3307.27383,116863007.78590362
2017-12-18,3307.27383,3317.0298,3268.24995,3307.27383,71011902.78800285
2017-12-19,3346.29771,3356.05368,3307.27383,3356.05368,93140712.47028282
2017-12-20,3375.56562,3375.56562,3307.27383,3317.0298,77214464.14569832
2017-12-21,3356.05368,3375.56562,3326.78577,3336.54174,70446813.20877965
2017-12-22,3346.29771,3385.32159,3326.78577,3375.56562,67780753.4760383
2017-12-27,3385.32159,3463.36935,3375.56562,3463.36935,85749750.8944637
2017-12-28,3492.63726,3560.92905,3473.12532,3541.41711,95278070.66109915
2017-12-29,3560.92905,3629.22084,3492.63726,3551.17308,110402655.16396919
2018-01-02,3599.95293,3629.22084,3521.90517,3541.41711,93406498.74271677
2018-01-03,3541.41711,3541.41711,3473.12532,3521.90517,71903356.70175317
2018-01-04,3521.90517,3521.90517,3375.56562,3463.36935,160318553.3283289
2018-01-05,3463.36935,3502.39323,3434.10144,3502.39323,89274156.50701928
2018-01-08,3502.39323,3502.39323,3473.12532,3502.39323,55923808.32253551
2018-01-09,3512.1492,3512.1492,3443.85741,3482.88129,92873081.19595776
2018-01-10,3492.63726,3502.39323,3414.5895,3443.85741,119320887.30525792
2018-01-11,3453.61338,3453.61338,3395.07756,3453.61338,117239905.17222771
2018-01-12,3463.36935,3492.63726,3414.5895,3453.61338,136783220.20434645
2018-01-15,3453.61338,3482.88129,3453.61338,3463.36935,88782355.00291719
2018-01-16,3443.85741,3521.90517,3443.85741,3521.90517,94410293.77161802
2018-01-17,3531.66114,3541.41711,3492.63726,3541.41711,83503228.59175296
2018-01-18,3541.41711,3560.92905,3502.39323,3531.66114,81120380.14930637
2018-01-19,3531.66114,3541.41711,3492.63726,3531.66114,81566670.60675915
2018-01-22,3531.66114,3580.44099,3521.90517,3560.92905,119760515.75588204
2018-01-23,3590.19696,3824.34024,3580.44099,3824.34024,173539585.88003665
2018-01-24,3804.8283,3804.8283,3726.78054,3736.53651,153821300.66857147
2018-01-25,3765.80442,3765.80442,3629.22084,3678.00069,144807640.4294679
2018-01-26,3697.51263,3765.80442,3687.75666,3756.04845,139020824.49791616
2018-01-29,3756.04845,3756.04845,3668.24472,3707.2686,125690115.83378913
2018-01-30,3707.2686,3707.2686,3619.46487,3629.22084,183817703.41522327
2018-01-31,3609.7089,3629.22084,3541.41711,3609.7089,269791214.5390438
2018-02-01,3638.97681,3668.24472,3609.7089,3609.7089,149227600.9599774
2018-02-02,3648.73278,3658.48875,3619.46487,3648.73278,116967558.8930697
2018-02-05,3560.92905,3697.51263,3560.92905,3687.75666,115495434.38412543
2018-02-06,3599.95293,3629.22084,3570.68502,3590.19696,266793562.4664165
2018-02-07,3619.46487,3658.48875,3609.7089,3609.7089,141376510.91252133
2018-02-08,3590.19696,3638.97681,3590.19696,3629.22084,113888418.73691623
2018-02-09,3599.95293,3638.97681,3590.19696,3619.46487,95469952.85778056
2018-02-12,3609.7089,3707.2686,3609.7089,3707.2686,83556016.64586131
2018-02-13,3717.02457,3795.07233,3717.02457,3785.31636,110943759.71860746
2018-02-14,3804.8283,3814.58427,3736.53651,3765.80442,69357736.0924633
2018-02-15,3765.80442,3775.56039,3726.78054,3746.29248,54216545.5725719
2018-02-19,3756.04845,3765.80442,3726.78054,3765.80442,64995074.62068598
2018-02-20,3746.29248,3765.80442,3687.75666,3707.2686,93795388.1413328
2018-02-21,3707.2686,3707.2686,3658.48875,3707.2686,112096797.90048464
2018-02-22,3687.75666,3697.51263,3668.24472,3678.00069,106431959.09396084
2018-02-23,3668.24472,3717.02457,3668.24472,3697.51263,110444476.20683622
2018-02-26,3658.48875,3697.51263,3638.97681,3648.73278,99984316.4850543
2018-02-27,3648.73278,3697.51263,3638.97681,3678.00069,78423262.38473019
2018-02-28,3687.75666,3697.51263,3648.73278,3687.75666,129456936.69482307
2018-03-01,3707.2686,3726.78054,3687.75666,3697.51263,110692631.46119817
2018-03-02,3697.51263,3697.51263,3648.73278,3697.51263,63380267.96549091
2018-03-05,3707.2686,3707.2686,3678.00069,3678.00069,56640600.05725514
2018-03-06,3687.75666,3717.02457,3609.7089,3638.97681,93352069.68692638
2018-03-07,3629.22084,3638.97681,3560.92905,3570.68502,145154504.78500777
2018-03-08,3638.97681,3678.00069,3599.95293,3678.00069,133908878.25811349
2018-03-09,3629.22084,3658.48875,3590.19696,3599.95293,101660009.20265827
2018-03-12,3609.7089,3668.24472,3609.7089,3668.24472,147833172.53067246
2018-03-13,3668.24472,3678.00069,3629.22084,3668.24472,130933981.20881039
2018-03-14,3658.48875,3658.48875,3609.7089,3658.48875,60040056.54173646
2018-03-15,3609.7089,3629.22084,3551.17308,3551.17308,153767589.61351705
2018-03-16,3551.17308,3590.19696,3463.36935,3590.19696,232112848.91829318
2018-03-19,3599.95293,3629.22084,3580.44099,3599.95293,92333616.64300051
2018-03-20,3629.22084,3648.73278,3570.68502,3648.73278,107917920.61708818
2018-03-21,3658.48875,3726.78054,3648.73278,3717.02457,137464956.9031343
2018-03-22,3707.2686,3707.2686,3570.68502,3580.44099,148172861.87885788
2018-03-23,3473.12532,3512.1492,3365.80965,3512.1492,201615932.65860942
2018-03-26,3492.63726,3521.90517,3453.61338,3512.1492,92162132.46722728
2018-03-27,3570.68502,3580.44099,3482.88129,3512.1492,105007087.63345149
2018-03-28,3551.17308,3560.92905,3414.5895,3463.36935,100828825.35068543
2018-03-29,3502.39323,3512.1492,3434.10144,3512.1492,134133765.48862544
2018-04-02,3414.5895,3512.1492,3404.83353,3512.1492,71019795.79609327
2018-04-03,3443.85741,3512.1492,3443.85741,3512.1492,46663426.83053984
2018-04-04,3512.1492,3512.1492,3375.56562,3404.83353,91102165.38074905
2018-04-05,3424.34547,3453.61338,3385.32159,3385.32159,81519315.55821969
2018-04-06,3385.32159,3404.83353,3365.80965,3395.07756,69246829.97878326
2018-04-09,3443.85741,3443.85741,3395.07756,3443.85741,49810833.05666678
2018-04-10,3453.61338,3541.41711,3443.85741,3492.63726,87811463.00774191
2018-04-11,3560.92905,3580.44099,3541.41711,3560.92905,89896135.1445544
2018-04-12,3580.44099,3580.44099,3482.88129,3502.39323,63540170.12939244
2018-04-13,3551.17308,3560.92905,3463.36935,3463.36935,60176486.68157889
2018-04-16,3492.63726,3502.39323,3453.61338,3473.12532,34171076.02573909
2018-04-17,3453.61338,3521.90517,3453.61338,3502.39323,59284724.76751285
2018-04-18,3551.17308,3570.68502,3531.66114,3570.68502,69601484.342308
2018-04-19,3570.68502,3570.68502,3521.90517,3541.41711,81771263.81646949
2018-04-20,3560.92905,3570.68502,3502.39323,3570.68502,71580785.37111393
2018-04-23,3541.41711,3551.17308,3492.63726,3492.63726,89915405.1643064
2018-04-24,3482.88129,3492.63726,3395.07756,3404.83353,103997859.59898134
2018-04-25,3365.80965,3375.56562,3209.71413,3229.22607,196173624.0801816
2018-04-26,3209.71413,3229.22607,3043.86264,3063.37458,319923082.92477536
2018-04-27,3121.9104,3170.69025,3053.61861,3073.13055,218223917.68198174
2018-04-30,3112.15443,3199.95816,3082.88652,3141.42234,133460229.79824375
2018-05-02,3151.17831,3160.93428,3112.15443,3151.17831,121950559.00070111
2018-05-03,3121.9104,3121.9104,3063.37458,3073.13055,148467348.18070966
2018-05-04,3073.13055,3092.64249,2936.54697,2956.05891,187072120.75103784
2018-05-07,3004.83876,3024.3507,2917.03503,2975.57085,188699226.41883954
2018-05-08,3014.59473,3014.59473,2946.30294,2995.08279,113224005.05588469
2018-05-09,3043.86264,3151.17831,2995.08279,3131.66637,190065466.8192514
2018-05-11,3180.44622,3219.4701,3082.88652,3082.88652,165487695.62675816
2018-05-14,3073.13055,3112.15443,3024.3507,3112.15443,98631607.09851189
2018-05-15,3141.42234,3141.42234,2985.32682,2995.08279,110731582.50112343
2018-05-16,2936.54697,2995.08279,2878.01115,2995.08279,306402131.0656469
2018-05-17,2995.08279,3024.3507,2917.03503,2917.03503,177156038.58694154
2018-05-18,2926.791,2965.81488,2848.74324,2868.25518,220441738.9552736
2018-05-21,2829.2313,2848.74324,2682.89175,2692.64772,530876376.1542849
2018-05-22,2702.40369,2770.69548,2653.62384,2653.62384,340831921.356571
2018-05-23,2712.15966,2848.74324,2702.40369,2809.71936,420172058.6811084
2018-05-24,2858.49921,2995.08279,2848.74324,2985.32682,258155979.61279646
2018-05-25,3014.59473,3053.61861,2946.30294,3043.86264,197058518.98720887
2018-05-28,3053.61861,3209.71413,3043.86264,3170.69025,190698720.46834353
2018-05-30,3170.69025,3199.95816,3063.37458,3063.37458,313887700.7384404
2018-05-31,3092.64249,3112.15443,2995.08279,3004.83876,320129008.1358511
2018-06-04,3073.13055,3092.64249,3024.3507,3053.61861,217237649.67104587
2018-06-05,3073.13055,3082.88652,3014.59473,3034.10667,139380911.86700976
2018-06-06,3043.86264,3082.88652,3014.59473,3073.13055,101998570.54968747
2018-06-07,3102.39846,3190.20219,3082.88652,3190.20219,188342317.05300337
2018-06-08,3131.66637,3170.69025,3034.10667,3063.37458,269550131.2919307
2018-06-20,2946.30294,2956.05891,2878.01115,2887.76712,364378836.4924252
2018-06-21,2878.01115,2917.03503,2838.98727,2838.98727,138994789.47122997
2018-06-22,2829.2313,2907.27906,2799.96339,2907.27906,216888223.3128799
2018-06-25,2907.27906,2926.791,2799.96339,2819.47533,146617199.28428617
2018-06-26,2741.42757,2838.98727,2741.42757,2751.18354,190460610.22427785
2018-06-27,2809.71936,2809.71936,2760.93951,2770.69548,136959625.38516378
2018-06-28,2751.18354,2780.45145,2673.13578,2682.89175,202403758.46613973
2018-06-29,2731.6716,2829.2313,2712.15966,2770.69548,222302958.86304504
2018-07-02,2819.47533,2838.98727,2751.18354,2780.45145,155119992.99974582
2018-07-03,2780.45145,2790.20742,2702.40369,2760.93951,91057270.3347311
2018-07-04,2760.93951,2878.01115,2721.91563,2858.49921,132131299.4360751
2018-07-05,2819.47533,2848.74324,2790.20742,2838.98727,65082507.71030589
2018-07-06,2838.98727,2838.98727,2770.69548,2770.69548,78278735.23658822
2018-07-09,2790.20742,2956.05891,2790.20742,2936.54697,131088348.36703849
2018-07-10,2965.81488,3004.83876,2907.27906,2975.57085,134934301.30918372
2018-07-11,2926.791,2926.791,2878.01115,2917.03503,136369114.7798837
2018-07-12,2887.76712,2926.791,2878.01115,2897.52309,93975995.32645722
2018-07-13,2887.76712,2956.05891,2887.76712,2897.52309,104455118.06767645
2018-07-16,2926.791,2936.54697,2819.47533,2897.52309,88780613.00113162
2018-07-17,2858.49921,2868.25518,2790.20742,2799.96339,140516217.03071043
2018-07-18,2799.96339,2829.2313,2780.45145,2780.45145,116916512.84074691
2018-07-19,2829.2313,2887.76712,2799.96339,2819.47533,145875191.52371982
2018-07-20,2819.47533,2907.27906,2799.96339,2907.27906,74365747.2257313
2018-07-23,2926.791,2975.57085,2917.03503,2965.81488,91200874.48192698
2018-07-24,2985.32682,2995.08279,2936.54697,2936.54697,74786617.65712824
2018-07-25,2907.27906,2946.30294,2878.01115,2917.03503,73755351.60006888
2018-07-26,2975.57085,2995.08279,2956.05891,2965.81488,86814636.98598398
2018-07-27,2985.32682,3014.59473,2946.30294,3014.59473,56073562.47603522
2018-07-30,3024.3507,3034.10667,2995.08279,3004.83876,68528603.24259275
2018-07-31,3004.83876,3004.83876,2926.791,2995.08279,110146299.90120213
2018-08-01,2995.08279,3121.9104,2975.57085,3112.15443,150777728.5488757
2018-08-02,3121.9104,3180.44622,3112.15443,3170.69025,162369092.43015465
2018-08-03,3190.20219,3268.24995,3151.17831,3248.73801,103105789.6845996
2018-08-06,3268.24995,3336.54174,3258.49398,3326.78577,146895592.56964242
2018-08-07,3268.24995,3317.0298,3248.73801,3268.24995,91640297.93234098
2018-08-08,3317.0298,3317.0298,3229.22607,3248.73801,92979170.3047003
2018-08-09,3248.73801,3268.24995,3219.4701,3248.73801,71396590.18231177
2018-08-10,3268.24995,3385.32159,3268.24995,3307.27383,118862090.83498634
2018-08-13,3219.4701,3238.98204,3053.61861,3063.37458,183814217.4116501
2018-08-14,3014.59473,3073.13055,2965.81488,3053.61861,158704566.67397434
2018-08-15,3073.13055,3141.42234,2946.30294,3131.66637,141828336.37564754
2018-08-16,3102.39846,3102.39846,2975.57085,2975.57085,167759124.9549989
2018-08-20,3004.83876,3112.15443,3004.83876,3102.39846,103912783.51177739
2018-08-21,3053.61861,3102.39846,3043.86264,3073.13055,61001622.52735246
2018-08-23,3102.39846,3190.20219,3053.61861,3190.20219,159733167.72830203
2018-08-24,3190.20219,3209.71413,3151.17831,3190.20219,99233289.71524338
2018-08-27,3238.98204,3297.51786,3209.71413,3297.51786,115178090.05884391
2018-08-28,3248.73801,3297.51786,3219.4701,3248.73801,102130489.68490608
2018-08-29,3180.44622,3219.4701,3170.69025,3209.71413,81075074.10286717
2018-08-30,3209.71413,3229.22607,3112.15443,3112.15443,85632693.77447882
2018-08-31,3102.39846,3102.39846,3034.10667,3102.39846,146233638.8911324
2018-09-03,3102.39846,3141.42234,3082.88652,3092.64249,66007479.65841259
2018-09-04,3121.9104,3121.9104,3014.59473,3034.10667,78046979.9990365
2018-09-05,2995.08279,2995.08279,2829.2313,2858.49921,217891608.3413609
2018-09-06,2838.98727,2917.03503,2838.98727,2887.76712,211151632.43280944
2018-09-07,2907.27906,2956.05891,2887.76712,2956.05891,145097001.7260665
2018-09-10,2956.05891,2956.05891,2887.76712,2897.52309,88712448.93126267
2018-09-12,2907.27906,2936.54697,2838.98727,2838.98727,121031429.05858253
2018-09-13,2887.76712,2936.54697,2887.76712,2926.791,128662756.8807798
2018-09-14,2956.05891,2995.08279,2926.791,2995.08279,107754430.44950892
2018-09-17,2985.32682,2985.32682,2878.01115,2897.52309,93651065.99340098
2018-09-18,2897.52309,2907.27906,2848.74324,2868.25518,141843199.3908823
2018-09-19,2897.52309,2946.30294,2897.52309,2926.791,108041639.74390168
2018-09-20,2975.57085,3043.86264,2946.30294,3014.59473,158456718.4199271
2018-09-21,3073.13055,3112.15443,3043.86264,3043.86264,208296355.50611833
2018-09-24,3043.86264,3043.86264,2926.791,2936.54697,97638984.08106208
2018-09-25,2936.54697,2956.05891,2907.27906,2956.05891,112869760.69278023
2018-09-26,2956.05891,2985.32682,2917.03503,2917.03503,68470382.18291551
2018-09-27,2926.791,3004.83876,2926.791,2995.08279,126458977.62188114
2018-09-28,3014.59473,3092.64249,3004.83876,3073.13055,158449236.4122579
2018-10-01,3073.13055,3112.15443,3073.13055,3102.39846,93723432.06757702
2018-10-02,3073.13055,3102.39846,3004.83876,3034.10667,135671798.0651262
2018-10-03,3073.13055,3073.13055,3004.83876,3024.3507,71809363.60540919
2018-10-04,2985.32682,2985.32682,2907.27906,2926.791,150853784.626834
2018-10-05,2926.791,2965.81488,2887.76712,2907.27906,149097833.8269646
2018-10-08,2897.52309,2936.54697,2887.76712,2897.52309,66464738.12710768
2018-10-09,2897.52309,2956.05891,2897.52309,2946.30294,52484785.79749856
2018-10-10,2956.05891,2965.81488,2936.54697,2936.54697,62790885.36136709
2018-10-11,2858.49921,2878.01115,2799.96339,2838.98727,179895079.39448932
2018-10-12,2858.49921,2917.03503,2848.74324,2878.01115,121282352.31578171
2018-10-15,2887.76712,2956.05891,2887.76712,2926.791,87888236.0864352
2018-10-16,2926.791,2946.30294,2887.76712,2926.791,66687474.35541483
2018-10-17,2985.32682,3004.83876,2956.05891,2995.08279,82085225.13828339
2018-10-18,2995.08279,3024.3507,2975.57085,3014.59473,66762607.43242709
2018-10-19,2995.08279,3014.59473,2946.30294,2946.30294,83015527.09185341
2018-10-22,2936.54697,3004.83876,2936.54697,2975.57085,50026906.27814428
2018-10-23,2965.81488,2995.08279,2936.54697,2946.30294,60018839.51998877
2018-10-24,2926.791,2965.81488,2878.01115,2878.01115,86677182.84509194
2018-10-25,2838.98727,2926.791,2838.98727,2926.791,134492212.85603803
2018-10-26,2926.791,2946.30294,2907.27906,2917.03503,67885202.58309983
2018-10-29,2926.791,2946.30294,2878.01115,2878.01115,52571808.88669821
2018-10-30,2887.76712,2956.05891,2878.01115,2956.05891,74195697.05142795
2018-10-31,2975.57085,3073.13055,2956.05891,3073.13055,224000688.6032372
2018-11-01,3112.15443,3170.69025,3082.88652,3121.9104,202112142.16722974
2018-11-02,3160.93428,3209.71413,3112.15443,3199.95816,171459628.7480571
2018-11-05,3180.44622,3199.95816,3141.42234,3190.20219,81585838.62640658
2018-11-06,3199.95816,3248.73801,3180.44622,3248.73801,142953903.5293666
2018-11-07,3258.49398,3287.76189,3229.22607,3287.76189,166790999.9626598
2018-11-08,3317.0298,3404.83353,3307.27383,3365.80965,205256370.3900992
2018-11-09,3346.29771,3346.29771,3248.73801,3258.49398,117964998.91545698
2018-11-12,3238.98204,3278.00592,3199.95816,3199.95816,79026380.00293256
2018-11-13,3199.95816,3278.00592,3151.17831,3268.24995,104432670.04466698
2018-11-14,3268.24995,3336.54174,3268.24995,3268.24995,116639554.55686155
2018-11-15,3287.76189,3336.54174,3248.73801,3326.78577,109560709.30096516
2018-11-16,3346.29771,3463.36935,3336.54174,3404.83353,178115245.57013953
2018-11-19,3453.61338,3453.61338,3365.80965,3434.10144,80639956.65686686
2018-11-21,3336.54174,3385.32159,3268.24995,3346.29771,141522677.0623433
2018-11-22,3346.29771,3463.36935,3346.29771,3463.36935,121266567.2996019
2018-11-23,3443.85741,3492.63726,3385.32159,3395.07756,79859613.85700668
2018-11-26,3365.80965,3463.36935,3365.80965,3453.61338,84065858.16845465
2018-11-27,3395.07756,3531.66114,3395.07756,3512.1492,177203086.63516635
2018-11-28,3560.92905,3570.68502,3492.63726,3560.92905,98472729.935661
2018-11-29,3609.7089,3668.24472,3590.19696,3619.46487,141639119.1816978
2018-11-30,3570.68502,3599.95293,3521.90517,3531.66114,217186091.61819828
2018-12-03,3629.22084,3687.75666,3599.95293,3599.95293,140157666.6631922
2018-12-04,3599.95293,3658.48875,3590.19696,3619.46487,137773998.21990514
2018-12-05,3551.17308,3590.19696,3521.90517,3560.92905,143642097.23477295
2018-12-06,3551.17308,3590.19696,3521.90517,3560.92905,111549440.33943695
2018-12-07,3551.17308,3570.68502,3521.90517,3531.66114,114021567.8733956
2018-12-10,3521.90517,3541.41711,3482.88129,3521.90517,95403531.78969821
2018-12-11,3521.90517,3541.41711,3492.63726,3531.66114,115485389.37382919
2018-12-12,3531.66114,3551.17308,3502.39323,3531.66114,90734493.0038807
2018-12-13,3599.95293,3599.95293,3560.92905,3590.19696,108942318.66710776
2018-12-14,3580.44099,3599.95293,3551.17308,3590.19696,125983884.13490495
2018-12-17,3560.92905,3590.19696,3512.1492,3512.1492,127788214.98436448
2018-12-18,3463.36935,3551.17308,3463.36935,3541.41711,121708963.75306326
2018-12-19,3512.1492,3580.44099,3512.1492,3580.44099,136426720.83893058
2018-12-20,3521.90517,3570.68502,3521.90517,3560.92905,69013126.7392348
2018-12-21,3521.90517,3541.41711,3512.1492,3531.66114,178831012.30380854
2018-12-26,3463.36935,3541.41711,3434.10144,3512.1492,85493087.63138096
2018-12-27,3560.92905,3580.44099,3531.66114,3570.68502,73511705.35032874
2018-12-28,3590.19696,3590.19696,3560.92905,3570.68502,126020990.17293906
2019-01-02,3521.90517,3551.17308,3502.39323,3521.90517,76819731.74109314
2019-01-03,3492.63726,3551.17308,3492.63726,3531.66114,95796009.19199198
2019-01-04,3531.66114,3570.68502,3521.90517,3570.68502,117322623.25701468
2019-01-07,3609.7089,3619.46487,3570.68502,3570.68502,76508127.4216952
2019-01-08,3570.68502,3590.19696,3541.41711,3590.19696,83397037.48290586
2019-01-09,3619.46487,3648.73278,3599.95293,3629.22084,122376657.43745683
2019-01-10,3648.73278,3658.48875,3619.46487,3658.48875,145476871.1154369
2019-01-11,3668.24472,3678.00069,3609.7089,3638.97681,110559277.32450867
2019-01-14,3638.97681,3697.51263,3638.97681,3697.51263,117945728.895705
2019-01-15,3678.00069,3697.51263,3648.73278,3687.75666,144383591.99481344
2019-01-16,3697.51263,3707.2686,3668.24472,3687.75666,106368305.0287147
2019-01-17,3697.51263,3746.29248,3687.75666,3717.02457,122857490.9303166
2019-01-18,3756.04845,3756.04845,3697.51263,3726.78054,68260356.96763729
2019-01-21,3707.2686,3736.53651,3707.2686,3707.2686,82950234.02492727
2019-01-22,3678.00069,3697.51263,3648.73278,3678.00069,122681393.74981499
2019-01-23,3668.24472,3717.02457,3638.97681,3678.00069,167547152.73772496
2019-01-24,3658.48875,3717.02457,3658.48875,3697.51263,180573023.0893893
2019-01-25,3726.78054,3726.78054,3687.75666,3687.75666,130321535.5810467
2019-01-28,3658.48875,3697.51263,3658.48875,3687.75666,95921881.32101235
2019-01-29,3687.75666,3726.78054,3560.92905,3599.95293,192306351.1161831
2019-01-30,3609.7089,3668.24472,3609.7089,3658.48875,148368127.07900694
2019-01-31,3707.2686,3775.56039,3707.2686,3756.04845,258763095.23509684
2019-02-01,3785.31636,3834.09621,3775.56039,3824.34024,143610425.20230874
2019-02-04,3853.60815,3853.60815,3795.07233,3804.8283,77855507.80277532
2019-02-06,3824.34024,3843.85218,3814.58427,3824.34024,80026793.02836722
2019-02-07,3834.09621,3834.09621,3795.07233,3834.09621,85012868.13915055
2019-02-08,3765.80442,3814.58427,3756.04845,3795.07233,80435876.44768235
2019-02-11,3795.07233,3824.34024,3765.80442,3775.56039,56978034.40312916
2019-02-12,3804.8283,3804.8283,3726.78054,3756.04845,97336706.77122442
2019-02-13,3795.07233,3795.07233,3687.75666,3697.51263,110887076.6605067
2019-02-14,3726.78054,3756.04845,3658.48875,3707.2686,122532561.59726036
2019-02-15,3746.29248,3746.29248,3658.48875,3678.00069,89932830.18216725
2019-02-18,3697.51263,3765.80442,3697.51263,3746.29248,96005214.4064297
2019-02-19,3804.8283,3902.388,3785.31636,3814.58427,143446525.03430924
2019-02-20,3814.58427,3843.85218,3765.80442,3795.07233,127169824.35050708
2019-02-21,3736.53651,3843.85218,3736.53651,3814.58427,117405957.34243305
2019-02-22,3765.80442,3814.58427,3765.80442,3804.8283,83744209.83876146
2019-02-25,3843.85218,3873.12009,3804.8283,3863.36412,109400192.13643324
2019-02-26,3863.36412,3873.12009,3814.58427,3843.85218,62955092.52968129
2019-02-27,3814.58427,3824.34024,3756.04845,3775.56039,90264832.52247341
2019-02-28,3756.04845,3775.56039,3746.29248,3756.04845,109156033.88616829
2019-03-01,3775.56039,3795.07233,3765.80442,3775.56039,73218654.04994781
2019-03-04,3804.8283,3824.34024,3785.31636,3785.31636,58453335.91532988
2019-03-05,3804.8283,3804.8283,3765.80442,3765.80442,72382038.19240715
2019-03-06,3795.07233,3824.34024,3765.80442,3804.8283,57922174.3708833
2019-03-08,3726.78054,3785.31636,3717.02457,3756.04845,133031056.35833612
2019-03-11,3804.8283,3804.8283,3736.53651,3756.04845,71418936.2052167
2019-03-12,3785.31636,3795.07233,3717.02457,3736.53651,81456584.49391963
2019-03-13,3707.2686,3717.02457,3687.75666,3707.2686,86180256.33573665
2019-03-14,3687.75666,3775.56039,3687.75666,3775.56039,141702157.24631253
2019-03-15,3804.8283,3882.87606,3795.07233,3882.87606,206348522.50956747
2019-03-18,3892.63203,3941.41188,3882.87606,3941.41188,120706192.7252116
2019-03-19,3941.41188,3951.16785,3873.12009,3892.63203,98182445.63811632
2019-03-20,3863.36412,3912.14397,3863.36412,3882.87606,124336995.44682543
2019-03-21,3912.14397,3941.41188,3873.12009,3882.87606,145663834.30707628
2019-03-22,3931.65591,3970.67979,3902.388,3960.92382,125896143.04496935
2019-03-25,3931.65591,3941.41188,3892.63203,3902.388,123027950.10503918
2019-03-26,3951.16785,3980.43576,3912.14397,3960.92382,105064590.69239278
2019-03-27,3980.43576,3980.43576,3941.41188,3941.41188,87709165.90288623
2019-03-28,3970.67979,3999.9477,3931.65591,3999.9477,87405659.59178883
2019-03-29,3951.16785,4038.97158,3951.16785,4019.45964,134440859.80340058
2019-04-01,4038.97158,4058.48352,4029.21561,4038.97158,85943376.0929317
2019-04-02,4068.23949,4068.23949,4029.21561,4048.72755,65548581.18803646
2019-04-04,4077.99546,4175.55516,4038.97158,4117.01934,83650932.74315138
2019-04-05,4156.04322,4185.31113,4146.28725,4156.04322,70469568.23210381
2019-04-08,4185.31113,4185.31113,4107.26337,4185.31113,102170567.72598653
2019-04-09,4175.55516,4243.84695,4156.04322,4204.82307,108371694.08221112
2019-04-10,4195.0671,4214.57904,4156.04322,4214.57904,133969763.32052137
2019-04-11,4195.0671,4214.57904,4175.55516,4195.0671,203364503.4509142
2019-04-12,4195.0671,4214.57904,4175.55516,4204.82307,123472293.56049624
2019-04-15,4243.84695,4253.60292,4204.82307,4243.84695,65765269.41014434
2019-04-16,4224.33501,4253.60292,4214.57904,4234.09098,93109859.43865813
2019-04-18,4341.40665,4614.57381,4273.11486,4351.16262,186588314.2551307
2019-04-22,4351.16262,4351.16262,4302.38277,4331.65068,104513953.12798305
2019-04-23,4302.38277,4341.40665,4302.38277,4321.89471,56212554.61850373
2019-04-24,4302.38277,4321.89471,4292.6268,4292.6268,177132667.562986
2019-04-25,4273.11486,4282.87083,4156.04322,4224.33501,189077251.80631983
2019-04-26,4136.53128,4253.60292,4107.26337,4224.33501,136197630.6041105
2019-04-29,4185.31113,4243.84695,4175.55516,4234.09098,78840647.81255499
2019-04-30,4282.87083,4302.38277,4234.09098,4263.35889,131000812.277313
2019-05-02,4312.13874,4312.13874,4234.09098,4263.35889,130075942.32931085
2019-05-03,4224.33501,4292.6268,4204.82307,4273.11486,112223694.0305546
2019-05-06,4195.0671,4195.0671,4087.75143,4126.77531,146586961.25329182
2019-05-07,4107.26337,4175.55516,4107.26337,4146.28725,115610338.50190344
2019-05-08,4146.28725,4146.28725,4077.99546,4117.01934,123157922.23826207
2019-05-09,4038.97158,4058.48352,4019.45964,4019.45964,167425688.61322287
2019-05-10,3999.9477,4058.48352,3990.19173,4019.45964,123291584.37526727
2019-05-13,4029.21561,4038.97158,3999.9477,3999.9477,73675092.51780242
2019-05-14,3902.388,3990.19173,3873.12009,3951.16785,117969201.91976511
2019-05-15,3951.16785,3960.92382,3795.07233,3795.07233,171581707.87318957
2019-05-16,3843.85218,3892.63203,3726.78054,3765.80442,147699100.393247
2019-05-17,3814.58427,3814.58427,3678.00069,3697.51263,159081054.05987814
2019-05-20,3707.2686,3756.04845,3570.68502,3658.48875,169409909.64707184
2019-05-21,3707.2686,3746.29248,3619.46487,3658.48875,211698579.99343687
2019-05-22,3619.46487,3736.53651,3619.46487,3678.00069,121601234.6426397
2019-05-23,3726.78054,3795.07233,3707.2686,3756.04845,214460375.82430878
2019-05-24,3687.75666,3834.09621,3678.00069,3756.04845,154160375.0161265
2019-05-27,3804.8283,3873.12009,3765.80442,3824.34024,126669515.8376852
2019-05-28,3834.09621,3853.60815,3717.02457,3717.02457,386042391.69781405
2019-05-29,3795.07233,3853.60815,3765.80442,3843.85218,143207901.7897177
2019-05-31,3892.63203,4019.45964,3882.87606,3999.9477,267635304.32921144
2019-06-10,4117.01934,4165.79919,4097.5074,4126.77531,201666568.71051192
2019-06-11,4146.28725,4146.28725,4048.72755,4126.77531,119179230.16005774
2019-06-12,4068.23949,4107.26337,4068.23949,4107.26337,95227946.60972142
2019-06-13,4146.28725,4146.28725,4077.99546,4097.5074,119747907.74295868
2019-06-14,4068.23949,4136.53128,4068.23949,4126.77531,74107237.96075638
2019-06-17,4146.28725,4146.28725,4097.5074,4097.5074,56574178.9891728
2019-06-18,4077.99546,4156.04322,4077.99546,4156.04322,162302876.36228243
2019-06-19,4214.57904,4234.09098,4175.55516,4185.31113,171403355.69037655
2019-06-20,4224.33501,4224.33501,4175.55516,4204.82307,110410035.17153376
2019-06-21,4185.31113,4253.60292,4156.04322,4253.60292,174448157.81133318
2019-06-24,4204.82307,4243.84695,4185.31113,4204.82307,84634945.75177582
2019-06-25,4243.84695,4243.84695,4185.31113,4224.33501,60943196.46746508
2019-06-26,4224.33501,4263.35889,4214.57904,4253.60292,105422833.05959524
2019-06-27,4273.11486,4282.87083,4243.84695,4273.11486,83791359.88709079
2019-06-28,4263.35889,4292.6268,4243.84695,4253.60292,105146591.77644481
2019-07-01,4292.6268,4312.13874,4273.11486,4312.13874,107467427.15532729
2019-07-02,4312.13874,4312.13874,4253.60292,4302.38277,137803006.2496387
2019-07-03,4282.87083,4312.13874,4253.60292,4292.6268,76232194.13886048
2019-07-04,4253.60292,4292.6268,4253.60292,4282.87083,39655615.64745418
2019-07-05,4312.13874,4312.13874,4273.11486,4292.6268,55116200.49472837
2019-07-08,4273.11486,4302.38277,4263.35889,4292.6268,47389649.57492635
2019-07-09,4263.35889,4302.38277,4263.35889,4302.38277,66337123.99630175
2019-07-10,4302.38277,4370.67456,4292.6268,4360.91859,83003227.07924576
2019-07-11,4380.43053,4429.21038,4370.67456,4399.94247,93703137.0467744
2019-07-12,4399.94247,4429.21038,4380.43053,4399.94247,66190649.8461641
2019-07-15,4429.21038,4448.72232,4409.69844,4419.45441,70679593.44738202
2019-07-16,4390.1865,4438.96635,4390.1865,4438.96635,86590466.75620697
2019-07-17,4409.69844,4438.96635,4390.1865,4409.69844,66936859.61103754
2019-07-18,4390.1865,4399.94247,4331.65068,4341.40665,78954936.92970261
2019-07-19,4341.40665,4380.43053,4331.65068,4370.67456,65944339.59369331
2019-07-22,4390.1865,4399.94247,4351.16262,4390.1865,42993572.06889723
2019-07-23,4390.1865,4390.1865,4360.91859,4380.43053,44400812.51133459
2019-07-24,4409.69844,4409.69844,4331.65068,4341.40665,54380137.74025572
2019-07-25,4360.91859,4370.67456,4341.40665,4351.16262,61914909.46348189
2019-07-26,4302.38277,4360.91859,4292.6268,4331.65068,79317074.3008975
2019-07-29,4370.67456,4370.67456,4331.65068,4351.16262,94175155.53059867
2019-07-30,4390.1865,4390.1865,4351.16262,4390.1865,70475616.23830307
2019-07-31,4390.1865,4399.94247,4341.40665,4370.67456,108481883.1951562
2019-08-01,4380.43053,4399.94247,4302.38277,4341.40665,147219188.90133232
2019-08-02,4292.6268,4360.91859,4282.87083,4341.40665,122327661.38723531
2019-08-05,4302.38277,4312.13874,4165.79919,4165.79919,154610151.47715247
2019-08-06,3999.9477,4107.26337,3921.89994,3999.9477,253831038.1796826
2019-08-07,4038.97158,4185.31113,4038.97158,4146.28725,150652779.4208014
2019-08-08,4146.28725,4214.57904,4146.28725,4185.31113,95671163.0640233
2019-08-09,4224.33501,4243.84695,4195.0671,4224.33501,84534187.64849766
2019-08-12,4273.11486,4273.11486,4185.31113,4195.0671,52334313.6432629
2019-08-13,4224.33501,4224.33501,4146.28725,4175.55516,82138013.19239175
2019-08-14,4224.33501,4243.84695,4204.82307,4224.33501,95606279.99751742
2019-08-15,4107.26337,4175.55516,4077.99546,4146.28725,118115574.06979823
2019-08-16,4146.28725,4156.04322,4097.5074,4107.26337,95948326.3481188
2019-08-19,4029.21561,4117.01934,4029.21561,4077.99546,61879033.42670855
2019-08-20,4077.99546,4097.5074,3990.19173,3999.9477,105186054.81689486
2019-08-21,3999.9477,4068.23949,3941.41188,3951.16785,86497190.66059792
2019-08-22,3960.92382,4038.97158,3902.388,3970.67979,127183047.3640608
2019-08-23,3931.65591,3999.9477,3921.89994,3980.43576,59693602.18661682
2019-08-26,3921.89994,3970.67979,3902.388,3970.67979,66408568.06953274
2019-08-27,4029.21561,4107.26337,3980.43576,4097.5074,182659233.22777826
2019-08-28,4117.01934,4136.53128,4087.75143,4087.75143,102457469.0200636
2019-08-29,4117.01934,4117.01934,4058.48352,4097.5074,69728688.47269367
2019-08-30,4087.75143,4165.79919,4019.45964,4165.79919,111724512.5188879
2019-09-02,4165.79919,4175.55516,4107.26337,4117.01934,70185639.94107409
2019-09-03,4077.99546,4165.79919,4029.21561,4048.72755,78060818.01322061
2019-09-04,4077.99546,4077.99546,3999.9477,4058.48352,78604177.5701703
2019-09-05,4117.01934,4126.77531,4077.99546,4117.01934,79060923.03833956
2019-09-06,4156.04322,4185.31113,4146.28725,4165.79919,117287363.22087274
2019-09-09,4185.31113,4185.31113,4068.23949,4068.23949,70026762.7782232
2019-09-10,4077.99546,4087.75143,4048.72755,4087.75143,71020102.79640795
2019-09-11,4048.72755,4156.04322,4048.72755,4146.28725,117167436.09794608
2019-09-12,4195.0671,4243.84695,4165.79919,4175.55516,89280101.51311298
2019-09-13,4214.57904,4214.57904,4175.55516,4204.82307,57495870.93391746
2019-09-16,4185.31113,4185.31113,3999.9477,4087.75143,135933792.3336733
2019-09-17,4058.48352,4146.28725,4029.21561,4146.28725,109805175.55154583
2019-09-18,4136.53128,4156.04322,4107.26337,4136.53128,78317993.27682815
2019-09-19,4097.5074,4126.77531,4097.5074,4117.01934,94412036.77340461
2019-09-20,4097.5074,4117.01934,4029.21561,4058.48352,222944719.52085698
2019-09-23,4058.48352,4097.5074,4058.48352,4077.99546,87023945.20052727
2019-09-24,4058.48352,4058.48352,4009.70367,4009.70367,97454378.89183965
2019-09-25,3970.67979,4019.45964,3921.89994,3980.43576,85235296.36714198
2019-09-26,4009.70367,4107.26337,3999.9477,4107.26337,82124893.17894357
2019-09-27,4107.26337,4107.26337,4058.48352,4077.99546,59108832.58722138
2019-09-30,4097.5074,4097.5074,4009.70367,4019.45964,78255160.21242356
2019-10-01,4019.45964,4029.21561,3970.67979,3970.67979,81540738.58017853
2019-10-02,3951.16785,3990.19173,3824.34024,3834.09621,170507083.77168775
2019-10-03,3775.56039,3795.07233,3717.02457,3717.02457,182068517.62228808
2019-10-04,3785.31636,3863.36412,3765.80442,3853.60815,96197302.60332227
2019-10-07,3873.12009,3892.63203,3765.80442,3804.8283,129875040.1233838
2019-10-08,3863.36412,3863.36412,3795.07233,3834.09621,122792504.86370513
2019-10-09,3853.60815,3892.63203,3824.34024,3863.36412,120779480.80033273
2019-10-10,3873.12009,3892.63203,3785.31636,3795.07233,110554972.32009597
2019-10-11,3853.60815,3863.36412,3814.58427,3824.34024,104763134.38339664
2019-10-14,3853.60815,3882.87606,3814.58427,3824.34024,112528840.34333302
2019-10-15,3873.12009,3873.12009,3795.07233,3843.85218,131294888.57874453
2019-10-16,3863.36412,3892.63203,3843.85218,3892.63203,84061348.16383182
2019-10-17,3902.388,3951.16785,3892.63203,3951.16785,107162075.84233876
2019-10-18,3951.16785,4087.75143,3951.16785,4068.23949,106205122.86145113
2019-10-21,4068.23949,4087.75143,4009.70367,4019.45964,83150419.23011938
2019-10-22,3980.43576,4038.97158,3970.67979,4038.97158,84652166.76942757
2019-10-23,4048.72755,4077.99546,3980.43576,4077.99546,130353926.61424789
2019-10-24,4077.99546,4195.0671,4077.99546,4195.0671,160949858.9754243
2019-10-25,4195.0671,4214.57904,4117.01934,4126.77531,115105519.98445876
2019-10-28,4126.77531,4156.04322,4117.01934,4126.77531,39311928.29517076
2019-10-29,4136.53128,4146.28725,4077.99546,4126.77531,84557557.67245218
2019-10-30,4156.04322,4156.04322,4087.75143,4146.28725,48628684.8449515
2019-10-31,4107.26337,4136.53128,4058.48352,4107.26337,77476867.41466464
2019-11-01,4117.01934,4117.01934,4048.72755,4077.99546,64864282.48662257
2019-11-04,4077.99546,4107.26337,4048.72755,4058.48352,51529677.81850209
2019-11-05,4087.75143,4195.0671,4068.23949,4195.0671,135860401.25844663
2019-11-06,4224.33501,4224.33501,4058.48352,4058.48352,135814685.21158716
2019-11-07,4058.48352,4058.48352,3863.36412,3902.388,299635607.12988347
2019-11-08,3912.14397,3931.65591,3882.87606,3892.63203,137985356.4365497
2019-11-11,3853.60815,3902.388,3853.60815,3902.388,116933015.8576627
2019-11-12,3902.388,3931.65591,3882.87606,3902.388,112520948.33524361
2019-11-13,3902.388,3912.14397,3824.34024,3863.36412,153842723.69053033
2019-11-14,3853.60815,3873.12009,3804.8283,3843.85218,121019232.04608046
2019-11-15,3902.388,3999.9477,3863.36412,3990.19173,125059117.18700838
2019-11-18,3990.19173,4038.97158,3951.16785,4019.45964,95477435.86545074
2019-11-19,4048.72755,4087.75143,3980.43576,4087.75143,144712621.33207223
2019-11-20,4068.23949,4156.04322,4048.72755,4117.01934,158680684.64949498
2019-11-21,4097.5074,4126.77531,4038.97158,4117.01934,117048021.97554526
2019-11-22,4126.77531,4146.28725,4058.48352,4107.26337,76564810.47979598
2019-11-25,4048.72755,4077.99546,4019.45964,4029.21561,58009403.4602941
2019-11-26,4048.72755,4077.99546,3999.9477,4048.72755,227631798.32516572
2019-11-27,3999.9477,4107.26337,3999.9477,4068.23949,67939322.63857345
2019-11-28,4029.21561,4068.23949,3951.16785,3951.16785,63263826.84613745
2019-11-29,3960.92382,4019.45964,3912.14397,3990.19173,65805039.45090909
2019-12-02,4048.72755,4107.26337,4019.45964,4107.26337,56782564.20276999
2019-12-03,4107.26337,4117.01934,4058.48352,4068.23949,44811227.93201503
2019-12-04,4097.5074,4097.5074,4019.45964,4029.21561,51887408.18517976
2019-12-05,4097.5074,4126.77531,4068.23949,4117.01934,74604677.4706375
2019-12-06,4146.28725,4146.28725,4068.23949,4068.23949,68883565.60643318
2019-12-09,4087.75143,4107.26337,4048.72755,4077.99546,49035615.26205978
2019-12-10,4038.97158,4077.99546,4029.21561,4068.23949,82012654.06389722
2019-12-11,4087.75143,4107.26337,4058.48352,4107.26337,64537508.15167518
2019-12-12,4126.77531,4165.79919,4107.26337,4146.28725,128691456.91019765
2019-12-13,4175.55516,4185.31113,4136.53128,4175.55516,171809261.1064342
2019-12-16,4195.0671,4243.84695,4185.31113,4224.33501,183431785.01965258
2019-12-17,4253.60292,4253.60292,4195.0671,4243.84695,144574962.19097006
2019-12-18,4273.11486,4292.6268,4243.84695,4292.6268,162306464.36596018
2019-12-19,4243.84695,4263.35889,4214.57904,4243.84695,96369299.7796213
2019-12-20,4243.84695,4263.35889,4214.57904,4253.60292,160121340.12618315
2019-12-23,4341.40665,4360.91859,4253.60292,4341.40665,126360269.52070422
2019-12-26,4312.13874,4341.40665,4292.6268,4302.38277,51490522.77836773
2019-12-27,4273.11486,4331.65068,4273.11486,4321.89471,57878303.32591498
2019-12-30,4341.40665,4341.40665,4253.60292,4292.6268,68102094.80541678
2020-01-02,4292.6268,4302.38277,4253.60292,4302.38277,42757510.82693179
2020-01-03,4312.13874,4331.65068,4282.87083,4312.13874,84971868.09712504
2020-01-06,4253.60292,4282.87083,4214.57904,4263.35889,45331319.46511474
2020-01-07,4302.38277,4302.38277,4273.11486,4292.6268,106548195.21310417
2020-01-08,4273.11486,4292.6268,4234.09098,4273.11486,176047281.45045295
2020-01-09,4292.6268,4312.13874,4263.35889,4292.6268,73874765.7224697
2020-01-10,4321.89471,4321.89471,4282.87083,4302.38277,127931102.1308254
2020-01-13,4321.89471,4399.94247,4312.13874,4399.94247,114136676.99138375
2020-01-14,4429.21038,4487.7462,4409.69844,4458.47829,162376677.43792933
2020-01-15,4458.47829,4468.23426,4419.45441,4468.23426,105132241.76173587
2020-01-16,4458.47829,4477.99023,4399.94247,4458.47829,137337547.77253848
2020-01-17,4507.25814,4526.77008,4487.7462,4517.01411,124206511.31307772
2020-01-20,4575.54993,4575.54993,4517.01411,4546.28202,83884533.9825953
2020-01-21,4556.03799,4565.79396,4526.77008,4556.03799,75686579.5795994
2020-01-22,4565.79396,4595.06187,4556.03799,4595.06187,84430865.5425913
2020-01-23,4604.81784,4643.84172,4575.54993,4624.32978,143359603.94521412
2020-01-24,4614.57381,4634.08575,4565.79396,4624.32978,98419120.88071112
2020-01-27,4585.3059,4585.3059,4526.77008,4536.52605,96048470.45076762
2020-01-28,4468.23426,4526.77008,4458.47829,4507.25814,97780743.2263668
2020-01-29,4507.25814,4546.28202,4487.7462,4507.25814,199746205.74211818
2020-01-30,4585.3059,4585.3059,4468.23426,4468.23426,89920633.16966517
2020-01-31,4458.47829,4468.23426,4351.16262,4351.16262,140483723.9974047
2020-02-03,4351.16262,4380.43053,4341.40665,4351.16262,134875978.2494019
2020-02-04,4575.54993,4575.54993,4409.69844,4448.72232,115188341.06935132
2020-02-05,4458.47829,4468.23426,4399.94247,4448.72232,93550204.8900172
2020-02-06,4477.99023,4477.99023,4419.45441,4438.96635,97228158.65996137
2020-02-07,4468.23426,4468.23426,4429.21038,4438.96635,136370344.7811445
2020-02-10,4390.1865,4419.45441,4292.6268,4390.1865,175165154.54626292
2020-02-11,4429.21038,4429.21038,4370.67456,4399.94247,87279993.46297964
2020-02-12,4409.69844,4448.72232,4409.69844,4419.45441,133405903.74255893
2020-02-13,4468.23426,4477.99023,4429.21038,4458.47829,81704535.74807248
2020-02-14,4419.45441,4477.99023,4419.45441,4438.96635,130181724.4377387
2020-02-17,4370.67456,4429.21038,4360.91859,4360.91859,122755501.8257766
2020-02-18,4360.91859,4390.1865,4292.6268,4292.6268,90913051.18690486
2020-02-19,4351.16262,4370.67456,4341.40665,4370.67456,103332317.9167936
2020-02-20,4409.69844,4468.23426,4399.94247,4448.72232,100636225.15326804
2020-02-21,4448.72232,4448.72232,4399.94247,4399.94247,109636150.37829311
2020-02-24,4429.21038,4429.21038,4360.91859,4380.43053,105482079.12032314
2020-02-25,4351.16262,4438.96635,4351.16262,4390.1865,116779366.70017056
2020-02-26,4390.1865,4399.94247,4360.91859,4370.67456,152929538.75450546
2020-02-27,4273.11486,4273.11486,4019.45964,4029.21561,212339110.64998803
2020-02-28,3892.63203,4087.75143,3814.58427,4087.75143,196764339.68567178
2020-03-02,4087.75143,4097.5074,3882.87606,3882.87606,192353194.16419774
2020-03-03,3951.16785,4077.99546,3902.388,3999.9477,203376393.4631016
2020-03-04,4038.97158,4136.53128,4029.21561,4117.01934,119214388.19609512
2020-03-05,4185.31113,4195.0671,4029.21561,4048.72755,136929695.35448515
2020-03-06,3941.41188,3951.16785,3902.388,3912.14397,163378833.4651506
2020-03-09,3804.8283,3853.60815,3658.48875,3658.48875,152756414.5770512
2020-03-10,3687.75666,3931.65591,3687.75666,3814.58427,170127111.38221171
2020-03-11,3853.60815,3931.65591,3785.31636,3814.58427,181960276.51133972
2020-03-12,3726.78054,3746.29248,3512.1492,3521.90517,155741150.63643938
2020-03-13,3521.90517,3678.00069,3278.00592,3629.22084,275561527.45367974
2020-03-16,3658.48875,3658.48875,3375.56562,3414.5895,182883403.45755526
2020-03-17,3414.5895,3482.88129,3180.44622,3180.44622,213785610.13266632
2020-03-18,3190.20219,3356.05368,3014.59473,3063.37458,254310129.67075682
2020-03-19,3053.61861,3063.37458,2858.49921,2858.49921,141397420.93395436
2020-03-20,2858.49921,2897.52309,2663.37981,2741.42757,613330093.6702771
2020-03-23,2585.33205,2634.1119,2556.06414,2556.06414,168516917.73174503
2020-03-24,2517.04026,2682.89175,2380.45668,2380.45668,507514168.2077577
2020-03-26,2438.9925,2926.791,2438.9925,2868.25518,650461409.7302957
2020-03-27,2926.791,3580.44099,2926.791,3151.17831,492960207.2897833
2020-03-30,3073.13055,3073.13055,2936.54697,2936.54697,222949844.52611017
2020-03-31,3024.3507,3121.9104,2897.52309,2946.30294,322875735.9512781
2020-04-01,2936.54697,3004.83876,2829.2313,2858.49921,278540831.50750005
2020-04-02,2780.45145,2829.2313,2731.6716,2799.96339,307383478.0715387
2020-04-03,2858.49921,2878.01115,2760.93951,2819.47533,300479500.99488413
2020-04-06,2878.01115,2956.05891,2838.98727,2946.30294,292231217.5403004
2020-04-07,3024.3507,3160.93428,2878.01115,2956.05891,415529362.92229277
2020-04-08,2926.791,2965.81488,2751.18354,2751.18354,300274190.78443885
2020-04-09,2790.20742,2838.98727,2682.89175,2721.91563,272435236.2491959
2020-04-13,2721.91563,2770.69548,2634.1119,2702.40369,126826342.99843481
2020-04-14,2721.91563,2829.2313,2702.40369,2829.2313,225230294.8635975
2020-04-15,2829.2313,2917.03503,2663.37981,2692.64772,327076753.2573683
2020-04-16,2702.40369,2702.40369,2517.04026,2546.30817,376947448.3753944
2020-04-17,2604.84399,2770.69548,2595.08802,2760.93951,412389028.70341474
2020-04-20,2809.71936,2829.2313,2692.64772,2712.15966,227561687.25330105
2020-04-21,2682.89175,2721.91563,2624.35593,2653.62384,136196912.60337454
2020-04-22,2634.1119,2760.93951,2585.33205,2721.91563,184034288.6372256
2020-04-23,2760.93951,2809.71936,2721.91563,2731.6716,221577864.11981472
2020-04-24,2731.6716,2731.6716,2565.82011,2565.82011,301058018.58787125
2020-04-27,2614.59996,2634.1119,2546.30817,2595.08802,187176056.8575735
2020-04-28,2614.59996,2624.35593,2507.28429,2526.79623,275007097.8853831
2020-04-29,2536.5522,2556.06414,2497.52832,2517.04026,214367612.72922558
2020-04-30,2556.06414,2673.13578,2546.30817,2663.37981,442881537.9585813
2020-05-04,2604.84399,2614.59996,2536.5522,2565.82011,205626810.7698048
2020-05-05,2565.82011,2614.59996,2546.30817,2565.82011,189383013.11972862
2020-05-06,2565.82011,2585.33205,2536.5522,2556.06414,177381540.81808388
2020-05-08,2575.57608,2595.08802,2517.04026,2526.79623,210911779.18695712
2020-05-11,2565.82011,2575.57608,2536.5522,2556.06414,158466251.4296985
2020-05-12,2556.06414,2565.82011,2409.72459,2429.23653,377894458.3460903
2020-05-13,2399.96862,2458.50444,2380.45668,2409.72459,347061542.7420034
2020-05-14,2380.45668,2419.48056,2273.14101,2292.65295,482028029.08417714
2020-05-15,2321.92086,2341.4328,2156.06937,2185.33728,609532726.7779331
2020-05-18,2195.09325,2214.60519,2107.28952,2117.04549,466855268.53192604
2020-05-19,2195.09325,2360.94474,2195.09325,2312.16489,544599972.221126
2020-05-20,2302.40892,2438.9925,2263.38504,2419.48056,404261082.3721779
2020-05-26,2487.77235,2487.77235,2409.72459,2458.50444,414205147.5649571
2020-05-27,2478.01638,2565.82011,2458.50444,2565.82011,443639124.7351163
2020-05-28,2575.57608,2712.15966,2575.57608,2663.37981,464732158.3557142
2020-05-29,2634.1119,2878.01115,2634.1119,2878.01115,894434176.8051391
2020-06-02,2878.01115,3209.71413,2878.01115,3102.39846,479153584.13783854
2020-06-03,3121.9104,3199.95816,2936.54697,3024.3507,449057346.2888546
2020-06-04,3043.86264,3121.9104,2956.05891,2985.32682,256400131.81303263
2020-06-05,2995.08279,3053.61861,2887.76712,3034.10667,274081817.93696076
2020-06-08,3102.39846,3287.76189,3092.64249,3219.4701,393945552.7986435
2020-06-09,3268.24995,3278.00592,3131.66637,3131.66637,260863245.38777447
2020-06-10,3102.39846,3102.39846,2926.791,2956.05891,454318022.6811074
2020-06-11,3053.61861,3053.61861,2829.2313,2897.52309,381661177.2070197
2020-06-12,2829.2313,2965.81488,2731.6716,2956.05891,483937937.0418543
2020-06-15,2965.81488,2975.57085,2819.47533,2829.2313,236538959.45510653
2020-06-16,2897.52309,3073.13055,2887.76712,3053.61861,347153588.83635163
2020-06-17,3121.9104,3121.9104,3004.83876,3024.3507,223638243.2317266
2020-06-18,2975.57085,3043.86264,2965.81488,2975.57085,134217919.57488433
2020-06-19,3004.83876,3034.10667,2985.32682,3024.3507,171107536.38715845
2020-06-22,3024.3507,3034.10667,2956.05891,2985.32682,97762703.20787558
2020-06-23,2946.30294,2985.32682,2907.27906,2936.54697,175709334.1040531
2020-06-24,2975.57085,3063.37458,2936.54697,3043.86264,316200541.10912794
2020-06-25,3024.3507,3034.10667,2965.81488,2985.32682,162166652.22265115
2020-06-26,3024.3507,3043.86264,2946.30294,2956.05891,150990828.76730582
2020-06-29,2965.81488,2985.32682,2907.27906,2965.81488,121781738.82765853
2020-06-30,2995.08279,3034.10667,2956.05891,2956.05891,137366862.80258673
2020-07-01,2965.81488,2995.08279,2956.05891,2985.32682,103824324.42110583
2020-07-02,3014.59473,3014.59473,2965.81488,2985.32682,173723986.0690489
2020-07-03,2985.32682,3014.59473,2965.81488,2975.57085,50710282.97861312
2020-07-06,2995.08279,3024.3507,2956.05891,2965.81488,138046446.49916768
2020-07-07,2995.08279,3004.83876,2956.05891,2956.05891,212558770.87514222
2020-07-08,2965.81488,3121.9104,2956.05891,3112.15443,348163841.8718724
2020-07-09,3112.15443,3151.17831,3063.37458,3063.37458,196989432.9163949
2020-07-10,3053.61861,3073.13055,3024.3507,3034.10667,109795540.54166983
2020-07-13,3053.61861,3102.39846,2975.57085,3082.88652,98261576.71922658
2020-07-14,3082.88652,3170.69025,3053.61861,3092.64249,216521472.93695664
2020-07-15,3121.9104,3160.93428,3053.61861,3053.61861,169866450.11503097
2020-07-16,3053.61861,3082.88652,3053.61861,3063.37458,120026199.02821039
2020-07-17,3063.37458,3073.13055,3024.3507,3024.3507,122578994.64485474
2020-07-20,3024.3507,3053.61861,2956.05891,2975.57085,139964247.46493536
2020-07-21,2975.57085,3102.39846,2975.57085,3073.13055,209263660.49761686
2020-07-22,3082.88652,3092.64249,3014.59473,3024.3507,177898763.34824285
2020-07-23,3043.86264,3082.88652,3024.3507,3063.37458,151556123.3467391
2020-07-24,3053.61861,3063.37458,3014.59473,3014.59473,97177009.60753302
2020-07-27,3014.59473,3073.13055,3014.59473,3073.13055,96881088.30421034
2020-07-28,3082.88652,3092.64249,3024.3507,3063.37458,106006680.65804563
2020-07-29,3063.37458,3073.13055,3024.3507,3043.86264,68857017.57922116
2020-07-30,3053.61861,3092.64249,3034.10667,3082.88652,80441718.45367046
2020-08-03,3092.64249,3102.39846,2897.52309,2917.03503,347766444.46453565
2020-08-04,2926.791,3004.83876,2926.791,3004.83876,160197294.20403692
2020-08-05,3024.3507,3034.10667,2965.81488,3004.83876,165535563.67582345
2020-08-06,3024.3507,3053.61861,3014.59473,3034.10667,117468995.40704778
2020-08-07,3034.10667,3053.61861,2985.32682,3034.10667,92166437.47163998
2020-08-10,3034.10667,3073.13055,3024.3507,3053.61861,93753055.09794097
2020-08-11,3053.61861,3141.42234,3053.61861,3112.15443,176772888.19420806
2020-08-12,3112.15443,3287.76189,3112.15443,3268.24995,470910836.68892926
2020-08-13,3268.24995,3365.80965,3219.4701,3248.73801,219581035.0730424
2020-08-14,3248.73801,3268.24995,3199.95816,3258.49398,101632333.17429002
2020-08-18,3258.49398,3443.85741,3258.49398,3434.10144,268554536.27143455
2020-08-19,3434.10144,3551.17308,3434.10144,3473.12532,222974239.5511153
2020-08-24,3443.85741,3560.92905,3434.10144,3551.17308,199849219.84770882
2020-08-25,3580.44099,3707.2686,3551.17308,3707.2686,183784902.38160187
2020-08-26,3707.2686,3726.78054,3609.7089,3648.73278,166014040.16626725
2020-08-27,3648.73278,3687.75666,3570.68502,3609.7089,192687041.50639504
2020-08-28,3619.46487,3648.73278,3560.92905,3599.95293,79836448.83326226
2020-08-31,3609.7089,3648.73278,3414.5895,3424.34547,272697024.5175318
2020-09-01,3463.36935,3541.41711,3395.07756,3521.90517,201885921.93535146
2020-09-02,3531.66114,3570.68502,3502.39323,3570.68502,109599147.34036458
2020-09-03,3570.68502,3599.95293,3463.36935,3492.63726,184105116.70982516
2020-09-04,3521.90517,3521.90517,3395.07756,3463.36935,137921395.37098888
2020-09-07,3463.36935,3482.88129,3414.5895,3424.34547,97185825.61656953
2020-09-08,3424.34547,3482.88129,3424.34547,3434.10144,83417537.50391862
2020-09-09,3395.07756,3404.83353,3297.51786,3326.78577,182898778.47331485
2020-09-10,3219.4701,3219.4701,3102.39846,3102.39846,284797820.9209849
2020-09-11,2946.30294,3229.22607,2936.54697,3170.69025,598092860.0519404
2020-09-14,3219.4701,3365.80965,3219.4701,3356.05368,282789614.862551
2020-09-15,3356.05368,3375.56562,3229.22607,3248.73801,200421997.4348123
2020-09-16,3287.76189,3307.27383,3160.93428,3180.44622,141994388.5458529
2020-09-17,3190.20219,3229.22607,3092.64249,3121.9104,171803931.1009709
2020-09-18,3121.9104,3190.20219,3112.15443,3141.42234,207955231.15646198
2020-09-21,3121.9104,3170.69025,3073.13055,3112.15443,117024549.95148617
2020-09-22,3034.10667,3112.15443,3024.3507,3053.61861,137951940.40229788
2020-09-23,3092.64249,3102.39846,2975.57085,3004.83876,123624713.71672861
2020-09-24,2956.05891,3004.83876,2936.54697,2956.05891,168257281.46561494
2020-09-25,2985.32682,3102.39846,2965.81488,3082.88652,173655822.99918103
2020-09-28,3102.39846,3151.17831,3004.83876,3014.59473,138854260.327186
2020-09-29,3043.86264,3082.88652,2946.30294,2965.81488,187266975.9507666
2020-09-30,2985.32682,3004.83876,2926.791,2965.81488,172033841.33663148
2020-10-01,3014.59473,3092.64249,2985.32682,3082.88652,133283517.61711177
2020-10-02,3102.39846,3131.66637,2985.32682,3024.3507,160992294.0189207
2020-10-05,3082.88652,3092.64249,3034.10667,3082.88652,95042214.41934381
2020-10-06,3141.42234,3160.93428,3102.39846,3112.15443,123838838.93620938
2020-10-07,3082.88652,3092.64249,3004.83876,3043.86264,295962471.36487776
2020-10-08,3073.13055,3092.64249,3034.10667,3073.13055,127023760.20078968
2020-10-09,3073.13055,3092.64249,3043.86264,3073.13055,83156672.23652877
2020-10-12,3082.88652,3131.66637,3073.13055,3112.15443,160434789.4474722
2020-10-13,3112.15443,3219.4701,3073.13055,3199.95816,209551894.79306024
2020-10-14,3219.4701,3297.51786,3209.71413,3278.00592,198729290.69976875
2020-10-15,3278.00592,3297.51786,3229.22607,3229.22607,187879625.5787394
2020-10-16,3258.49398,3278.00592,3131.66637,3170.69025,143956571.55711266
2020-10-19,3180.44622,3209.71413,3151.17831,3199.95816,98605571.07182467
2020-10-20,3199.95816,3209.71413,3131.66637,3170.69025,137391053.8273828
2020-10-21,3199.95816,3229.22607,3151.17831,3160.93428,119907911.90696476
2020-10-22,3141.42234,3219.4701,3121.9104,3219.4701,164142160.2475692
2020-10-23,3268.24995,3268.24995,3190.20219,3209.71413,120179233.18507214
2020-10-26,3219.4701,3278.00592,3209.71413,3258.49398,103754418.3494513
2020-10-27,3258.49398,3317.0298,3248.73801,3278.00592,187891208.5906121
2020-11-02,3278.00592,3307.27383,3219.4701,3297.51786,160705700.72515935
2020-11-03,3307.27383,3317.0298,3278.00592,3297.51786,124494129.60788973
2020-11-04,3336.54174,3336.54174,3209.71413,3209.71413,141687704.23149803
2020-11-05,3287.76189,3404.83353,3278.00592,3404.83353,240665561.68492046
2020-11-06,3424.34547,3512.1492,3385.32159,3473.12532,275490596.38097453
2020-11-09,3590.19696,3599.95293,3492.63726,3599.95293,263895234.49559757
2020-11-10,3707.2686,3912.14397,3678.00069,3902.388,579708731.2080007
2020-11-11,3873.12009,4087.75143,3853.60815,4019.45964,366030235.1851275
2020-11-12,3999.9477,3999.9477,3824.34024,3853.60815,341634404.179125
2020-11-13,3873.12009,3980.43576,3863.36412,3902.388,243311530.39706826
2020-11-16,3951.16785,3970.67979,3834.09621,3863.36412,197850238.79873064
2020-11-17,3902.388,3921.89994,3834.09621,3863.36412,185374801.0112659
2020-11-18,3882.87606,3951.16785,3873.12009,3941.41188,187226179.9089502
2020-11-19,3912.14397,4029.21561,3882.87606,3941.41188,204695995.81570894
2020-11-20,3941.41188,3980.43576,3892.63203,3921.89994,127906707.10582024
2020-11-23,3912.14397,3999.9477,3912.14397,3980.43576,126600327.76676664
2020-11-24,4019.45964,4126.77531,3980.43576,4097.5074,211321272.60669252
2020-11-25,4214.57904,4282.87083,4146.28725,4214.57904,290425041.68894976
2020-11-26,4117.01934,4214.57904,4117.01934,4185.31113,139941081.44118991
2020-11-27,4224.33501,4263.35889,4165.79919,4165.79919,117815859.76258767
2020-11-30,4146.28725,4175.55516,3892.63203,3990.19173,460025296.5311276
2020-12-01,4029.21974,4156.04748,3970.68386,4136.53552,234125736.2151214
2020-12-02,4214.58336,4234.09532,4146.2915,4195.0714,139758794.09346884
2020-12-03,4243.8513,4292.6312,4195.0714,4292.6312,203962595.24927276
2020-12-04,4292.6312,4292.6312,4165.80346,4195.0714,154141049.8996513
2020-12-07,4243.8513,4312.14316,4243.8513,4292.6312,144372579.68958527
2020-12-08,4292.6312,4292.6312,4234.09532,4292.6312,83304803.82288606
2020-12-10,4341.4111,4341.4111,4224.33934,4224.33934,198473756.60876715
2020-12-11,4292.6312,4292.6312,4156.04748,4175.55944,178810227.16323733
2020-12-14,4195.0714,4204.82738,4165.80346,4175.55944,130571403.3854108
2020-12-15,4175.55944,4185.31542,4136.53552,4175.55944,137056451.53024095
2020-12-16,4234.09532,4243.8513,4195.0714,4214.58336,133297526.23519114
2020-12-17,4253.60728,4253.60728,4204.82738,4224.33934,145272028.02793774
2020-12-18,4165.80346,4195.0714,4165.80346,4175.55944,212598529.3122782
2020-12-21,4224.33934,4234.09532,4107.26758,4107.26758,224445827.07221624
2020-12-22,4136.53552,4175.55944,4019.46376,4029.21974,175773218.06727773
2020-12-23,4048.7317,4077.99964,3853.6121,4058.48768,174412924.17573634
2020-12-28,4146.2915,4156.04748,4058.48768,4146.2915,88270988.66541342
2020-12-29,4146.2915,4175.55944,4068.24366,4077.99964,77084618.86965738
2020-12-30,4087.75562,4107.26758,4029.21974,4068.24366,92272534.38403933
2021-01-04,4048.7317,4214.58336,4048.7317,4204.82738,98983597.75235292
2021-01-05,4195.0714,4195.0714,4136.53552,4165.80346,99671278.5389064
2021-01-06,4175.55944,4195.0714,4058.48768,4097.5116,119551290.59305166
2021-01-07,4156.04748,4185.31542,4107.26758,4175.55944,132129627.1620073
2021-01-08,4224.33934,4282.87522,4195.0714,4282.87522,191032474.44131702
2021-01-11,4312.14316,4546.28668,4302.38718,4536.5307,393312101.91082805
2021-01-12,4565.79864,4653.60246,4556.04266,4604.82256,242635286.25519937
2021-01-13,4653.60246,4721.89432,4634.0905,4673.11442,215418030.787271
2021-01-14,4702.38236,4712.13834,4604.82256,4653.60246,136958665.3519175
2021-01-15,4653.60246,4653.60246,4438.9709,4468.23884,209834891.01043668
2021-01-18,4468.23884,4536.5307,4429.21492,4507.26276,170119967.44560772
2021-01-19,4585.3106,4585.3106,4497.50678,4507.26276,142036474.0395122
2021-01-20,4556.04266,4799.94216,4536.5307,4770.67422,258786405.8761908
2021-01-21,4799.94216,4829.2101,4653.60246,4673.11442,165187608.01067653
2021-01-22,4741.40628,4741.40628,4565.79864,4604.82256,170831326.01747853
2021-01-25,4673.11442,4673.11442,4497.50678,4663.35844,154008925.80755597
2021-01-26,4663.35844,4673.11442,4507.26276,4536.5307,152678152.2717349
2021-01-27,4536.5307,4604.82256,4390.191,4507.26276,185144188.48747128
2021-01-28,4468.23884,4536.5307,4312.14316,4360.92306,164251054.22520342
2021-01-29,4458.48286,4497.50678,4077.99964,4077.99964,287209895.87924534
2021-02-01,4077.99964,4331.65512,3863.36808,4292.6312,330899714.8415639
2021-02-02,4380.43502,4380.43502,4156.04748,4253.60728,156104666.06122604
2021-02-03,4370.67904,4370.67904,4253.60728,4273.11924,115769610.02380079
2021-02-04,4341.4111,4468.23884,4263.36326,4380.43502,151438297.33148286
2021-02-05,4429.21492,4429.21492,4312.14316,4360.92306,92254289.16418444
2021-02-08,4419.45894,4419.45894,4341.4111,4351.16708,112021652.36091095
2021-02-09,4390.191,4653.60246,4390.191,4507.26276,432703224.0738501
2021-02-10,4517.01874,4595.06658,4487.7508,4536.5307,188371542.37708566
2021-02-11,4585.3106,4595.06658,4517.01874,4565.79864,92884979.26400013
2021-02-15,4595.06658,4663.35844,4585.3106,4595.06658,86806041.01279421
2021-02-16,4624.33452,4624.33452,4546.28668,4556.04266,66739886.71563493
2021-02-17,4595.06658,4614.57854,4507.26276,4517.01874,94606590.00940962
2021-02-18,4585.3106,4653.60246,4536.5307,4556.04266,141718822.7118137
2021-02-19,4487.7508,4673.11442,4487.7508,4673.11442,102391968.82322432
2021-02-22,4731.6503,4751.16226,4643.84648,4673.11442,146872072.30847132
2021-02-23,4692.62638,4712.13834,4624.33452,4673.11442,100459513.0371321
2021-02-24,4673.11442,4702.38236,4595.06658,4614.57854,98382735.51196294
2021-02-25,4653.60246,4653.60246,4556.04266,4614.57854,122659640.54866862
2021-02-26,4614.57854,4634.0905,4585.3106,4595.06658,150764044.2067327
2021-03-01,4682.8704,4712.13834,4604.82256,4712.13834,118359303.72960995
2021-03-02,4751.16226,4760.91824,4682.8704,4682.8704,70068409.32433236
2021-03-03,4682.8704,4731.6503,4624.33452,4731.6503,79229047.2100189
2021-03-04,4731.6503,4731.6503,4614.57854,4643.84648,109858158.79081343
2021-03-05,4624.33452,4653.60246,4585.3106,4653.60246,66334289.32818641
2021-03-08,4682.8704,4702.38236,4614.57854,4614.57854,65150195.05985048
2021-03-09,4634.0905,4634.0905,4448.72688,4468.23884,154240373.59650186
2021-03-10,4536.5307,4546.28668,4477.99482,4517.01874,72127864.1407629
2021-03-12,4575.55462,4575.55462,4429.21492,4468.23884,141971180.75272807
2021-03-15,4468.23884,4517.01874,4448.72688,4458.48286,88972404.61747564
2021-03-16,4546.28668,4653.60246,4497.50678,4604.82256,140730710.8050652
2021-03-17,4565.79864,4585.3106,4487.7508,4556.04266,108319410.2488935
2021-03-18,4595.06658,4653.60246,4575.55462,4643.84648,89114471.32937954
2021-03-19,4634.0905,4634.0905,4556.04266,4556.04266,155051875.8751043
2021-03-22,4585.3106,4585.3106,4507.26276,4517.01874,62524933.42544778
2021-03-23,4604.82256,4604.82256,4536.5307,4556.04266,107192409.16853048
2021-03-24,4614.57854,4614.57854,4536.5307,4556.04266,112296868.17726155
2021-03-25,4585.3106,4585.3106,4468.23884,4507.26276,88657418.32189079
2021-03-26,4517.01874,4604.82256,4507.26276,4604.82256,99683578.68712318
2021-03-29,4663.35844,4663.35844,4604.82256,4604.82256,99524701.77265637
2021-03-30,4585.3106,4585.3106,4370.67904,4390.191,200244875.4507492
2021-03-31,4341.4111,4370.67904,4156.04748,4292.6312,301105885.8259242
2021-04-01,4243.8513,4263.36326,4107.26758,4185.31542,316987837.20343834
2021-04-05,4214.58336,4224.33934,4058.48768,4097.5116,321973087.2757017
2021-04-06,4068.24366,4126.77954,4048.7317,4097.5116,155910323.71940082
2021-04-07,4126.77954,4136.53552,4058.48768,4097.5116,108979108.1982538
2021-04-08,4146.2915,4253.60728,4126.77954,4243.8513,147760040.50848812
2021-04-09,4273.11924,4292.6312,4243.8513,4243.8513,116735376.66128877
2021-04-12,4282.87522,4282.87522,4097.5116,4107.26758,107269490.09735568
2021-04-13,4107.26758,4156.04748,4019.46376,4058.48768,111991516.99777983
2021-04-14,4175.55944,4243.8513,4117.02356,4243.8513,105790294.77305202
2021-04-15,4282.87522,4302.38718,4175.55944,4302.38718,80389566.19427264
2021-04-16,4341.4111,4351.16708,4204.82738,4234.09532,69416091.46390215
2021-04-19,4253.60728,4273.11924,4204.82738,4273.11924,57945383.24186806
2021-04-20,4185.31542,4224.33934,4117.02356,4204.82738,91519047.80452605
2021-04-21,4136.53552,4185.31542,4126.77954,4126.77954,48411435.85780209
2021-04-22,4126.77954,4156.04748,4097.5116,4097.5116,110712301.58323409
2021-04-23,4097.5116,4175.55944,4087.75562,4146.2915,112296048.16738042
2021-04-26,4136.53552,4146.2915,4029.21974,4038.97572,146636934.47506043
2021-04-27,4097.5116,4097.5116,4048.7317,4068.24366,136121230.26082465
2021-04-28,4068.24366,4117.02356,4029.21974,4029.21974,117954628.85327768
2021-04-29,4087.75562,4097.5116,4038.97572,4058.48768,116207700.30278866
2021-04-30,4048.7317,4058.48768,3951.1719,3951.1719,239939913.775961
2021-05-03,3960.92788,3970.68386,3902.392,3912.14798,115764484.96204379
2021-05-04,3921.90396,3970.68386,3912.14798,3960.92788,78540341.411114
2021-05-05,4009.70778,4029.21974,3980.43984,3990.19582,109321769.82732642
2021-05-06,4029.21974,4029.21974,3970.68386,4009.70778,80346720.67798418
2021-05-07,4038.97572,4038.97572,3941.41592,3951.1719,77674308.47541714
2021-05-10,3951.1719,3990.19582,3951.1719,3951.1719,75828876.23795867
2021-05-11,3931.65994,3941.41592,3882.88004,3892.63602,155642180.4882749
2021-05-17,3863.36808,3902.392,3804.8322,3804.8322,200176609.62814602
2021-05-18,3863.36808,3863.36808,3795.07622,3804.8322,118598131.60748588
2021-05-19,3756.0523,3843.85612,3756.0523,3775.56426,126081746.78504877
2021-05-20,3746.29632,3834.10014,3726.78436,3785.32024,153593283.29906377
2021-05-21,3824.34416,3853.6121,3765.80828,3795.07622,112865545.02981761
2021-05-24,3873.12406,3960.92788,3814.58818,3941.41592,137153725.2023887
2021-05-25,3970.68386,4038.97572,3941.41592,3960.92788,157175291.46226212
2021-05-27,4038.97572,4087.75562,3853.6121,3853.6121,580233354.3119195
2021-05-28,3941.41592,4068.24366,3921.90396,3970.68386,255409502.68450737
2021-05-31,4029.21974,4175.55944,4009.70778,4156.04748,304273071.4905115
2021-06-02,4243.8513,4273.11924,4126.77954,4156.04748,290965541.1347707
2021-06-03,4165.80346,4253.60728,4117.02356,4253.60728,161618104.99816522
2021-06-04,4273.11924,4282.87522,4185.31542,4234.09532,128724638.63189551
2021-06-07,4234.09532,4243.8513,4107.26758,4146.2915,142339877.69552624
2021-06-08,4175.55944,4175.55944,4087.75562,4097.5116,101463820.13903268
2021-06-09,3999.9518,4165.80346,3999.9518,4117.02356,100108241.30430771
2021-06-10,4175.55944,4214.58336,4156.04748,4195.0714,99689933.76370186
2021-06-11,4243.8513,4243.8513,4175.55944,4175.55944,53867576.60429809
2021-06-14,4224.33934,4243.8513,4175.55944,4243.8513,124269832.45148104
2021-06-15,4243.8513,4243.8513,4107.26758,4126.77954,187027648.68316665
2021-06-16,4048.7317,4068.24366,3912.14798,3912.14798,448204690.86652493
2021-06-17,3882.88004,3970.68386,3834.10014,3931.65994,313325468.0718903
2021-06-18,3960.92788,3960.92788,3814.58818,3814.58818,303403963.5177604
2021-06-21,3785.32024,3873.12406,3765.80828,3843.85612,148665946.42465442
2021-06-22,3843.85612,3970.68386,3824.34416,3941.41592,123775366.49316625
2021-06-23,3951.1719,3970.68386,3843.85612,3843.85612,166563277.08748892
2021-06-24,3902.392,3912.14798,3863.36808,3892.63602,51642172.28817607
2021-06-25,3931.65994,3941.41592,3892.63602,3892.63602,77480478.63976762
2021-06-28,3882.88004,3892.63602,3834.10014,3834.10014,144764339.4102899
2021-06-29,3765.80828,3814.58818,3765.80828,3804.8322,124818624.06441998
2021-06-30,3804.8322,3873.12406,3795.07622,3843.85612,115669671.3195394
2021-07-01,3843.85612,3873.12406,3814.58818,3843.85612,98064879.18179414
2021-07-02,3902.392,3931.65994,3873.12406,3892.63602,87434783.58914226
2021-07-05,3834.10014,3863.36808,3785.32024,3804.8322,87093556.97736157
2021-07-06,3853.6121,3853.6121,3795.07622,3795.07622,56700608.24232932
2021-07-07,3824.34416,3843.85612,3717.02838,3726.78436,152443731.94696996
2021-07-08,3795.07622,3804.8322,3726.78436,3775.56426,151279112.91331062
2021-07-09,3765.80828,3775.56426,3687.76044,3707.2724,131023741.3360831
2021-07-12,3707.2724,3726.78436,3658.4925,3668.24848,122721858.79839852
2021-07-13,3707.2724,3707.2724,3668.24848,3687.76044,163704210.13573214
2021-07-14,3687.76044,3707.2724,3609.7126,3619.46858,107815001.67077014
2021-07-15,3658.4925,3746.29632,3638.98054,3717.02838,130319147.84573154
2021-07-16,3756.0523,3765.80828,3717.02838,3746.29632,100949571.44233589
2021-07-19,3756.0523,3756.0523,3687.76044,3687.76044,64599353.42220874
2021-07-21,3756.0523,3785.32024,3717.02838,3726.78436,98723859.62250845
2021-07-22,3775.56426,3814.58818,3746.29632,3804.8322,87443393.692894
2021-07-23,3843.85612,3853.6121,3736.54034,3775.56426,89417054.97551246
2021-07-26,3804.8322,3804.8322,3726.78436,3736.54034,84047732.77517994
2021-07-27,3765.80828,3765.80828,3678.00446,3707.2724,92940637.43468109
2021-07-28,3707.2724,3717.02838,3629.22456,3638.98054,72473908.31059514
2021-07-29,3668.24848,3746.29632,3658.4925,3678.00446,95807084.47536793
2021-07-30,3736.54034,3736.54034,3619.46858,3619.46858,105884903.41308613
2021-08-02,3678.00446,3678.00446,3609.7126,3648.73652,98592965.54523483
2021-08-03,3648.73652,3687.76044,3629.22456,3658.4925,81871426.55068994
2021-08-04,3697.51642,3756.0523,3678.00446,3756.0523,85584636.29486734
2021-08-05,3804.8322,3990.19582,3804.8322,3951.1719,274092505.31468904
2021-08-06,3951.1719,3960.92788,3804.8322,3834.10014,142061381.83965117
2021-08-09,3843.85612,3853.6121,3726.78436,3756.0523,95421577.33000682
2021-08-10,3795.07622,3795.07622,3717.02838,3726.78436,87916539.3942997
2021-08-12,3756.0523,3756.0523,3707.2724,3717.02838,88022833.17513978
2021-08-13,3726.78436,3785.32024,3726.78436,3775.56426,97681934.56731154
2021-08-16,3775.56426,3834.10014,3746.29632,3834.10014,65304766.92244142
2021-08-18,3892.63602,3990.19582,3834.10014,3970.68386,230485302.3478933
2021-08-19,3902.392,3921.90396,3765.80828,3785.32024,203335390.19145182
2021-08-20,3785.32024,3843.85612,3736.54034,3834.10014,82307569.30621015
2021-08-23,3882.88004,3892.63602,3834.10014,3863.36808,63488035.03082212
2021-08-24,3853.6121,3863.36808,3736.54034,3795.07622,140593871.65615347
2021-08-25,3756.0523,3804.8322,3756.0523,3795.07622,80668472.05508827
2021-08-26,3795.07622,3804.8322,3746.29632,3775.56426,64429611.3768171
2021-08-27,3795.07622,3795.07622,3736.54034,3746.29632,74078155.14176945
2021-08-30,3756.0523,3843.85612,3746.29632,3843.85612,119775153.29059716
2021-08-31,3843.85612,3853.6121,3775.56426,3834.10014,125682504.47417893
2021-09-01,3834.10014,3834.10014,3785.32024,3795.07622,91030219.41414395
2021-09-02,3765.80828,3795.07622,3746.29632,3775.56426,75702697.21750148
2021-09-03,3756.0523,3834.10014,3717.02838,3834.10014,153802180.81627885
2021-09-06,3853.6121,3882.88004,3756.0523,3756.0523,176047203.86880663
2021-09-07,3795.07622,3824.34416,3775.56426,3814.58818,130808283.73981906
2021-09-08,3820,3880,3720,3730,228087900
2021-09-09,3700,3770,3650,3730,306319600
2021-09-10,3710,3790,3670,3780,177033000
2021-09-13,3710,3750,3660,3700,169825000
2021-09-14,3720,3730,3660,3700,216363400
2021-09-15,3670,3670,3620,3660,263544000
2021-09-16,3650,3660,3610,3640,194782800
2021-09-17,3630,3640,3570,3610,346529100
2021-09-20,3590,3590,3510,3590,357971300
2021-09-21,3510,3580,3500,3570,410533900
2021-09-22,3520,3650,3520,3610,416087300
2021-09-23,3600,3770,3590,3770,432390800
2021-09-24,3790,3860,3770,3820,634549600
2021-09-27,3770,3800,3730,3750,380151200
2021-09-28,3770,3770,3690,3720,306827400
2021-09-29,3720,3750,3690,3740,143081800
2021-09-30,3760,3870,3750,3850,416099000
2021-10-01,3850,3920,3830,3900,359864700
2021-10-04,3900,4010,3890,3970,335762600
2021-10-05,3950,3980,3910,3930,236562700
2021-10-06,3920,4150,3920,4120,446708800
2021-10-07,4150,4170,4070,4120,264905400
2021-10-08,4190,4240,4130,4160,196631600
2021-10-11,4160,4200,4130,4180,146720100
2021-10-12,4180,4240,4180,4220,241196000
2021-10-13,4230,4300,4220,4280,264629400
2021-10-14,4280,4350,4230,4250,196989500
2021-10-15,4250,4330,4220,4320,318189600
2021-10-18,4350,4410,4340,4410,286829000
2021-10-19,4450,4450,4360,4400,161256300
2021-10-21,4450,4460,4320,4360,319230200
2021-10-22,4340,4400,4320,4400,160459300
2021-10-25,4330,4370,4300,4300,128240100
2021-10-26,4280,4370,4270,4350,108782400
2021-10-27,4330,4340,4260,4290,258038300
2021-10-28,4210,4300,4200,4240,159645200
2021-10-29,4300,4300,4220,4250,155011100
2021-11-01,4330,4330,4220,4230,102079300
2021-11-02,4270,4270,4210,4210,124799700
2021-11-03,4250,4300,4210,4290,100486300
2021-11-04,4330,4340,4250,4250,119591100
2021-11-05,4270,4270,4210,4240,74347000
2021-11-08,4250,4260,4220,4230,79465600
2021-11-09,4230,4250,4220,4250,92453200
2021-11-10,4230,4260,4210,4250,69475400
2021-11-11,4290,4300,4230,4250,149637700
2021-11-12,4270,4290,4210,4220,80234400
2021-11-15,4220,4220,4140,4160,220142300
2021-11-16,4120,4170,4120,4130,163555000
2021-11-17,4170,4200,4160,4200,126523700
2021-11-18,4150,4190,4140,4180,114881200
2021-11-19,4220,4290,4220,4280,182167700
2021-11-22,4310,4310,4250,4280,151514000
2021-11-23,4280,4280,4200,4210,104294200
2021-11-24,4200,4230,4190,4210,111072800
2021-11-25,4180,4250,4180,4220,123609400
2021-11-26,4190,4220,4150,4160,148652500
2021-11-29,4150,4190,4080,4170,164312800
2021-11-30,4150,4220,4090,4090,316653200
2021-12-01,4090,4180,4070,4080,163457900
2021-12-02,4060,4220,4060,4200,139281800
2021-12-03,4210,4220,4170,4170,93227100
2021-12-06,4200,4220,4110,4110,106610000
2021-12-07,4190,4230,4160,4230,182048000
2021-12-08,4250,4250,4170,4210,143230200
2021-12-09,4220,4220,4160,4190,90471500
2021-12-10,4130,4160,4130,4130,122999200
2021-12-13,4170,4200,4160,4160,86848900
2021-12-14,4150,4160,4130,4130,100110000
2021-12-15,4150,4230,4140,4200,124522800
2021-12-16,4220,4220,4120,4140,136646600
2021-12-17,4090,4140,4090,4110,153165400
2021-12-20,4070,4130,4060,4120,89198900
2021-12-21,4100,4120,4080,4080,109561800
2021-12-22,4100,4110,4050,4050,104738000
2021-12-23,4090,4110,4060,4100,72736800
2021-12-24,4100,4120,4050,4070,59795000
2021-12-27,4070,4110,4060,4060,65491200
2021-12-28,4090,4110,4070,4090,52952500
2021-12-29,4090,4100,4070,4080,27676500
2021-12-30,4080,4140,4060,4110,146989400
2022-01-03,4120,4190,4090,4180,90842500
2022-01-04,4200,4210,4160,4160,93950000
2022-01-05,4180,4230,4130,4210,174376400
2022-01-06,4240,4240,4140,4160,137280000
2022-01-07,4170,4200,4150,4190,101275000
2022-01-10,4190,4210,4180,4180,70722600
2022-01-11,4180,4180,4130,4150,99404900
2022-01-12,4170,4180,4130,4160,65907000
2022-01-13,4180,4190,4170,4190,103522400
2022-01-14,4190,4210,4160,4180,110213800
2022-01-17,4200,4210,4180,4210,102957100
2022-01-18,4240,4240,4140,4190,120275000
2022-01-19,4210,4210,4130,4130,109954700
2022-01-20,4130,4160,4110,4130,86394600
2022-01-21,4130,4170,4110,4170,84972500
2022-01-24,4140,4160,4100,4120,76709900
2022-01-25,4100,4110,4000,4070,185007800
2022-01-26,4030,4100,4030,4090,97589500
2022-01-27,4070,4140,4060,4140,80682900
2022-01-28,4170,4170,4090,4140,84812100
2022-01-31,4170,4170,4070,4070,78498500
2022-02-02,4120,4120,4060,4070,81546300
2022-02-03,4180,4180,4130,4130,157898800
2022-02-04,4170,4210,4150,4210,236602900
2022-02-07,4240,4410,4220,4400,468016600
2022-02-08,4450,4550,4400,4440,310878100
2022-02-09,4400,4500,4380,4450,149000100
2022-02-10,4500,4500,4450,4470,112521600
2022-02-11,4420,4450,4380,4450,103418200
2022-02-14,4450,4450,4380,4410,105260000
2022-02-15,4440,4450,4390,4430,96658500
2022-02-16,4470,4470,4410,4420,89636300
2022-02-17,4390,4410,4340,4400,118305100
2022-02-18,4400,4440,4370,4430,127058000
2022-02-21,4460,4490,4440,4490,133717300
2022-02-22,4440,4470,4420,4430,109060900
2022-02-23,4520,4520,4460,4480,160827800
2022-02-24,4470,4470,4370,4390,217523600
2022-02-25,4450,4550,4410,4550,301346400
2022-03-01,4850,4860,4630,4630,494657800
2022-03-02,4680,4690,4550,4560,186635200
2022-03-04,4720,4730,4610,4670,292022600
2022-03-07,4580,4630,4520,4520,224515800
2022-03-08,4500,4560,4430,4430,214870200
2022-03-09,4530,4590,4500,4570,191967100
2022-03-10,4640,4640,4510,4570,225575800
2022-03-11,4400,4440,4370,4400,275965300
2022-03-14,4440,4540,4410,4520,212052100
2022-03-15,4550,4640,4530,4610,357755700
2022-03-16,4650,4660,4610,4650,226817000
2022-03-17,4690,4700,4610,4650,224068000
2022-03-18,4700,4700,4580,4580,257863400
2022-03-21,4600,4630,4560,4590,118791900
2022-03-22,4690,4710,4640,4640,177758500
2022-03-23,4680,4690,4620,4650,146545100
2022-03-24,4640,4730,4620,4730,206271600
2022-03-25,4760,4760,4650,4710,137104800
2022-03-28,4730,4740,4670,4730,106801800
2022-03-29,4750,4750,4670,4690,93155100
2022-03-30,4740,4740,4690,4710,83364400
2022-03-31,4700,4750,4660,4660,158650000
2022-04-01,4690,4730,4630,4730,145105000
2022-04-04,4730,4730,4660,4700,103902000
2022-04-05,4730,4740,4670,4700,76154300
2022-04-06,4690,4690,4600,4600,111009800
2022-04-07,4670,4670,4620,4630,91942500
2022-04-08,4630,4650,4600,4610,125657900
2022-04-11,4600,4620,4570,4570,109861100
2022-04-12,4550,4610,4550,4610,96961200
2022-04-13,4640,4640,4590,4610,112327600
2022-04-14,4600,4610,4530,4540,150659600
2022-04-18,4550,4580,4540,4550,82795100
2022-04-19,4550,4600,4540,4570,148475600
2022-04-20,4610,4870,4600,4850,404383100
2022-04-21,4850,4850,4760,4800,208253300
2022-04-22,4750,4850,4720,4750,174349500
2022-04-25,4700,4850,4670,4840,235752400
2022-04-26,4840,4980,4830,4940,262734300
2022-04-27,4900,4930,4850,4850,191955100
2022-04-28,4870,4930,4860,4870,193821200
2022-05-09,4750,4760,4530,4530,561600400
2022-05-10,4260,4530,4260,4530,435782800
2022-05-11,4550,4580,4480,4490,205233800
2022-05-12,4490,4490,4300,4320,207373600
2022-05-13,4250,4360,4250,4250,336711300
2022-05-17,4270,4520,4270,4450,272650400
2022-05-18,4500,4530,4430,4450,129716500
2022-05-19,4350,4460,4300,4440,132614900
2022-05-20,4440,4490,4410,4430,122101000
2022-05-23,4410,4440,4320,4330,175709000
2022-05-24,4320,4500,4320,4460,165758600
2022-05-25,4430,4450,4350,4350,138961700
2022-05-27,4500,4540,4440,4540,209962100
2022-05-30,4540,4540,4390,4430,193724500
2022-05-31,4470,4630,4450,4630,379626500
2022-06-02,4540,4600,4480,4480,225697500
2022-06-03,4530,4570,4510,4520,117643300
2022-06-06,4470,4510,4400,4430,157277700
2022-06-07,4460,4460,4400,4400,133318000
2022-06-08,4400,4470,4380,4470,150604000
2022-06-09,4500,4520,4480,4490,161768800
2022-06-10,4470,4470,4360,4400,222410400
2022-06-13,4260,4350,4260,4340,164017200
2022-06-14,4300,4410,4300,4360,150381800
2022-06-15,4360,4450,4360,4450,160729900
2022-06-16,4420,4530,4410,4430,240023000
2022-06-17,4370,4400,4350,4370,185763100
2022-06-20,4400,4410,4340,4400,95058800
2022-06-21,4430,4430,4380,4380,103964600
2022-06-22,4410,4410,4310,4320,106208500
2022-06-23,4300,4360,4300,4310,127600700
2022-06-24,4320,4350,4310,4340,66083900
2022-06-27,4310,4330,4270,4280,152449600
2022-06-28,4320,4330,4280,4300,161054900
2022-06-29,4280,4310,4180,4180,199246800
2022-06-30,4120,4220,4120,4150,239939100
2022-07-01,4150,4200,4110,4140,154253000
2022-07-04,4090,4120,3960,4040,258383400
2022-07-05,4040,4160,4040,4090,172365600
2022-07-06,4050,4100,4020,4080,125309100
2022-07-07,4040,4110,4040,4050,172127500
2022-07-08,4090,4200,4050,4200,112914000
2022-07-11,4150,4170,4100,4120,80867700
2022-07-12,4120,4140,4100,4110,56085200
2022-07-13,4110,4130,4030,4060,165745200
2022-07-14,4010,4090,4010,4060,150455300
2022-07-15,4060,4120,4050,4110,91362800
2022-07-18,4110,4140,4080,4140,135284500
2022-07-19,4150,4150,4110,4110,122905900
2022-07-20,4180,4300,4160,4300,220223600
2022-07-21,4300,4310,4230,4310,130405400
2022-07-22,4330,4330,4270,4270,86561100
2022-07-25,4250,4300,4250,4250,60952800
2022-07-26,4270,4350,4260,4330,97709800
2022-07-27,4380,4380,4300,4320,88570800
2022-07-28,4340,4400,4340,4360,136421400
2022-07-29,4390,4430,4340,4360,228669400
2022-08-01,4390,4410,4330,4360,200791700
2022-08-02,4360,4400,4300,4400,173931200
2022-08-03,4410,4420,4350,4380,103426000
2022-08-04,4380,4390,4350,4360,96960600
2022-08-05,4360,4400,4320,4360,168879400
2022-08-08,4360,4400,4340,4370,107242600
2022-08-09,4400,4470,4390,4410,181747100
2022-08-10,4350,4370,4300,4310,205341100
2022-08-11,4380,4410,4340,4350,193329000
2022-08-12,4340,4350,4320,4320,104325400
2022-08-15,4330,4350,4300,4300,135099400
2022-08-16,4350,4350,4270,4280,205432400
2022-08-18,4330,4340,4310,4330,138795300
2022-08-19,4340,4340,4300,4300,84509100
2022-08-22,4320,4330,4270,4270,121124400
2022-08-23,4260,4310,4260,4300,107799500
2022-08-24,4300,4330,4280,4290,75055900
2022-08-25,4280,4300,4270,4270,117653800
2022-08-26,4280,4290,4270,4270,87375200
2022-08-29,4250,4270,4220,4250,105715200
2022-08-30,4250,4300,4250,4260,136627300
2022-08-31,4250,4350,4240,4340,191475700
2022-09-01,4320,4390,4310,4390,139997700
2022-09-02,4410,4450,4380,4450,189113000
2022-09-05,4430,4600,4420,4590,261126600
2022-09-06,4670,4690,4550,4560,188117100
2022-09-07,4510,4550,4460,4460,212065700
2022-09-08,4480,4620,4480,4600,250373200
2022-09-09,4640,4640,4570,4610,119286700
2022-09-12,4610,4630,4560,4560,97988000
2022-09-13,4560,4640,4560,4580,141828800
2022-09-14,4520,4610,4510,4580,149960600
2022-09-15,4600,4700,4590,4610,295664100
2022-09-16,4610,4620,4500,4500,282492200
2022-09-19,4520,4600,4500,4570,134432000
2022-09-20,4570,4600,4490,4490,138695500
2022-09-21,4490,4550,4470,4550,159976900
2022-09-22,4500,4580,4500,4560,100425300
2022-09-23,4540,4560,4480,4480,139074000
2022-09-26,4480,4540,4410,4540,280747500
2022-09-27,4500,4550,4480,4530,213704600
2022-09-28,4510,4560,4480,4520,161815300
2022-09-29,4520,4540,4460,4480,169368600
2022-09-30,4450,4510,4410,4490,224229200
2022-10-03,4500,4550,4480,4530,159559600
2022-10-04,4560,4650,4560,4640,256367100
2022-10-05,4660,4660,4540,4540,182246200
2022-10-06,4540,4570,4510,4510,123346200
2022-10-07,4480,4490,4430,4440,133678600
2022-10-10,4420,4430,4340,4370,193923600
2022-10-11,4390,4430,4370,4430,133742200
2022-10-12,4470,4470,4400,4400,128747800
2022-10-13,4390,4420,4350,4350,104269900
2022-10-14,4380,4390,4270,4270,182095700
2022-10-17,4270,4320,4260,4300,145506000
2022-10-18,4280,4340,4280,4290,161444100
2022-10-19,4280,4340,4280,4300,81682300
2022-10-20,4280,4400,4280,4390,149521700
2022-10-21,4360,4460,4360,4430,165052200
2022-10-24,4430,4540,4430,4500,186997700
2022-10-25,4560,4610,4550,4590,237856900
2022-10-26,4600,4610,4500,4530,164992200
2022-10-27,4550,4600,4530,4600,131407700
2022-10-28,4600,4630,4560,4630,189534700
2022-10-31,4630,4680,4630,4650,227969800
2022-11-01,4690,4700,4630,4660,214442200
2022-11-02,4680,4680,4570,4610,145301400
2022-11-03,4630,4660,4590,4650,147388900
2022-11-04,4650,4660,4610,4650,73008300
2022-11-07,4650,4690,4610,4690,84930700
2022-11-08,4690,4690,4610,4620,81049600
2022-11-09,4600,4650,4600,4650,94722900
2022-11-10,4560,4580,4520,4530,173833100
2022-11-11,4620,4650,4590,4650,153238500
2022-11-14,4620,4640,4550,4580,156892500
2022-11-15,4580,4610,4560,4580,71985700
2022-11-16,4590,4610,4490,4520,249900500
2022-11-17,4520,4670,4500,4670,217126700
2022-11-18,4670,4680,4610,4610,105351900
2022-11-21,4620,4630,4560,4590,96343400
2022-11-22,4570,4670,4570,4590,154866000
2022-11-23,4640,4670,4630,4670,148640900
2022-11-24,4700,4740,4670,4720,168898100
2022-11-25,4700,4750,4690,4750,152038400
2022-11-28,4730,4830,4730,4820,195211800
2022-11-29,4820,4860,4790,4850,166057400
2022-11-30,4810,4980,4800,4980,395465800
2022-12-01,5000,5025,4900,4940,240171100
2022-12-02,4900,4930,4860,4890,200044500
2022-12-05,4910,4930,4860,4890,106809900
2022-12-06,4860,4890,4800,4860,151347200
2022-12-07,4840,4840,4740,4760,219528600
2022-12-08,4760,4840,4710,4840,137593900
2022-12-09,4830,4840,4760,4800,180384800
2022-12-12,4800,4850,4760,4850,113787500
2022-12-13,4870,4980,4840,4970,158080300
2022-12-14,5000,5000,4870,4980,201343100
2022-12-15,4900,4940,4880,4910,143086000
2022-12-16,4820,4980,4820,4980,350112900
2022-12-19,4970,4980,4920,4970,64757100
2022-12-20,4930,4970,4890,4910,79066000
2022-12-21,4910,4940,4870,4890,71596900
2022-12-22,4910,4970,4900,4960,72725200
2022-12-23,4920,4940,4880,4880,53350600
2022-12-26,4900,4930,4890,4930,43590300
2022-12-27,4930,4950,4860,4870,81817500
2022-12-28,4870,4880,4810,4820,134315900
2022-12-29,4820,4870,4800,4870,106690700
2022-12-30,4870,4950,4870,4940,182091500
2023-01-02,4910,4920,4820,4870,109069900
2023-01-03,4830,4900,4830,4850,95179400
2023-01-04,4850,4850,4770,4770,188230000
2023-01-05,4750,4760,4570,4640,292142000
2023-01-06,4550,4640,4550,4620,175932000
2023-01-09,4580,4640,4550,4590,166620000
2023-01-10,4550,4570,4410,4430,250490000
2023-01-11,4410,4430,4360,4380,249085500
2023-01-12,4480,4520,4410,4500,191801400
2023-01-13,4510,4530,4420,4480,134661900
2023-01-16,4430,4530,4420,4520,162026700
2023-01-17,4520,4580,4510,4560,150577400
2023-01-18,4560,4620,4560,4600,178058900
2023-01-19,4590,4630,4580,4610,103197400
2023-01-20,4630,4670,4620,4650,99716100
2023-01-24,4660,4680,4590,4620,74760100
2023-01-25,4620,4620,4550,4560,73861500
2023-01-26,4560,4620,4550,4590,113894600
2023-01-27,4600,4680,4600,4640,160345400
2023-01-30,4650,4680,4570,4610,221100100
2023-01-31,4610,4620,4570,4580,211639100
2023-02-01,4630,4690,4620,4680,181954400
2023-02-02,4650,4680,4600,4600,125410800
2023-02-03,4650,4780,4630,4750,198944500
2023-02-06,4780,4810,4680,4740,141454400
2023-02-07,4740,4790,4720,4750,140923100
2023-02-08,4710,4790,4710,4790,168618100
2023-02-09,4790,4840,4770,4810,155917600
2023-02-10,4840,4880,4770,4860,181146600
2023-02-13,4900,4900,4800,4800,122509100
2023-02-14,4820,4870,4810,4870,101007200
2023-02-15,4890,4890,4810,4870,107131200
2023-02-16,4890,4890,4850,4870,69966900
2023-02-17,4890,4890,4830,4880,90548800
2023-02-20,4900,4900,4840,4880,88433000
2023-02-21,4880,4880,4820,4820,59319100
2023-02-22,4790,4810,4730,4760,122400600
2023-02-23,4810,4810,4730,4800,139206900
2023-02-24,4800,4840,4760,4760,60495900
2023-02-27,4780,4810,4760,4810,76714400
2023-02-28,4760,4790,4670,4670,273125500
2023-03-01,4730,4750,4700,4720,115578600
2023-03-02,4750,4780,4720,4780,59394100
2023-03-03,4800,4800,4730,4760,84777000
2023-03-06,4790,4800,4780,4790,78880100
2023-03-07,4770,4850,4770,4840,98412500
2023-03-08,4850,4850,4820,4840,103767800
2023-03-09,4860,4870,4810,4810,79549800
2023-03-10,4820,4830,4800,4820,125157100
2023-03-13,4810,4870,4770,4830,106769300
2023-03-14,4770,4790,4690,4710,193559600
2023-03-15,4760,4770,4700,4700,89886400
2023-03-16,4700,4750,4640,4730,141491300
2023-03-17,4770,4900,4750,4900,204810200
2023-03-20,4840,4880,4820,4880,114461300
2023-03-21,4870,4920,4840,4900,193095400
2023-03-24,4750,4820,4720,4770,311147800
2023-03-27,4750,4790,4720,4740,144957300
2023-03-28,4740,4780,4740,4770,88575500
2023-03-29,4800,4820,4770,4810,112591000
2023-03-30,4810,4810,4740,4750,98853500
2023-03-31,4730,4750,4710,4730,161595700
2023-04-03,4770,4800,4760,4800,115874700
2023-04-04,4800,4820,4760,4820,65766900
2023-04-05,4810,4880,4800,4830,119450400
2023-04-06,4860,4860,4820,4840,88035900
2023-04-10,4860,4860,4820,4860,40466300
2023-04-11,4860,4890,4830,4880,67172500
2023-04-12,4950,4950,4890,4930,166993800
2023-04-13,4950,5000,4930,4980,179405400
2023-04-14,5050,5100,5000,5075,168228700
2023-04-17,5075,5075,4960,4990,121238600
2023-04-18,4990,5025,4950,4950,96867000
2023-04-26,5150,5150,4930,5025,273336000
2023-04-27,4990,5150,4990,5150,161579000
2023-04-28,5175,5275,5100,5100,251912000
2023-05-02,5175,5175,5050,5150,113287400
2023-05-03,5225,5225,5050,5100,152483900
2023-05-04,5150,5175,5075,5150,120038600
2023-05-05,5225,5250,5125,5225,158898000
2023-05-08,5250,5250,5050,5100,107804200
2023-05-09,5050,5125,5025,5125,103015100
2023-05-10,5075,5150,5050,5150,108419000
2023-05-11,5175,5175,5100,5150,85625400
2023-05-12,5100,5175,5100,5150,77156700
2023-05-15,5150,5175,5025,5150,133630500
2023-05-16,5175,5200,5100,5200,86624300
2023-05-17,5250,5250,5175,5200,115835000
2023-05-19,5225,5450,5200,5400,166540800
2023-05-22,5300,5500,5300,5425,163193100
2023-05-23,5475,5600,5475,5500,221674600
2023-05-24,5525,5600,5450,5600,156211500
2023-05-25,5500,5575,5450,5475,197943500
2023-05-26,5425,5600,5425,5600,154003100
2023-05-29,5600,5625,5475,5550,125049100
2023-05-30,5500,5600,5500,5500,89882300
2023-05-31,5575,5575,5375,5575,506875200
2023-06-05,5600,5600,5425,5425,255472600
2023-06-06,5400,5500,5350,5450,92021400
2023-06-07,5475,5475,5350,5400,117647200
2023-06-08,5375,5475,5350,5475,92794100
2023-06-09,5425,5450,5375,5425,77348500
2023-06-12,5400,5400,5375,5400,92314200
2023-06-13,5400,5550,5400,5550,108831400
2023-06-14,5575,5575,5475,5550,62983600
2023-06-15,5475,5525,5450,5525,74388400
2023-06-16,5475,5550,5400,5550,189062600
2023-06-19,5500,5525,5450,5525,55144200
2023-06-20,5475,5550,5475,5550,102926800
2023-06-21,5500,5575,5500,5575,84658500
2023-06-22,5550,5600,5475,5475,94143200
2023-06-23,5425,5475,5400,5400,123350300
2023-06-26,5425,5475,5375,5450,85472100
2023-06-27,5450,5500,5425,5425,110778600
2023-07-03,5500,5550,5450,5475,168096500
2023-07-04,5500,5500,5425,5450,94462600
2023-07-05,5400,5450,5400,5450,109632800
2023-07-06,5450,5475,5400,5425,109446200
2023-07-07,5400,5425,5375,5375,114043800
2023-07-10,5425,5500,5400,5400,78972100
2023-07-11,5375,5450,5375,5425,122094700
2023-07-12,5450,5475,5425,5450,104993700
2023-07-13,5425,5475,5425,5450,134905700
2023-07-14,5450,5525,5425,5525,127814200
2023-07-17,5550,5625,5525,5575,166951300
2023-07-18,5625,5700,5600,5625,141884700
2023-07-20,5575,5650,5550,5625,111117300
2023-07-21,5600,5625,5575,5625,63094600
2023-07-24,5600,5650,5600,5600,62962500
2023-07-25,5625,5700,5625,5650,111248100
2023-07-26,5700,5700,5650,5675,76200300
2023-07-27,5675,5750,5650,5650,109659600
2023-07-28,5625,5700,5625,5700,74036700
2023-07-31,5700,5700,5650,5650,186727400
2023-08-01,5650,5750,5650,5700,100137500
2023-08-02,5650,5725,5650,5700,90565700
2023-08-03,5675,5750,5650,5700,82775000
2023-08-04,5700,5725,5575,5575,150738500
2023-08-07,5600,5725,5575,5700,88104900
2023-08-08,5700,5750,5600,5625,115672300
2023-08-09,5650,5725,5625,5700,91930000
2023-08-10,5675,5725,5675,5700,85574500
2023-08-11,5675,5700,5650,5650,74321000
2023-08-14,5650,5675,5575,5650,127358400
2023-08-15,5650,5675,5575,5575,89597300
2023-08-16,5550,5575,5450,5525,226754600
2023-08-18,5500,5600,5500,5575,121561200
2023-08-21,5550,5575,5500,5500,91640000
2023-08-22,5500,5625,5500,5575,101221500
2023-08-23,5600,5625,5575,5600,78686900
2023-08-24,5625,5625,5550,5550,74407500
2023-08-25,5550,5600,5525,5600,65096500
2023-08-28,5600,5625,5550,5550,37126600
2023-08-29,5525,5600,5525,5600,57547200
2023-08-30,5600,5600,5500,5525,171282700
2023-08-31,5525,5550,5475,5550,175088200
2023-09-01,5600,5600,5525,5575,87366100
2023-09-04,5600,5625,5575,5625,43898200
2023-09-05,5625,5650,5600,5625,72464300
2023-09-06,5625,5650,5575,5575,106367800
2023-09-07,5525,5550,5450,5450,157998600
2023-09-08,5425,5450,5300,5350,243324500
2023-09-11,5350,5425,5300,5425,80474100
2023-09-12,5450,5475,5375,5375,121654400
2023-09-13,5350,5425,5350,5400,59408000
2023-09-14,5325,5425,5325,5425,76831700
2023-09-15,5400,5450,5375,5375,141455400
2023-09-18,5350,5400,5300,5325,61329000
2023-09-19,5325,5375,5300,5375,61069300
2023-09-20,5350,5450,5350,5375,98710100
2023-09-21,5425,5425,5350,5350,68584900
2023-09-22,5350,5425,5350,5350,83184100
2023-09-25,5325,5350,5200,5300,131581100
2023-09-26,5250,5275,5200,5200,180280600
2023-09-27,5175,5300,5175,5225,119774700
2023-09-29,5300,5325,5225,5225,139541100
2023-10-02,5250,5300,5250,5250,81674600
2023-10-03,5250,5300,5250,5275,54506000
2023-10-04,5250,5275,5200,5250,121445000
2023-10-05,5250,5275,5175,5175,116814800
2023-10-06,5200,5250,5175,5175,70202300
2023-10-09,5200,5225,5125,5125,144477000
2023-10-10,5125,5250,5125,5175,115565600
2023-10-11,5150,5275,5150,5250,100394800
2023-10-12,5300,5375,5275,5300,174022400
2023-10-13,5275,5325,5250,5275,84648800
2023-10-16,5325,5325,5250,5250,61273200
2023-10-17,5250,5275,5150,5150,127287200
2023-10-18,5125,5225,5125,5150,180350500
2023-10-19,5100,5150,5000,5000,195793800
2023-10-20,4980,5100,4960,5050,194316200
2023-10-23,5000,5075,4990,5000,82756100
2023-10-24,5000,5100,4950,5100,104021500
2023-10-25,5100,5200,5100,5175,142215000
2023-10-26,5175,5175,4920,4920,330618800
2023-10-27,4950,5050,4940,5000,129599800
2023-10-30,4980,5025,4970,5000,108523700
2023-10-31,4980,5000,4960,4960,106760300
2023-11-01,4920,4960,4830,4830,191567200
2023-11-02,4940,5075,4910,5000,208075400
2023-11-03,5025,5175,5025,5100,125504000
2023-11-06,5100,5200,5100,5200,122333800
2023-11-07,5225,5275,5175,5250,137039400
2023-11-08,5200,5250,5175,5225,86781600
2023-11-09,5225,5275,5200,5200,66236400
2023-11-10,5150,5150,5050,5075,113811900
2023-11-13,5075,5125,5025,5025,92518000
2023-11-14,5075,5125,5050,5075,85419500
2023-11-15,5200,5300,5175,5250,193790400
2023-11-16,5275,5275,5175,5250,129684200
2023-11-17,5175,5250,5175,5225,70727500
2023-11-20,5175,5275,5175,5250,67314400
2023-11-21,5225,5250,5175,5200,104110500
2023-11-22,5175,5300,5175,5275,103585500
2023-11-23,5325,5400,5300,5350,174572400
2023-11-24,5400,5450,5375,5400,104413400
2023-11-27,5425,5450,5350,5350,76019100
2023-11-28,5325,5425,5325,5350,147993400
2023-11-29,5350,5375,5300,5300,106197800
2023-11-30,5375,5375,5275,5275,224426400
2023-12-01,5275,5375,5275,5350,99499500
2023-12-04,5450,5575,5450,5500,235656700
2023-12-05,5425,5500,5425,5450,114689900
2023-12-06,5425,5450,5400,5425,119716700
2023-12-07,5400,5475,5400,5475,102126600
2023-12-08,5425,5450,5375,5375,130542600
2023-12-11,5325,5375,5300,5300,124468600
2023-12-12,5375,5400,5325,5325,134501600
2023-12-13,5300,5350,5275,5300,98881600
2023-12-14,5450,5550,5425,5550,270760600
2023-12-15,5575,5600,5550,5550,252448800
2023-12-18,5575,5575,5500,5500,102780900
2023-12-19,5450,5550,5450,5550,158893700
2023-12-20,5700,5700,5550,5550,138470900
2023-12-21,5550,5600,5525,5575,99049600
2023-12-22,5650,5700,5600,5675,109411300
2023-12-27,5700,5725,5625,5625,131368000
2023-12-28,5700,5750,5675,5725,121434600
2023-12-29,5750,5750,5675,5725,93126000
2024-01-02,5650,5675,5625,5675,91143100
2024-01-03,5625,5650,5600,5600,83659700
2024-01-04,5600,5700,5575,5700,118467900
2024-01-05,5725,5850,5700,5750,134929600
2024-01-08,5750,5800,5625,5625,152015000
2024-01-09,5625,5700,5625,5700,105666200
2024-01-10,5625,5700,5625,5700,82626400
2024-01-11,5750,5800,5700,5750,132206400
2024-01-12,5800,5850,5775,5850,109715700
2024-01-15,5850,5900,5775,5825,115284200
2024-01-16,5825,5875,5775,5825,97074300
2024-01-17,5825,5825,5750,5775,107941600
2024-01-18,5800,5800,5700,5750,87259100
2024-01-19,5750,5800,5700,5800,75370700
2024-01-22,5775,5800,5700,5775,97545600
2024-01-23,5700,5750,5650,5700,122999700
2024-01-24,5675,5700,5575,5650,104225000
2024-01-25,5575,5650,5525,5525,120478800
2024-01-26,5450,5475,5400,5425,185244400
2024-01-29,5400,5575,5400,5575,145629600
2024-01-30,5525,5650,5475,5625,150287800
2024-01-31,5725,5775,5675,5700,245117200
2024-02-01,5775,5800,5725,5750,156634200
2024-02-02,5800,5850,5750,5850,177209700
2024-02-05,5800,5825,5750,5775,113760000
2024-02-06,5900,5900,5800,5825,126704300
2024-02-07,5850,5900,5825,5850,147571500
2024-02-12,5875,6025,5850,6025,200856200
2024-02-13,6050,6050,5950,6000,145852200
2024-02-15,6275,6275,6100,6125,308685100
2024-02-16,6150,6200,6125,6150,130814400
2024-02-19,6125,6175,6075,6100,111382900
2024-02-20,6175,6300,6175,6300,160872600
2024-02-21,6325,6375,6225,6300,169293100
2024-02-22,6250,6300,6225,6250,100256000
2024-02-23,6125,6175,6050,6125,148643000
2024-02-26,6100,6200,6075,6175,110509000
2024-02-27,6125,6200,6125,6125,99187500
2024-02-28,6100,6225,6100,6225,118745300
2024-02-29,6150,6200,6125,6125,173845800
2024-03-01,6175,6175,6075,6125,76286400
2024-03-04,6125,6125,6050,6050,70354900
2024-03-05,6100,6175,6075,6125,115084600
2024-03-06,6100,6200,6100,6200,84108800
2024-03-07,6200,6275,6200,6225,117724700
2024-03-08,6275,6400,6250,6350,163060000
2024-03-13,6350,6450,6350,6400,195173100
2024-03-14,6175,6200,6050,6150,271254000
2024-03-15,6000,6075,5950,5975,305995800
2024-03-18,6000,6100,5975,6000,110564700
2024-03-19,6000,6050,5975,6000,114338600
2024-03-20,6000,6100,6000,6100,120885400
2024-03-21,6175,6200,6100,6100,136020000
2024-03-22,6050,6125,6050,6125,74936500
2024-03-25,6150,6250,6125,6250,115729600
2024-03-26,6200,6300,6200,6300,120748400
2024-03-27,6300,6325,6225,6250,73308900
2024-03-28,6100,6200,6025,6050,288926900
2024-04-01,6000,6025,5825,5925,217200400
2024-04-02,5850,5950,5625,5675,412180900
2024-04-03,5575,5675,5525,5625,333518700
2024-04-04,5650,5750,5650,5700,133406600
2024-04-05,5625,5700,5625,5650,178817800
2024-04-16,5375,5575,5350,5350,600717500
2024-04-17,5475,5500,5300,5300,244002000
2024-04-18,5300,5500,5300,5475,247410700
2024-04-19,5350,5375,5250,5275,258211500
2024-04-22,5200,5325,5150,5300,342282800
2024-04-23,5350,5400,5225,5300,283676400
2024-04-24,5250,5350,5150,5225,471241400
2024-04-25,5125,5200,5050,5150,479170900
2024-04-26,5050,5100,4830,4830,782589900
2024-04-29,4700,4890,4680,4770,700644800
2024-04-30,4850,5050,4820,4940,565609200
2024-05-02,4910,4920,4700,4760,636922100
2024-05-03,4760,4830,4710,4750,322179100
2024-05-06,4800,4840,4730,4790,262707400
2024-05-07,4770,4780,4670,4670,304013600
2024-05-08,4650,4740,4570,4680,572275800
2024-05-13,4650,4700,4630,4680,320067100
2024-05-14,4720,4810,4700,4730,341458900
2024-05-15,4780,4870,4760,4820,298990300
2024-05-16,4930,4960,4840,4840,371295000
2024-05-17,4840,4960,4820,4920,208991800
2024-05-20,4990,5050,4820,4820,335150700
2024-05-21,4810,4870,4680,4680,272599400
2024-05-22,4650,4770,4650,4720,215066000
2024-05-27,4700,4720,4550,4550,363719300
2024-05-28,4580,4630,4520,4530,258070200
2024-05-29,4480,4500,4400,4410,465008500
2024-05-30,4400,4480,4310,4380,502927800
2024-05-31,4430,4470,4330,4340,655144100
2024-06-03,4430,4560,4400,4530,345770100
2024-06-04,4560,4590,4450,4450,332902200
2024-06-05,4500,4500,4400,4400,246362500
2024-06-06,4450,4500,4390,4500,281534200
2024-06-07,4490,4500,4350,4350,375439600
2024-06-10,4350,4430,4320,4400,181387000
2024-06-11,4380,4440,4340,4340,197854400
2024-06-12,4340,4360,4310,4350,187332500
2024-06-13,4400,4420,4300,4310,238349600
2024-06-14,4300,4320,4170,4180,358893200
2024-06-19,4100,4240,4090,4100,410338400
2024-06-20,4130,4270,4130,4270,387133400
2024-06-21,4280,4490,4260,4440,542704300
2024-06-24,4440,4510,4400,4400,303830800
2024-06-25,4320,4400,4280,4380,383572500
2024-06-26,4390,4430,4350,4370,150303400
2024-06-27,4410,4500,4380,4460,299430600
2024-06-28,4590,4640,4580,4600,581319300
2024-07-01,4630,4670,4560,4630,261421200
2024-07-02,4610,4630,4570,4570,234403100
2024-07-03,4630,4640,4560,4600,176310400
2024-07-04,4680,4830,4660,4790,422261500
2024-07-05,4850,4870,4790,4800,218278000
2024-07-08,4800,4830,4740,4750,222042100
2024-07-09,4780,4930,4750,4870,291320400
2024-07-10,4870,4920,4840,4850,167619700
2024-07-11,4910,4920,4840,4840,170470400
2024-07-12,4970,4980,4880,4900,327141300
2024-07-15,4920,4930,4810,4820,188713000
2024-07-16,4820,4840,4730,4730,189271400
2024-07-17,4750,4810,4720,4760,263325400
2024-07-18,4760,4890,4750,4890,296614900
2024-07-19,4870,4910,4850,4900,135104800
2024-07-22,4920,4940,4880,4910,140128300
2024-07-23,4900,4910,4780,4790,170919500
2024-07-24,4770,4800,4760,4780,116037600
2024-07-25,4760,4760,4660,4700,274397700
2024-07-26,4760,4810,4740,4760,192267300
2024-07-29,4800,4800,4760,4780,126109900
2024-07-30,4720,4740,4670,4670,204374100
2024-07-31,4650,4710,4650,4670,168490300
2024-08-01,4710,4750,4690,4750,169636700
2024-08-02,4730,4750,4690,4710,113328400
2024-08-05,4660,4670,4510,4530,329430900
2024-08-06,4550,4650,4520,4600,238051800
2024-08-07,4640,4640,4590,4620,125984100
2024-08-08,4600,4690,4590,4660,131343400
2024-08-09,4700,4730,4670,4670,98730900
2024-08-12,4720,4720,4650,4680,83552800
2024-08-13,4700,4750,4690,4720,109533400
2024-08-14,4770,4840,4760,4820,262716500
2024-08-15,4850,4870,4790,4830,214394900
2024-08-16,4850,4870,4830,4830,149701700
2024-08-19,4820,4820,4750,4820,196203200
2024-08-20,4860,4950,4840,4950,310085500
2024-08-21,4990,5100,4980,5100,390307000
2024-08-22,5125,5150,5025,5050,474043100
2024-08-23,5150,5200,5125,5150,217759300
2024-08-26,5200,5325,5200,5300,361169800
2024-08-27,5250,5275,5100,5175,271088700
2024-08-28,5100,5175,5025,5150,277561700
2024-08-29,5125,5175,5100,5125,160041900
2024-08-30,5175,5175,5125,5150,275298000
2024-09-02,5150,5225,5150,5175,136717200
2024-09-03,5225,5250,5150,5175,166033900
2024-09-04,5100,5175,5100,5100,141890400
2024-09-05,5125,5150,5075,5150,166436800
2024-09-06,5200,5250,5150,5225,170520700
2024-09-09,5275,5300,5150,5175,201448700
2024-09-10,5200,5250,5125,5250,202326400
2024-09-11,5225,5250,5125,5175,165284900
2024-09-12,5175,5225,5150,5175,138542100
2024-09-13,5200,5300,5175,5300,259722600
2024-09-17,5350,5350,5250,5300,201331600
2024-09-18,5350,5375,5325,5350,186877300
2024-09-19,5425,5500,5400,5400,332941100
2024-09-20,5400,5450,5375,5375,260437400
2024-09-23,5350,5500,5350,5500,245292000
2024-09-24,5550,5575,5525,5525,195415700
2024-09-25,5400,5425,5200,5325,607065900
2024-09-26,5150,5200,5025,5050,855266800
2024-09-27,5050,5150,5000,5100,304694300
2024-09-30,5050,5050,4950,4950,539169900
2024-10-01,4970,5075,4970,5075,197069300
2024-10-02,5000,5075,4900,4940,307487600
2024-10-03,4900,4960,4860,4920,354814800
2024-10-04,4870,4920,4850,4860,289960700
2024-10-07,4860,4930,4810,4820,308452200
2024-10-08,4800,5050,4760,5000,527474400
2024-10-09,5000,5075,4930,4930,309336600
2024-10-10,4920,4970,4860,4860,226564700
2024-10-11,4910,4940,4890,4900,104875300
2024-10-14,4900,4930,4870,4900,125414400
2024-10-15,4930,4990,4920,4920,142372200
2024-10-16,4950,4970,4920,4950,118014300
2024-10-17,4960,5050,4940,4980,188127700
2024-10-18,5025,5050,4960,4970,157113000
2024-10-21,4980,5025,4970,4990,110708200
2024-10-22,4960,4970,4900,4900,199707500
2024-10-23,4830,4890,4810,4860,222147300
2024-10-24,4820,4900,4810,4820,218162100
2024-10-25,4820,4860,4770,4770,195647800
2024-10-28,4770,4800,4710,4760,191211000
2024-10-29,4730,4780,4700,4700,203658600
2024-10-30,4630,4750,4630,4710,296314500
2024-10-31,4710,4870,4710,4800,307110400
2024-11-01,4770,4820,4700,4700,235656400
2024-11-04,4710,4770,4650,4720,209831500
2024-11-05,4690,4740,4680,4710,199499300
2024-11-06,4710,4730,4600,4600,249059500
2024-11-07,4610,4640,4550,4550,296218600
2024-11-08,4600,4640,4520,4520,213862600
2024-11-11,4470,4540,4370,4460,507192300
2024-11-12,4430,4520,4430,4500,252380100
2024-11-13,4470,4610,4460,4580,209627200
2024-11-14,4570,4590,4500,4500,159871800
2024-11-15,4450,4510,4450,4470,106365600
2024-11-18,4440,4460,4350,4350,259191900
2024-11-19,4350,4410,4350,4360,294851500
2024-11-20,4400,4440,4330,4330,298734600
2024-11-21,4280,4320,4250,4250,376788400
2024-11-22,4250,4420,4250,4400,280188100
2024-11-25,4420,4530,4420,4470,401446400
2024-11-26,4450,4470,4380,4400,266677500
2024-11-28,4350,4390,4330,4330,277081800
2024-11-29,4280,4300,4250,4250,412519800
2024-12-02,4270,4280,4160,4170,337188900
2024-12-03,4240,4250,4210,4240,384146700
2024-12-04,4240,4370,4220,4350,345762200
2024-12-05,4310,4340,4250,4260,183135900
2024-12-06,4250,4310,4220,4310,151433000
2024-12-09,4310,4390,4300,4390,158897200
2024-12-10,4360,4380,4290,4360,196160900
2024-12-11,4340,4430,4340,4380,203980300
2024-12-12,4340,4360,4260,4260,226698900
2024-12-13,4230,4280,4170,4170,287838100
2024-12-16,4150,4280,4150,4250,325441900
2024-12-17,4250,4290,4150,4150,327919000
2024-12-18,4170,4210,4130,4150,205055500
2024-12-19,4090,4110,4050,4090,381986300
2024-12-20,4070,4120,4050,4060,252689600
2024-12-23,4130,4210,4110,4210,167689800
2024-12-24,4220,4250,4170,4200,199536100
2024-12-27,4100,4120,4080,4100,143104400
2024-12-30,4080,4120,4070,4080,153934700
2025-01-02,4100,4220,4090,4210,181361700
2025-01-03,4220,4240,4150,4150,134632300
2025-01-06,4180,4180,4100,4100,153048700
2025-01-07,4080,4090,4030,4030,171997400
2025-01-08,4030,4100,4030,4080,133655700
2025-01-09,4070,4100,4030,4030,99300400
2025-01-10,4030,4060,4010,4010,132774300
2025-01-13,3990,3990,3850,3850,413408100
2025-01-14,3820,3920,3800,3800,293621700
2025-01-15,3840,4090,3840,4090,407813500
2025-01-16,4210,4240,4130,4160,349387500
2025-01-17,4150,4190,4080,4090,268758600
2025-01-20,4130,4220,4130,4220,167348600
2025-01-21,4270,4380,4250,4260,345223800
2025-01-22,4310,4320,4230,4260,193218900
2025-01-23,4260,4340,4260,4300,216018100
2025-01-24,4350,4350,4190,4190,276421900
2025-01-30,4130,4170,4090,4120,220222400
2025-01-31,4170,4280,4150,4220,192622700
2025-02-03,4200,4270,4150,4250,220285800
2025-02-04,4260,4300,4200,4260,231917500
2025-02-05,4250,4250,4140,4140,209834400
2025-02-06,4120,4160,3940,3970,378545500
2025-02-07,3970,4030,3940,4030,259636200
2025-02-10,4000,4050,3950,3970,201999400
2025-02-11,3970,4040,3900,4010,276382800
2025-02-12,3960,4060,3950,4030,362571900
2025-02-13,4000,4030,3960,3990,341640600
2025-02-14,4000,4010,3850,3860,524909600
2025-02-17,3870,4030,3870,4030,265737100
2025-02-18,4030,4180,4030,4150,374350700
2025-02-19,4160,4180,4010,4020,348358600
2025-02-20,3970,4020,3910,3910,312753300
2025-02-21,3910,3930,3870,3890,205268800
2025-02-24,3900,3940,3870,3920,138610800
2025-02-25,3880,3920,3800,3800,404555100
2025-02-26,3800,3860,3760,3820,242834100
2025-02-27,3790,3800,3610,3630,410928000
2025-02-28,3500,3540,3360,3360,1000597600
2025-03-03,3520,3740,3470,3670,744626800
2025-03-04,3680,3720,3600,3670,338434700
2025-03-05,3710,3900,3710,3840,441151000
2025-03-06,3870,3990,3870,3950,434485100
2025-03-07,3930,3930,3810,3810,243793600
2025-03-10,3790,3810,3730,3760,232192200
2025-03-11,3700,3790,3660,3790,273961800
2025-03-12,3810,3920,3810,3890,271631200
2025-03-13,3960,3970,3800,3800,209225800
2025-03-14,3750,3840,3750,3750,156131900
2025-03-17,3780,3840,3730,3830,162467700
2025-03-18,3840,3860,3500,3680,416894600
2025-03-19,3710,3780,3680,3710,352217700
2025-03-20,3730,3760,3640,3660,313033000
2025-03-21,3600,3700,3550,3700,627645600
2025-03-24,3650,3740,3520,3610,342883200
2025-03-25,3660,3840,3660,3800,331285900
2025-03-26,3870,4020,3860,4000,540888800
2025-03-27,4000,4050,3930,4050,322553200
2025-04-08,3460,3750,3450,3640,734807100
2025-04-09,3610,3710,3600,3630,366649900
2025-04-10,3920,3930,3770,3800,417562900
2025-04-11,3600,3650,3590,3630,301274200
2025-04-14,3630,3690,3620,3690,169458300
2025-04-15,3730,3780,3680,3690,254228400
2025-04-16,3690,3700,3600,3650,233821600
2025-04-17,3670,3670,3610,3640,121059300
2025-04-21,3620,3660,3570,3620,107470200
2025-04-22,3600,3650,3600,3630,147116900
2025-04-23,3660,3790,3640,3760,432999900
2025-04-24,3790,3840,3720,3730,272537300
2025-04-25,3770,3790,3730,3740,136517100
2025-04-28,3790,3850,3780,3840,212945800
2025-04-29,3860,3870,3820,3850,160631400
2025-04-30,3810,3850,3770,3850,226832200
2025-05-02,3920,3920,3850,3880,205628100
2025-05-05,3900,3920,3860,3860,196917100
2025-05-06,3840,3900,3840,3880,111333800
2025-05-07,3900,3910,3870,3910,119763100
2025-05-08,3910,3960,3780,3790,224121900
2025-05-09,3810,3840,3760,3840,147638100
2025-05-14,4000,4090,3960,4090,461642400
2025-05-15,4140,4310,4130,4270,537151700
2025-05-16,4310,4330,4160,4250,289337600
2025-05-19,4230,4260,4200,4230,145935500
2025-05-20,4230,4280,4170,4210,209576900
2025-05-21,4210,4310,4210,4260,256020200
2025-05-22,4280,4310,4240,4300,208291800
2025-05-23,4370,4370,4330,4350,187464400
2025-05-26,4350,4350,4260,4320,149418600
2025-05-27,4320,4370,4280,4370,180028000
2025-05-28,4360,4450,4320,4450,466133500
2025-06-02,4360,4390,4200,4200,389541100
2025-06-03,4210,4230,4120,4200,277902300
2025-06-04,4230,4230,4080,4080,279755300
2025-06-05,4110,4140,4050,4100,230129500
2025-06-10,4100,4160,4100,4150,179827500
2025-06-11,4130,4140,4060,4070,196558700
2025-06-12,4070,4100,4060,4070,113850500
2025-06-13,4020,4050,3980,4000,283826000
2025-06-16,3980,4010,3960,3990,155450700
2025-06-17,4010,4030,3960,3960,125769400
2025-06-18,3950,3960,3900,3940,140882100
2025-06-19,3900,3920,3800,3800,355413000
2025-06-20,3740,3840,3740,3790,516177900
2025-06-23,3730,3750,3660,3720,222067700
2025-06-24,3820,3900,3770,3780,281594300
2025-06-25,3830,3830,3730,3760,164257700
2025-06-26,3780,3830,3750,3830,171427000
2025-06-30,3840,3840,3730,3740,271933200
2025-07-01,3780,3790,3670,3700,212369000
2025-07-02,3650,3700,3640,3680,220273500
2025-07-03,3710,3730,3680,3680,119674300
2025-07-04,3680,3710,3650,3670,91141200
2025-07-07,3670,3700,3650,3700,78783800
2025-07-08,3690,3700,3650,3670,115551200
2025-07-09,3650,3700,3650,3680,92437900
2025-07-10,3690,3880,3680,3870,290117200
2025-07-11,3920,3920,3870,3880,255634700
2025-07-14,3880,3890,3750,3780,167151400
2025-07-15,3800,3880,3780,3880,183209300
2025-07-16,3950,3960,3880,3880,241966800
2025-07-17,3930,3930,3880,3890,111359500
2025-07-18,3910,3940,3860,3860,111030000
2025-07-21,3890,3900,3830,3830,89765800
2025-07-22,3860,3880,3830,3840,84902800
2025-07-23,3840,3860,3790,3800,132305000
2025-07-24,3830,3950,3820,3950,206654200
2025-07-25,3950,3950,3870,3880,86263700
2025-07-28,3940,3950,3920,3940,94898300
2025-07-29,3930,3930,3900,3920,98887100
2025-07-30,3910,3910,3770,3780,206358500
2025-07-31,3780,3790,3700,3710,163371700
2025-08-01,3800,3800,3740,3740,134100500
2025-08-04,3720,3740,3690,3710,104446300
2025-08-05,3700,3790,3700,3740,184822600
2025-08-06,3770,3780,3710,3710,100168200
2025-08-07,3730,3750,3700,3710,92746000
2025-08-08,3710,3730,3700,3700,133180100
2025-08-11,3720,3810,3720,3810,143167900
2025-08-12,3860,4050,3830,4050,404797800
2025-08-13,4060,4100,3990,4080,292104000
2025-08-14,4080,4100,4040,4060,164408100
2025-08-15,4100,4150,4070,4120,269255400
2025-08-19,4090,4100,4010,4040,208342600
2025-08-20,4050,4150,4050,4150,173260400
2025-08-21,4160,4170,4090,4150,112477700
2025-08-22,4170,4170,4100,4100,71971500
2025-08-25,4180,4270,4170,4210,195322200
2025-08-26,4220,4220,4170,4170,267465600
2025-08-27,4130,4150,4070,4130,123874000
2025-08-28,4130,4150,4110,4140,60838200
2025-08-29,4100,4120,4020,4050,217276600
2025-09-01,3930,4010,3860,3980,234206100
2025-09-02,3980,4050,3960,3960,111856000
2025-09-03,4020,4030,3950,4030,112507500
2025-09-04,3980,4010,3960,4000,87402700
2025-09-08,4070,4070,3890,3900,143993900
2025-09-09,3870,3890,3750,3790,327167200
2025-09-10,3820,3890,3820,3880,118713400
2025-09-11,4000,4120,3980,4080,281910400
2025-09-12,4180,4190,4110,4180,235383800
2025-09-15,4200,4220,4120,4140,157482000
2025-09-16,4160,4170,4080,4130,167511900
2025-09-17,4160,4220,4120,4220,245154800
2025-09-18,4270,4270,4210,4250,332670300
2025-09-19,4230,4250,4180,4250,211373200
2025-09-22,4250,4250,4110,4160,157592800
2025-09-23,4120,4170,4110,4140,110771700
2025-09-24,4140,4170,4100,4170,124591600
2025-09-25,4170,4170,4050,4070,129656800
2025-09-26,4050,4080,4000,4040,146229200
2025-09-29,4040,4040,3960,3980,126611800
2025-09-30,3980,3980,3900,3900,217357100
2025-10-01,3860,3940,3800,3810,223133600
2025-10-02,3760,3790,3710,3710,379620000
2025-10-03,3710,3750,3680,3690,214737100
2025-10-06,3700,3740,3640,3660,190286800
2025-10-07,3690,3720,3670,3710,155933000
2025-10-08,3730,3740,3670,3720,148263700
2025-10-09,3690,3930,3640,3860,479239500
2025-10-10,3790,3790,3690,3730,277252300
2025-10-13,3680,3710,3660,3660,181694400
2025-10-14,3640,3690,3550,3550,278678800
2025-10-15,3570,3590,3450,3500,468733500
2025-10-16,3500,3580,3480,3530,227629500
2025-10-17,3530,3570,3490,3500,244442400
2025-10-20,3550,3730,3540,3680,391510300
2025-10-21,3780,3790,3710,3760,293000200
2025-10-22,3790,3820,3680,3700,329470700
2025-10-23,3720,3820,3700,3820,225902700
2025-10-24,3820,3910,3820,3850,313903600
2025-10-27,3880,3930,3750,3860,332539600
2025-10-28,3850,3860,3780,3850,239026800
2025-10-29,3830,3890,3790,3890,215008600
2025-10-30,3900,3990,3870,3910,287905300
2025-10-31,3930,4020,3920,3980,348755700
2025-11-03,4050,4050,4010,4040,163770500
2025-11-04,4030,4050,3970,3970,241154700
2025-11-05,3940,3990,3910,3980,139859100
2025-11-06,3980,4010,3950,4000,130808100
2025-11-07,4000,4010,3980,3980,87287600
2025-11-10,4010,4020,3930,3930,148552900
2025-11-11,3940,3960,3860,3890,179000200
2025-11-12,3890,3950,3890,3900,111115400
2025-11-13,3900,3910,3870,3870,99373200
2025-11-14,3860,3930,3860,3900,100717300
2025-11-17,3880,3950,3880,3940,140868100
2025-11-18,3950,3990,3930,3970,205257700
2025-11-19,3990,4000,3970,4000,107451000
2025-11-20,4020,4050,3990,3990,183008400
2025-11-21,3980,4000,3940,3960,112666100
2025-11-24,4000,4000,3940,3980,262302000
2025-11-25,3980,3980,3830,3830,396959100
2025-11-26,3800,3830,3780,3790,288419400
2025-11-27,3800,3810,3720,3740,283451800
2025-11-28,3710,3750,3680,3680,353872800
2025-12-01,3680,3730,3660,3670,299669500
2025-12-02,3690,3730,3670,3710,277714300
2025-12-03,3690,3700,3660,3660,225357100
2025-12-04,3660,3690,3650,3690,221121100
2025-12-05,3700,3700,3650,3650,156161100
2025-12-08,3680,3690,3660,3670,124063500
2025-12-09,3700,3700,3650,3680,201089800
2025-12-10,3680,3680,3650,3660,172677700
2025-12-11,3680,3700,3580,3620,327591200
2025-12-12,3640,3640,3580,3630,169747600
2025-12-15,3650,3810,3630,3780,312694100
2025-12-16,3800,3810,3680,3690,237949900
2025-12-17,3690,3780,3680,3750,273544100
2025-12-18,3750,3820,3750,3780,262527300
2025-12-19,3800,3810,3760,3770,228583500
2025-12-22,3770,3780,3750,3760,161680300
2025-12-23,3760,3780,3730,3770,138427000
2025-12-24,3770,3790,3750,3770,121073600
2025-12-29,3780,3790,3760,3780,238061500
2025-12-30,3690,3690,3650,3660,274402200
2026-01-02,3660,3670,3620,3640,191985100
2026-01-05,3630,3660,3590,3630,230544800
2026-01-06,3630,3690,3630,3680,175820800
2026-01-07,3680,3710,3660,3700,195024700
2026-01-08,3710,3760,3700,3710,182019700
2026-01-09,3730,3740,3670,3680,143474700
2026-01-12,3680,3740,3660,3700,215159700
2026-01-13,3700,3730,3670,3720,227620800
2026-01-14,3740,3750,3700,3720,170097000
2026-01-15,3730,3850,3730,3820,407151300
2026-01-19,3850,3900,3810,3840,359652500
2026-01-20,3840,3880,3820,3850,170245800
2026-01-21,3850,3850,3800,3820,273678200
2026-01-22,3850,3850,3790,3810,153742700
2026-01-23,3810,3850,3760,3850,164603900
2026-01-26,3840,3850,3800,3850,120002700
2026-01-27,3850,3850,3780,3820,157633200
2026-01-28,3630,3780,3540,3590,726740400
2026-01-29,3550,3780,3290,3780,781321200
2026-01-30,3780,3890,3740,3810,532329000
2026-02-02,3860,3880,3750,3830,334659200
2026-02-03,3860,3870,3760,3800,201224300
2026-02-04,3820,3880,3800,3870,251005600
2026-02-05,3850,3940,3840,3850,342757200
2026-02-06,3800,3850,3770,3780,279127200
2026-02-09,3790,3800,3710,3770,215606400
2026-02-10,3750,3790,3730,3780,181835800
2026-02-11,3790,3800,3740,3800,147378100
2026-02-12,3780,3790,3760,3790,185678800
2026-02-13,3780,3800,3750,3780,144473700
2026-02-18,3780,3840,3760,3830,135223700
2026-02-19,3850,3850,3770,3770,154562300
2026-02-20,3790,3870,3780,3840,191533500
2026-02-23,3880,3910,3860,3900,193417800
2026-02-24,3880,3890,3860,3870,191295900
2026-02-25,3880,3980,3880,3970,263027700
2026-02-26,3970,3970,3920,3950,146158100
2026-02-27,3950,3950,3880,3910,263179300
2026-03-02,3840,3840,3800,3820,204655700
2026-03-03,3820,3840,3770,3770,113600400
2026-03-04,3770,3770,3660,3690,215661500
2026-03-05,3720,3780,3720,3750,96625300
2026-03-06,3750,3750,3670,3670,136987800
2026-03-09,3590,3630,3560,3570,215587500
2026-03-10,3600,3610,3560,3560,175353400
2026-03-11,3580,3600,3560,3580,101702800
2026-03-12,3580,3610,3570,3570,141366700
2026-03-13,3560,3590,3510,3510,159393900
2026-03-16,3500,3510,3430,3480,160328700
2026-03-17,3500,3530,3480,3480,204208500
2026-03-25,3440,3540,3410,3540,379429300
2026-03-26,3540,3570,3480,3490,162060500
2026-03-27,3460,3490,3420,3420,207067900
2026-03-30,3350,3390,3330,3360,317467700
2026-03-31,3350,3400,3330,3330,298589200
2026-04-01,3400,3440,3330,3350,279604500
2026-04-02,3340,3390,3320,3320,242569200
2026-04-06,3340,3360,3290,3310,184143400
2026-04-07,3310,3320,3220,3230,274336000
2026-04-08,3340,3370,3330,3340,416112900
2026-04-09,3310,3330,3260,3280,319141400
2026-04-10,3290,3400,3290,3390,353451500
2026-04-13,3390,3410,3350,3370,176083800
2026-04-14,3420,3490,3420,3460,280543100
2026-04-15,3500,3510,3400,3400,332898200
2026-04-16,3400,3430,3380,3410,228465700
2026-04-17,3410,3450,3410,3430,209108800
2026-04-20,3440,3470,3420,3440,354461400
2026-04-21,3250,3300,3230,3270,398239800
2026-04-22,3260,3280,3240,3240,223077500
2026-04-23,3240,3270,3150,3160,352657300
2026-04-24,3120,3150,3060,3070,428089200
2026-04-27,3060,3100,3050,3050,216480300
2026-04-28,3050,3080,3020,3070,232596600
2026-04-29,3070,3110,3050,3070,180641600
2026-04-30,3050,3060,2980,2990,382750500
2026-05-04,3010,3040,3000,3040,190480000
2026-05-05,3050,3170,3040,3150,253173500
2026-05-06,3150,3190,3130,3160,185002500
2026-05-07,3200,3330,3190,3310,312904400
2026-05-08,3310,3360,3260,3260,335638700
2026-05-11,3260,3280,3200,3200,196431000
2026-05-12,3200,3240,3170,3220,151508100
2026-05-13,3200,3210,3120,3120,155231500
2026-05-18,3040,3100,3010,3060,348373200
2026-05-19,3060,3140,3040,3040,224758600
2026-05-20,3060,3110,3030,3040,273501800
2026-05-21,3050,3090,3020,3020,173346000
2026-05-22,3020,3070,3000,3050,158136400
2026-05-25,3090,3220,3080,3170,242782900
2026-05-26,3150,3150,3070,3070,185037400
2026-05-29,3060,3080,2950,2950,1074193100
2026-06-02,3000,3040,2980,3040,320974000
2026-06-03,3050,3070,2900,2900,411746000
2026-06-04,2900,2930,2780,2810,493450500
2026-06-05,2780,2830,2730,2740,310053600
2026-06-08,2700,2750,2590,2590,626878600
2026-06-09,2540,2800,2540,2790,873192700
2026-06-10,2790,2910,2730,2880,704423000
2026-06-11,2880,2960,2780,2850,465595800
2026-06-12,2880,2900,2830,2850,450530000
2026-06-15,2890,3050,2890,2990,622216400
2026-06-17,3020,3130,3010,3080,512048000
2026-06-18,3040,3060,2960,2960,356398400
2026-06-19,2960,3000,2910,2930,514857200
2026-06-22,2930,2940,2870,2870,250025400
2026-06-23,2870,2940,2860,2910,271555000
2026-06-24,2930,2980,2800,2810,330171300
2026-06-25,2800,2920,2790,2850,343497900
2026-06-26,2850,2880,2810,2870,200394100
2026-06-29,2880,2890,2830,2840,173099600
2026-06-30,2810,2840,2730,2730,346190100
2026-07-01,2700,2750,2670,2670,302582100
2026-07-02,2680,2730,2630,2690,366662800
2026-07-03,2710,2740,2700,2710,219292600
2026-07-06,2710,2790,2680,2790,257473000
2026-07-07,2810,2890,2800,2860,265534600
2026-07-08,2860,2870,2770,2790,253443100
2026-07-09,2770,2790,2730,2780,244821900
2026-07-10,2790,2810,2760,2790,144957900
2026-07-13,2790,2870,2780,2870,211532100
2026-07-14,2880,2890,2800,2800,273911200
2026-07-15,2840,2870,2810,2830,182403300
2026-07-16,2840,2880,2830,2860,197705800
2026-07-17,2860,3000,2840,2970,441992600
2026-07-20,3000,3080,2990,3020,393555500
2026-07-21,3080,3080,3040,3070,320262200
2026-07-22,3080,3080,3020,3020,200041000
2026-07-23,3030,3070,2990,2990,217693500
2026-07-24,2970,3020,2940,2960,290905700
2026-07-27,2930,2980,2920,2950,201363300
2026-07-28,2930,2970,2920,2930,220772100
2026-07-29,2930,2950,2910,2920,132102100
2026-07-30,2930,3010,2920,2990,220548900
2026-07-31,3000,3040,2980,3040,226634400
2026-08-03,3030,3030,2980,3020,119721600
2026-08-04,3020,3060,3000,3060,191121700
2026-08-05,3060,3070,3020,3020,111460100
2026-08-06,3030,3070,3030,3040,117685400
2026-08-07,3050,3130,3040,3130,349136300
2026-08-10,3140,3160,3090,3090,232230700
2026-08-11,3100,3110,3060,3090,179274900
2026-08-12,3090,3130,3080,3130,158307500
2026-08-13,3130,3130,3080,3110,165084600
2026-08-14,3110,3150,3090,3120,118492200